date,Open,High,Low,Close,Volume,Raw_Close
2020-07-13 00:00:00+00:00,294.0746473637403,296.4446613899123,288.5629868377589,289.2152,102997508,314.84
2020-07-14 00:00:00+00:00,287.80051182114636,293.7347323968393,286.60631882603786,292.9631,93656953,318.92
2020-07-15 00:00:00+00:00,296.1690215504117,296.74774579462485,293.2799933789032,295.6546,87196523,321.85
2020-07-16 00:00:00+00:00,293.76229000592286,295.13101889709776,293.11926301006883,294.6809,54622520,320.79
2020-07-17 00:00:00+00:00,295.68217759542455,296.3160184756931,293.7117592067636,295.5352,62774910,321.72
2020-07-20 00:00:00+00:00,295.26881705722747,298.66767411198816,294.5247429452393,297.9236,56308848,324.32
2020-07-21 00:00:00+00:00,299.88019824005414,300.32113098673886,297.57448741884866,298.5574,57498969,325.01
2020-07-22 00:00:00+00:00,298.1992133574007,300.56922743682304,298.0889801444043,300.2569,57792922,326.86
2020-07-23 00:00:00+00:00,299.8986212565024,300.59676489038895,295.31475713401045,296.6743,75737992,322.96
2020-07-24 00:00:00+00:00,294.8279027050611,295.7832571802543,293.26259114185984,294.7636,73766602,320.88
2020-07-27 00:00:00+00:00,295.4525102190458,297.0876358857744,294.667098733061,296.9131,48292969,323.22
2020-07-28 00:00:00+00:00,296.187448703179,297.29896690226354,294.7360447737958,295.03,57494980,321.17
2020-07-29 00:00:00+00:00,295.9026698449803,299.2188521315207,295.861332392655,298.6585,48454160,325.12
2020-07-30 00:00:00+00:00,295.70056337202124,298.0062745061119,293.62450474132606,297.5929,61861711,323.96
2020-07-31 00:00:00+00:00,299.3749618706358,300.04554708746787,295.17691469128994,299.9445,85210758,326.52
2020-08-03 00:00:00+00:00,301.59805327412636,302.7922463456918,301.05607334164665,302.0298,53077953,328.79
2020-08-04 00:00:00+00:00,301.17545811064656,303.1964,301.17545811064656,303.1964,41917887,330.06
2020-08-05 00:00:00+00:00,304.4916895365993,305.3368108277378,304.22529260787087,305.0796,42866352,332.11
2020-08-06 00:00:00+00:00,304.50086134059165,307.23831930727124,304.1793478210152,307.1189,43679449,334.33
2020-08-07 00:00:00+00:00,306.1542932839166,307.624069055803,305.2540556236363,307.3393,57308273,334.57
2020-08-10 00:00:00+00:00,307.7894089876926,308.44162196561075,305.85573529963943,308.2579,44282090,335.57
2020-08-11 00:00:00+00:00,309.4337704026442,310.0676112860577,304.98769811899035,305.7134,69601086,332.8
2020-08-12 00:00:00+00:00,308.1384803461356,310.747332254623,305.74798199350994,309.9757,53826129,337.44
2020-08-13 00:00:00+00:00,309.21330580411484,310.72111222741444,308.4967900187038,309.4154,41816152,336.83
2020-08-14 00:00:00+00:00,309.02959769029815,309.95739381308636,308.3038957724736,309.4246,47260391,336.84
2020-08-17 00:00:00+00:00,310.4350582995472,310.8025022935101,309.4353350529727,310.4075,35480969,337.91
2020-08-18 00:00:00+00:00,310.8025169914954,311.5006606130404,309.2133216424522,311.0781,38733910,338.64
2020-08-19 00:00:00+00:00,311.45466992853545,311.96909144500785,309.2224479909854,309.7828,68054242,337.23
2020-08-20 00:00:00+00:00,308.06505872058653,311.2250772141422,307.9364533167791,310.7474,42207832,338.28
2020-08-21 00:00:00+00:00,310.41666850477196,312.0701663838812,310.0767828296217,311.8497,55106633,339.48
2020-08-24 00:00:00+00:00,314.2748120961157,315.0831887903884,311.8224911608538,315.0097,48588660,342.92
2020-08-25 00:00:00+00:00,315.57012005405085,316.19477490700916,314.4126713559223,316.1121,38463379,344.12
2020-08-26 00:00:00+00:00,316.7000057197111,319.54769691860633,316.1580257818569,319.2813,50790238,347.57
2020-08-27 00:00:00+00:00,320.14474978899324,321.4216176039962,318.32590211006806,319.9794,58034141,348.33
2020-08-28 00:00:00+00:00,320.9990845798391,322.17490540247593,319.8140776570255,322.0463,48588941,350.58
2020-08-31 00:00:00+00:00,321.83495422404167,322.7076335633105,320.64994754229764,320.8796,66099180,349.31
2020-09-01 00:00:00+00:00,321.7064220051049,324.00294710436754,320.81537026659106,323.9019,54999328,352.6
2020-09-02 00:00:00+00:00,325.80341167458766,329.5513405088063,324.66433526418786,328.5868,69540039,357.7
2020-09-03 00:00:00+00:00,326.90573256029415,327.3742236486291,314.70659206404355,317.2787,148011109,345.39
2020-09-04 00:00:00+00:00,317.9584513121406,319.52008817467964,307.6149036226173,314.6882,139156297,342.57
2020-09-08 00:00:00+00:00,309.3051345998019,314.752491221752,305.7868587377329,306.09,114465297,333.21
2020-09-09 00:00:00+00:00,310.0768135466023,314.5871887636481,309.21332012419435,312.1345,91462289,339.79
2020-09-10 00:00:00+00:00,313.9992774686274,314.65149058372515,305.759345577885,306.7147,90569555,333.89
2020-09-11 00:00:00+00:00,308.48755330180205,309.54395460695685,304.05985391845775,306.8708,84680195,334.06
2020-09-14 00:00:00+00:00,310.02164841635647,312.67643096968624,307.0185289965136,310.9127,65605688,338.46
2020-09-15 00:00:00+00:00,313.3562796013758,314.183028697416,310.9204011814093,312.4836,52920859,340.17
2020-09-16 00:00:00+00:00,313.7144605808394,315.1383058969364,310.9678170355941,311.2434,82211266,338.82
2020-09-17 00:00:00+00:00,306.41156908051454,310.214247253454,305.88887996069553,308.506,91523344,335.84
2020-09-18 00:00:00+00:00,309.3075975442311,309.4182720580675,302.4826691909875,304.9544,105877906,330.65
2020-09-21 00:00:00+00:00,300.38909465700215,301.7079660274643,296.7276126005444,301.5604,99450828,326.97
2020-09-22 00:00:00+00:00,303.03604242204057,305.1849725703905,300.5366429791099,304.6316,63612113,330.3
2020-09-23 00:00:00+00:00,305.1849963116786,305.4616826183982,297.0688646479048,297.5669,93112242,322.64
2020-09-24 00:00:00+00:00,296.2572838392581,301.4008828429675,294.9476351777434,298.3601,76681328,323.5
2020-09-25 00:00:00+00:00,297.51162944057427,303.9676447114653,296.6446788184832,303.1837,71069430,328.73
2020-09-28 00:00:00+00:00,307.32468100780994,308.9294614680271,306.33783325353835,308.2193,64584609,334.19
2020-09-29 00:00:00+00:00,308.01646049884164,308.75429074826246,305.84991420019855,306.5408,51531594,332.37
2020-09-30 00:00:00+00:00,307.20478228970705,312.00067789722,307.0111018901729,308.8649,104081102,334.89
2020-10-01 00:00:00+00:00,311.4473871083551,312.4157893603133,308.9756556462141,310.8479,88698750,337.04
2020-10-02 00:00:00+00:00,305.9228044871795,310.82254971213763,305.4524377995447,307.8965,89431109,333.84
2020-10-05 00:00:00+00:00,309.944035171886,313.54095755827643,309.89792078231693,313.3565,45713113,339.76
2020-10-06 00:00:00+00:00,313.4947924581256,315.57916252948377,308.3945417967933,308.9018,90128883,334.93
2020-10-07 00:00:00+00:00,311.84396013616623,315.0811904096725,311.8162915013499,314.2788,56999602,340.76
2020-10-08 00:00:00+00:00,316.20637234568625,317.12866014602366,315.2933074233522,317.0641,45242480,343.78
2020-10-09 00:00:00+00:00,318.7057488251405,320.3566438662246,318.0878160443996,319.8955,59528609,346.85
2020-10-12 00:00:00+00:00,322.4226025622109,326.5083376500298,321.933790012201,325.0419,80388531,352.43
2020-10-13 00:00:00+00:00,324.9035186016622,325.0742340589495,321.96142076942846,322.9206,73255516,350.13
2020-10-14 00:00:00+00:00,323.4924516425718,324.5807512660593,320.1629926249533,320.8916,57958754,347.93
2020-10-15 00:00:00+00:00,316.999529352518,320.9745896402878,316.46460244604316,320.495,60357660,347.5
2020-10-16 00:00:00+00:00,321.841520481442,323.49241548849665,320.1260653344467,320.3013,89501875,347.29
2020-10-19 00:00:00+00:00,321.55559001198793,322.18274561562527,314.53698097716443,315.4316,68425609,342.01
2020-10-20 00:00:00+00:00,316.76898302754967,319.92320745529736,316.01270699516573,316.6952,60051879,343.38
2020-10-21 00:00:00+00:00,316.649072684037,321.5876472027252,315.7913450237796,316.0957,63574980,342.73
2020-10-22 00:00:00+00:00,316.3078251240533,318.4106413162706,314.1773402977279,317.8296,55399289,344.61
2020-10-23 00:00:00+00:00,319.0470431806351,319.1023804528892,316.46463714211353,318.9087,49143930,345.78
2020-10-26 00:00:00+00:00,315.54226811632634,316.32621260496774,309.538175620967,313.0152,91473000,339.39
2020-10-27 00:00:00+00:00,313.35652330435806,313.68854693394826,311.7240737922062,311.9362,65994109,338.22
2020-10-28 00:00:00+00:00,306.2917450866344,311.962246551001,300.78568751913303,301.2745,127094305,326.66
2020-10-29 00:00:00+00:00,301.5050767167707,307.48611254469967,299.82651307655004,304.3365,90597688,329.98
2020-10-30 00:00:00+00:00,302.76858046181167,304.0690060084522,297.52998677038033,301.1638,120448703,326.54
2020-11-02 00:00:00+00:00,304.5394,306.5315414415506,301.8094283949122,304.5394,86068305,330.2
2020-11-03 00:00:00+00:00,307.75824633514867,311.96387911793596,304.6256955134959,309.9164,93294195,336.03
2020-11-04 00:00:00+00:00,314.37096909239096,320.9007656692088,313.19966377423293,316.8427,126959695,343.54
2020-11-05 00:00:00+00:00,322.09981214024674,324.820561326519,321.7493427535405,323.0221,82039750,350.24
2020-11-06 00:00:00+00:00,322.73617380340414,324.1933885452365,320.63335759367146,322.9483,74972969,350.16
2020-11-09 00:00:00+00:00,335.68502654275727,336.0631644686372,326.5451561879513,327.0063,172304188,354.56
2020-11-10 00:00:00+00:00,326.01954166760817,327.5782081798667,323.27112379392156,326.5268,85552016,354.04
2020-11-11 00:00:00+00:00,328.70338228614685,329.7732361678863,327.467516595172,328.9524,58649047,356.67
2020-11-12 00:00:00+00:00,327.9471222615441,328.9968703198098,323.96283864556494,325.7613,68118562,353.21
2020-11-13 00:00:00+00:00,327.6611260094945,331.0090301033231,327.1446449371684,330.2712,62959434,358.1
2020-11-16 00:00:00+00:00,332.92746234382327,334.58758044515537,331.6454822544612,334.3939,74541133,362.57
2020-11-17 00:00:00+00:00,331.9959129776496,333.79437404470076,330.4925839831401,332.5954,66111008,360.62
2020-11-18 00:00:00+00:00,332.86289254799595,333.40704235432804,328.5558084877063,328.5927,70591297,356.28
2020-11-19 00:00:00+00:00,327.9655127732126,330.34501508748394,326.62819558108333,329.9761,59940953,357.78
2020-11-20 00:00:00+00:00,329.7178643795908,329.9207676807475,327.6427169813976,327.7165,70411891,355.33
2020-11-23 00:00:00+00:00,329.51498819448324,330.9353114194595,327.28766313713425,329.681,63230609,357.46
2020-11-24 00:00:00+00:00,332.2173135124717,335.5375498430703,331.3688086724299,334.9934,62415879,363.22
2020-11-25 00:00:00+00:00,334.9103752743616,334.9380439088954,333.3886003750069,334.4769,45330887,362.66
2020-11-27 00:00:00+00:00,335.5651889240245,335.87876677207356,334.4031063106662,335.4084,28514070,363.67
2020-11-30 00:00:00+00:00,334.6336615616196,334.9011250069049,331.2580884245705,333.9235,83872711,362.06
2020-12-01 00:00:00+00:00,337.1607704660948,339.1067978361839,336.5705062400962,337.5758,74504969,366.02
2020-12-02 00:00:00+00:00,336.46899326044877,338.4426889064587,335.8971748957169,338.2859,45927000,366.79
2020-12-03 00:00:00+00:00,338.1844771223649,339.57713164525893,337.0961775614279,338.1937,62882000,366.69
2020-12-04 00:00:00+00:00,338.77471215898333,341.1081,338.68248339056373,341.1081,50749859,369.85
2020-12-07 00:00:00+00:00,340.342639854778,340.8960125281097,339.143665729226,340.4072,48944273,369.09
2020-12-08 00:00:00+00:00,339.1436947240457,341.9658955993192,339.09758033065884,341.4033,42458859,370.17
2020-12-09 00:00:00+00:00,342.05812005997,342.21490899550224,337.5112409295352,338.3413,74098312,366.85
2020-12-10 00:00:00+00:00,336.97628861014914,339.27278519892013,336.10933809069337,338.2306,57735352,366.73
2020-12-11 00:00:00+00:00,336.54279716079714,338.23999106415505,335.03024526344524,337.834,57698609,366.3
2020-12-14 00:00:00+00:00,339.99210468929954,341.06195831733663,336.14616535402837,336.3214,69216172,364.66
2020-12-15 00:00:00+00:00,338.8484900024351,340.8683,337.48350425065615,340.8683,64071102,369.59
2020-12-16 00:00:00+00:00,341.0804992462922,342.3163649890591,340.20211228106,341.4033,58420520,370.17
2020-12-17 00:00:00+00:00,343.0357136686009,343.5153033096927,342.21487755211695,343.3124,64119473,372.24
2020-12-18 00:00:00+00:00,343.5995323473644,343.7662518012893,339.940966552901,341.9416,136542297,369.18
2020-12-21 00:00:00+00:00,338.04222647202744,350.53692366661227,335.3191419833632,340.719,96386750,367.86
2020-12-22 00:00:00+00:00,341.0431325209672,341.1558533846803,339.02397489652543,340.1447,48388461,367.24
2020-12-23 00:00:00+00:00,341.1080156487199,342.349149408276,340.1236298579318,340.4504,46201398,367.57
2020-12-24 00:00:00+00:00,340.92277829810297,341.80268657723576,340.33926017615175,341.7749,26457850,369.0
2020-12-28 00:00:00+00:00,344.3127257436118,345.10001206437914,343.69215887900685,344.711,39000398,372.17
2020-12-29 00:00:00+00:00,346.2300152210198,346.40599687718736,343.4698818769181,344.0534,53680449,371.46
2020-12-30 00:00:00+00:00,344.868476738622,345.5724033710584,344.1552879136536,344.5443,49455262,371.99
2020-12-31 00:00:00+00:00,344.3497398737563,347.0172509040334,343.8421718027175,346.2948,78520703,373.88
2021-01-04 00:00:00+00:00,347.6193495593698,347.7490202554299,337.9033095474389,341.5804,110210797,368.79
2021-01-05 00:00:00+00:00,340.94131177120084,345.01667654108206,340.89500080790674,343.933,66426234,371.33
2021-01-06 00:00:00+00:00,342.43251808860924,349.1661320198099,341.886048732432,345.9892,107997695,373.55
2021-01-07 00:00:00+00:00,348.35104238987077,351.8706753627011,348.17506074122923,351.1297,68766805,379.1
2021-01-08 00:00:00+00:00,352.50973319257196,353.34333039657974,349.27722847925304,353.1303,71677211,381.26
2021-01-11 00:00:00+00:00,349.9718759803534,352.500454044205,349.85044866014425,350.7499,51176719,378.69
2021-01-12 00:00:00+00:00,350.93514628930484,351.83357879451916,348.59181202312755,350.824,52547719,378.77
2021-01-13 00:00:00+00:00,350.7499588509439,352.75985457226363,349.9719347007557,351.7688,45303621,379.79
2021-01-14 00:00:00+00:00,352.5097467922634,353.00990513396397,350.203461105533,350.5369,49989113,378.46
2021-01-15 00:00:00+00:00,348.92524343891404,349.7217918285866,346.1280618844823,347.9805,107160000,375.7
2021-01-19 00:00:00+00:00,350.4257720480655,351.2501071358775,348.95308352040144,350.7129,51233301,378.65
2021-01-20 00:00:00+00:00,352.9914105420824,356.39989730652013,352.60239846570636,355.5663,61836059,383.89
2021-01-21 00:00:00+00:00,356.1219547574433,356.54801551113883,354.97344316052465,355.8904,47955809,384.24
2021-01-22 00:00:00+00:00,354.04728191600503,355.78449861178444,353.66290095591313,354.6308,52136930,382.88
2021-01-25 00:00:00+00:00,355.3625221727933,356.3813632976925,350.5369201175889,356.0294,70401969,384.39
2021-01-26 00:00:00+00:00,356.97407482216835,357.3816111936215,355.2420452434925,355.4736,42665281,383.79
2021-01-27 00:00:00+00:00,352.1670330760397,352.25965498784757,344.5627741166101,346.7857,123351102,374.41
2021-01-28 00:00:00+00:00,348.5918018060006,353.75084191669094,348.15647885231573,349.7681,94198094,377.63
2021-01-29 00:00:00+00:00,347.91567816088843,348.87894601832085,341.098705631367,342.7659,126765102,370.07
2021-02-01 00:00:00+00:00,346.14659013901075,349.4995031656168,343.04931357520667,348.4714,75817602,376.23
2021-02-02 00:00:00+00:00,351.63908369807365,354.9456859074827,348.5530142578693,353.3989,64450660,381.55
2021-02-03 00:00:00+00:00,354.21863822967134,355.39030551263585,352.40787970145345,353.6768,52427090,381.85
2021-02-04 00:00:00+00:00,354.70491192418234,357.74291096092594,353.78378691136487,357.6966,47142559,386.19
2021-02-05 00:00:00+00:00,359.5582473498233,359.8083265017668,357.6543114063605,359.1044,48669770,387.71
2021-02-08 00:00:00+00:00,360.5492883818596,361.7441109523444,359.6971668587232,361.6978,38365191,390.51
2021-02-09 00:00:00+00:00,360.8642197821909,362.0497802178091,360.4566833824472,361.457,35551059,390.25
2021-02-10 00:00:00+00:00,363.18908724364235,363.33728232157506,358.9099543683347,361.2996,59154367,390.08
2021-02-11 00:00:00+00:00,362.3739961710732,362.79079480689006,359.46566791226235,361.8831,42913289,390.71
2021-02-12 00:00:00+00:00,361.0865484795233,363.9115169875713,361.0124509448859,363.6707,50593273,392.64
2021-02-16 00:00:00+00:00,364.8933239051746,365.0878299413714,362.6426112006117,363.3558,50972367,392.3
2021-02-17 00:00:00+00:00,361.6144484365045,363.6891791482964,360.60486965264147,363.4391,52806680,392.39
2021-02-18 00:00:00+00:00,360.8456724943693,362.6286441300675,359.132167286036,361.8923,59712770,390.72
2021-02-19 00:00:00+00:00,363.1427873009769,363.4299152731842,360.8087147527114,361.2533,83240969,390.03
2021-02-22 00:00:00+00:00,358.5023865746842,360.87350761439683,358.2059964447201,358.4746,67414172,387.03
2021-02-23 00:00:00+00:00,356.27943776516133,360.2482865948387,352.14850059354836,358.9099,107284094,387.5
2021-02-24 00:00:00+00:00,357.826267496235,363.29096083671544,356.84447513336903,362.8649,72433953,391.77
2021-02-25 00:00:00+00:00,361.60525141631575,362.9667936913138,352.6847413450684,354.1214,146670500,382.33
2021-02-26 00:00:00+00:00,355.99231424177094,357.13156374487323,350.32385329950574,352.2967,152701594,380.36
2021-03-01 00:00:00+00:00,357.14088514554135,362.0776338107706,352.4931168899841,360.8365,105348797,389.58
2021-03-02 00:00:00+00:00,361.05879923423186,361.2903540539142,357.52064158948616,358.0208,79595328,386.54
2021-03-03 00:00:00+00:00,357.32607759163125,358.2893454852918,353.1766158958628,353.2785,119940203,381.42
2021-03-04 00:00:00+00:00,353.09331111229096,355.66820069020434,344.4424231059198,348.9068,183432984,376.7
2021-03-05 00:00:00+00:00,352.38938490211916,356.3721277793707,345.1463501811641,355.3255,152039594,383.63
2021-03-08 00:00:00+00:00,356.279484501729,359.07666654092003,353.2785342345174,353.5564,123149203,381.72
2021-03-09 00:00:00+00:00,357.3816906139422,361.1421406953018,353.56557475674765,358.6043,113633602,387.17
2021-03-10 00:00:00+00:00,360.9383841187946,362.5222190564197,359.53071608475796,360.8365,109899398,389.58
2021-03-11 00:00:00+00:00,363.29091517800424,366.458584478947,362.83706782202125,364.495,86245039,393.53
2021-03-12 00:00:00+00:00,363.1427239836573,365.12483286555346,362.3369133634472,364.9859,64653566,394.06
2021-03-15 00:00:00+00:00,365.23596434247366,367.4172102431826,363.1056604904013,367.1625,73592305,396.41
2021-03-16 00:00:00+00:00,367.77381414462883,368.4777406531788,365.93063815513625,366.6994,73722516,395.91
2021-03-17 00:00:00+00:00,365.4212218547047,368.74634842672305,364.2819723606706,367.9498,97959273,397.26
2021-03-18 00:00:00+00:00,365.37032656202103,367.4496887095126,361.92015996985793,362.5963,115349102,391.48
2021-03-19 00:00:00+00:00,362.29690093457947,363.86640813084114,359.7600420560748,361.9252,113624492,389.48
2021-03-22 00:00:00+00:00,362.4362145062278,366.19039317608696,362.3804593774676,364.8151,73778648,392.59
2021-03-23 00:00:00+00:00,364.1831976046213,365.6235383876765,361.1631282207959,361.9437,90686555,389.5
2021-03-24 00:00:00+00:00,363.3375975433526,364.9637888367052,360.05733739161855,360.1038,97588641,387.52
2021-03-25 00:00:00+00:00,358.6727816474211,362.9194644085194,356.7399369771619,362.1296,116128602,389.7
2021-03-26 00:00:00+00:00,363.2725762134451,368.3648784610334,362.67785478306985,367.9653,114409102,395.98
2021-03-29 00:00:00+00:00,366.49703208853407,368.6807745464653,365.01952123401895,367.7794,108107602,395.78
2021-03-30 00:00:00+00:00,366.51563183441846,367.4727615458668,365.2146788285663,366.8037,76262250,394.73
2021-03-31 00:00:00+00:00,367.37054038301414,369.84235107107713,367.34266281886306,368.2905,112734203,396.33
2021-04-01 00:00:00+00:00,370.21405276952646,372.32345512842915,370.0096172986196,372.2677,99682883,400.61
2021-04-05 00:00:00+00:00,374.9160687912196,378.14986624175606,374.8417286199429,377.6109,91684758,406.36
2021-04-06 00:00:00+00:00,377.0533692110706,378.42866245444696,376.71883842214123,377.3879,62020953,406.12
2021-04-07 00:00:00+00:00,377.22068599326104,378.1685233576822,376.7653523574117,377.8247,55836281,406.59
2021-04-08 00:00:00+00:00,379.06984121462847,379.67385513071576,378.14058903603257,379.6181,57863113,408.52
2021-04-09 00:00:00+00:00,379.4973180879243,382.54526540134634,379.3765152980631,382.378,61104559,411.49
2021-04-12 00:00:00+00:00,381.78329071518806,382.78688315518417,381.17927674667186,382.5174,56704898,411.64
2021-04-13 00:00:00+00:00,382.41519445574767,384.27276978128174,382.034201017294,383.6511,56550992,412.86
2021-04-14 00:00:00+00:00,383.62316797666784,384.6732229140843,381.8018337489367,382.3408,61659910,411.45
2021-04-15 00:00:00+00:00,384.46879287758196,386.7175831293433,384.42233026907445,386.4481,60229840,415.87
2021-04-16 00:00:00+00:00,387.73050747735226,388.34381397210376,386.31804403489434,387.7398,82037281,417.26
2021-04-19 00:00:00+00:00,386.810514794923,387.2565558440307,384.51526189638975,385.8348,78498492,415.21
2021-04-20 00:00:00+00:00,384.62679891549607,385.71950663660624,381.54168144454957,383.0099,81851828,412.17
2021-04-21 00:00:00+00:00,382.39660956089125,386.8384355036413,382.25722171749953,386.634,66792977,416.07
2021-04-22 00:00:00+00:00,386.46669292453976,387.2937273728382,382.04345250442674,383.1028,97582789,412.27
2021-04-23 00:00:00+00:00,383.66039363152083,388.659770960311,383.5860534481931,387.2566,73276203,416.74
2021-04-26 00:00:00+00:00,387.90702713057635,388.6318438255789,387.32262043892626,388.065,52182391,417.61
2021-04-27 00:00:00+00:00,388.36239342306953,388.5575363958613,386.84771225330525,387.9814,51303059,417.52
2021-04-28 00:00:00+00:00,388.2508934331576,389.36599616435075,387.40527386200284,387.8699,51238848,417.4
2021-04-29 00:00:00+00:00,390.58330558491645,390.9550064847879,386.9778068561634,390.3417,78544328,420.06
2021-04-30 00:00:00+00:00,388.083653271028,388.92927289719626,386.8849177570093,387.777,85527031,417.3
2021-05-03 00:00:00+00:00,389.75628029411763,390.13727372549016,388.1161500346724,388.6133,68128289,418.2
2021-05-04 00:00:00+00:00,386.63396349068864,387.1264671574997,382.5452538039556,386.2158,101591203,415.62
2021-05-05 00:00:00+00:00,387.8512810775706,388.0835941262778,385.5839057221888,386.3366,60162207,415.75
2021-05-06 00:00:00+00:00,386.41092302240673,389.55179530150093,384.4083846314458,389.4217,74321367,419.07
2021-05-07 00:00:00+00:00,390.1837672699706,392.9018303799867,389.50541305789824,392.256,67733789,422.12
2021-05-10 00:00:00+00:00,392.60909041967744,392.8321109680815,388.2508972029477,388.3717,81852445,417.94
2021-05-11 00:00:00+00:00,383.8741299340914,385.8906074503271,381.0492029067381,384.9056,116888000,414.21
2021-05-12 00:00:00+00:00,382.1363473101304,383.4001301867245,375.4178545176487,376.7281,134811016,405.41
2021-05-13 00:00:00+00:00,378.27070038022816,383.1771520912548,378.2242377693283,381.2536,106394000,410.28
2021-05-14 00:00:00+00:00,383.9763199361467,387.95351954246485,383.9484423688127,387.1079,82201633,416.58
2021-05-17 00:00:00+00:00,386.0020972059107,386.9313494681363,384.11571511359267,386.1229,64882406,415.52
2021-05-18 00:00:00+00:00,386.3831139486333,386.62471955139097,382.6382271058892,382.7962,59810238,411.94
2021-05-19 00:00:00+00:00,378.13134593778904,381.96915793701015,376.65383478070385,381.7926,106467102,410.86
2021-05-20 00:00:00+00:00,382.66610195530734,387.14974435922755,382.5452991547872,385.8999,78022227,415.28
2021-05-21 00:00:00+00:00,387.37735670940384,388.6132621101846,385.1285664312913,385.5839,76578656,414.94
2021-05-24 00:00:00+00:00,387.81416823245934,390.5833401817878,387.5725626261421,389.5147,51376699,419.17
2021-05-25 00:00:00+00:00,390.59263739718824,390.94575328758606,388.07436354724564,388.6505,57451398,418.24
2021-05-26 00:00:00+00:00,389.23584956928437,389.9234961629322,388.2043796788126,389.4217,43088621,419.07
2021-05-27 00:00:00+00:00,390.4439420305755,390.9550307996852,389.3428709714517,389.6262,56707680,419.29
2021-05-28 00:00:00+00:00,391.1873045590896,391.44749517903057,390.09078694648133,390.3231,58520160,420.04
2021-06-01 00:00:00+00:00,392.6741315819573,392.8135194224034,389.542551433269,389.9793,54216633,419.67
2021-06-02 00:00:00+00:00,390.62977009016726,391.42892702876316,389.62617765565153,390.5926,49097059,420.33
2021-06-03 00:00:00+00:00,388.28808785252045,390.27668784774454,386.8291616877999,389.143,58138762,418.77
2021-06-04 00:00:00+00:00,390.982883341221,392.9993607193564,389.21005590250826,392.702,55938793,422.6
2021-06-07 00:00:00+00:00,392.6927008929629,392.8692588171203,391.39174776759285,392.321,51555031,422.19
2021-06-08 00:00:00+00:00,393.1758792886237,393.2688045041205,390.58326577626224,392.4046,47134281,422.28
2021-06-09 00:00:00+00:00,393.24095590181435,393.31529607968696,391.5961794663821,391.8192,48436340,421.65
2021-06-10 00:00:00+00:00,393.0364861075045,394.5883371851467,391.72624058686057,393.6405,51020152,423.61
2021-06-11 00:00:00+00:00,394.18878225825455,394.40251026372226,392.9064142254484,394.291,45570832,424.31
2021-06-14 00:00:00+00:00,394.402520655599,395.2760177444388,393.1666152001129,395.1738,42358480,425.26
2021-06-15 00:00:00+00:00,395.3224971258952,395.35966721635884,393.5755028741048,394.449,51508512,424.48
2021-06-16 00:00:00+00:00,394.5884158655326,394.8114364241548,390.21163740257276,392.2467,80386078,422.11
2021-06-17 00:00:00+00:00,391.8378243050454,393.09231493234114,389.6540813612342,392.1166,90949664,421.97
2021-06-18 00:00:00+00:00,388.8496736575725,389.53779838874965,386.62149575821843,386.8266,118676305,414.92
2021-06-21 00:00:00+00:00,388.57929458727364,392.55085839471553,387.7682005702609,392.3644,72822031,420.86
2021-06-22 00:00:00+00:00,392.35511990971617,395.2918399470587,391.6372550116991,394.4621,57700301,423.11
2021-06-23 00:00:00+00:00,394.5366522811169,395.3384234027449,393.90269371982964,393.9866,49445406,422.6
2021-06-24 00:00:00+00:00,396.1216186450247,396.7369314749471,395.86989976005646,396.3174,45110289,425.1
2021-06-25 00:00:00+00:00,397.0631726635568,398.17660902681604,396.7368704554511,397.7251,58129527,426.61
2021-06-28 00:00:00+00:00,398.2472123727981,398.6947125763211,397.05387849673656,398.5269,53159578,427.47
2021-06-29 00:00:00+00:00,398.909112564882,399.5430711433248,398.2098935445406,398.7413,35970520,427.7
2021-06-30 00:00:00+00:00,398.28445182684675,399.7481502172593,398.2564830677943,399.0769,64827859,428.06
2021-07-01 00:00:00+00:00,399.83212428269405,401.44498966150127,399.76686383384055,401.2865,53441031,430.43
2021-07-02 00:00:00+00:00,402.4425013349627,404.7079709720557,401.37204362413536,404.3537,57697672,433.72
2021-07-06 00:00:00+00:00,404.40964824798465,404.6240754209687,400.89490719515857,403.6172,68710414,432.93
2021-07-07 00:00:00+00:00,404.29776636744475,405.32328761220833,402.2933384799522,405.0436,63549461,434.46
2021-07-08 00:00:00+00:00,399.74819496426244,402.49845657894735,398.57350695256656,401.7433,97595234,430.92
2021-07-09 00:00:00+00:00,403.24424700128577,406.33013343130045,401.5512047786554,406.0318,76238578,435.52
2021-07-12 00:00:00+00:00,405.94791815228336,407.7379188478082,405.51906381898056,407.4862,52889594,437.08
2021-07-13 00:00:00+00:00,406.70308984136466,408.19475714318514,405.83605822218146,406.0971,52911312,435.59
2021-07-14 00:00:00+00:00,407.78455882083256,408.2693507060334,405.46315152439024,406.7031,64130352,436.24
2021-07-15 00:00:00+00:00,405.36993752731456,406.0411878550891,403.42144699252447,405.314,55126359,434.75
2021-07-16 00:00:00+00:00,406.48870438401264,406.53531899197856,401.7433372930867,402.1349,75874656,431.34
2021-07-19 00:00:00+00:00,397.33359643739556,402.19913600061176,393.399323514601,396.1962,147987016,424.97
2021-07-20 00:00:00+00:00,396.8580689092006,403.1417171530646,396.0656206885352,401.8738,99608172,431.06
2021-07-21 00:00:00+00:00,403.06713462202276,405.2673438039351,401.82821174836033,405.1275,64724391,434.55
2021-07-22 00:00:00+00:00,405.30464971754014,406.21829593533283,404.3257430556194,405.9759,47878539,435.46
2021-07-23 00:00:00+00:00,407.89645304359686,410.48822516706826,407.21587978815296,410.1526,63766641,439.94
2021-07-26 00:00:00+00:00,409.56518074917244,411.1687229195955,409.518566151195,411.1594,43719191,441.02
2021-07-27 00:00:00+00:00,410.1245627776133,410.15253153686706,406.4699782351199,409.2855,67397133,439.01
2021-07-28 00:00:00+00:00,409.9101482031766,410.48816924549374,407.70061615431945,409.1177,52472359,438.83
2021-07-29 00:00:00+00:00,410.03603612277317,411.8866358788154,410.0313746624305,410.8145,47435340,440.65
2021-07-30 00:00:00+00:00,408.26002475200113,410.2644527239972,408.1295038608013,408.8194,68951203,438.51
2021-08-02 00:00:00+00:00,410.52550327475495,411.07555561370236,407.6074290020339,407.9617,58783301,437.59
2021-08-03 00:00:00+00:00,408.75408877705996,411.40179795534397,406.5725255808682,411.2806,58053898,441.15
2021-08-04 00:00:00+00:00,410.00343370540793,411.2567140181329,409.02452696706,409.2576,46732207,438.98
2021-08-05 00:00:00+00:00,410.413570368526,411.9332062771641,410.09659109923945,411.8493,38969660,441.76
2021-08-06 00:00:00+00:00,412.1663061086126,412.9494314131393,411.8866184998531,412.5299,46930008,442.49
2021-08-09 00:00:00+00:00,412.50195638839256,412.81427423721533,411.42982048944884,412.1943,41222594,442.13
2021-08-10 00:00:00+00:00,412.6418395477546,413.41564205295026,411.96126626005247,412.7071,43339281,442.68
2021-08-11 00:00:00+00:00,413.7698916850692,413.82769379692644,412.65114113299387,413.7326,44034340,443.78
2021-08-12 00:00:00+00:00,413.5833848936218,415.10973338500594,412.6883845566265,414.9725,38942422,445.11
2021-08-13 00:00:00+00:00,415.4200436019914,415.7463458423036,414.93525170209904,415.7277,39470246,445.92
2021-08-16 00:00:00+00:00,414.431807275656,416.83712089401973,412.88420238942206,416.7066,73930867,446.97
2021-08-17 00:00:00+00:00,414.1614584271687,414.83270876497613,411.0009880866589,413.975,92673930,444.04
2021-08-18 00:00:00+00:00,412.9680637551801,414.5203299330571,409.20160408033155,409.444,89351930,439.18
2021-08-19 00:00:00+00:00,406.73107138635015,411.27133387896146,406.59122757240937,410.078,92812250,439.86
2021-08-20 00:00:00+00:00,410.4229259067124,413.66730221490434,409.93813404456876,413.341,72008711,443.36
2021-08-23 00:00:00+00:00,415.0191864240039,417.88132341367435,413.4114485612395,416.977,54973039,447.26
2021-08-24 00:00:00+00:00,417.6389,418.1703065071322,417.12613933522334,417.6389,38744711,447.97
2021-08-25 00:00:00+00:00,417.8253039228353,419.02516372190416,417.4523871243679,418.5152,40529711,448.91
2021-08-26 00:00:00+00:00,418.23558657957244,418.4686596199525,415.951470783848,416.0447,57829566,446.26
2021-08-27 00:00:00+00:00,416.84642585230426,420.13741682398665,416.79048832870626,419.7645,77235109,450.25
2021-08-30 00:00:00+00:00,420.43571211109395,422.39352525927075,420.1933161975101,421.6104,48357359,452.23
2021-08-31 00:00:00+00:00,421.5172064709009,421.85283161041724,420.3891330853043,420.9858,59300207,451.56
2021-09-01 00:00:00+00:00,421.91814204515276,422.4309027357238,420.971865498008,421.2096,48721379,451.8
2021-09-02 00:00:00+00:00,422.6265979567069,423.3071710982149,421.3120662724244,422.5054,42830871,453.19
2021-09-03 00:00:00+00:00,421.3773787013331,422.91566064933346,420.9764931027633,422.4029,47234359,453.08
2021-09-07 00:00:00+00:00,422.0579651486289,422.15119436051924,420.22349394626326,420.8926,51671527,451.46
2021-09-08 00:00:00+00:00,420.36115415936655,421.08834194406865,418.4686013350779,420.3798,56181910,450.91
2021-09-09 00:00:00+00:00,420.1840423849614,421.92742858256486,418.3381040580872,418.5805,57970406,448.98
2021-09-10 00:00:00+00:00,420.50103584770113,420.92056729974854,415.1590020249641,415.2802,89948172,445.44
2021-09-13 00:00:00+00:00,418.26352169823997,418.52456348246676,414.04023854628514,416.343,83738648,446.58
2021-09-14 00:00:00+00:00,417.7787539545669,417.9838582254542,413.21052246662316,414.0962,78197133,444.17
2021-09-15 00:00:00+00:00,414.5157276502635,418.0491148298652,413.4156229347147,417.555,78792227,447.88
2021-09-16 00:00:00+00:00,417.0328437954245,418.00242744370144,413.9562802960842,416.893,77786734,447.17
2021-09-17 00:00:00+00:00,416.1243824739466,416.54525807430906,412.47679393747165,412.8322,118425000,441.4
2021-09-20 00:00:00+00:00,406.7341343654963,408.3054030964888,401.10375474610635,405.9485,166445500,434.04
2021-09-21 00:00:00+00:00,408.277409549616,409.56809478357127,405.04134367317755,405.5651,92526109,433.63
2021-09-22 00:00:00+00:00,407.8284448568035,411.5508556136664,405.6744971248801,409.5213,102350094,437.86
2021-09-23 00:00:00+00:00,411.38252053341756,416.0963272936504,411.1487007536441,414.497,76395984,443.18
2021-09-24 00:00:00+00:00,412.8695608749521,415.8905120384763,412.65444670541325,415.1797,62094840,443.91
2021-09-27 00:00:00+00:00,414.15089743132114,415.3106434009579,413.29979353424903,413.9919,61371113,442.64
2021-09-28 00:00:00+00:00,411.23281552153463,411.5601631651757,404.91968239417133,405.6492,130436305,433.72
2021-09-29 00:00:00+00:00,407.024106525492,408.754372839222,405.7708325468984,406.332,82329211,434.45
2021-09-30 00:00:00+00:00,407.8004206412826,408.5018800135154,401.02899950132826,401.3657,140506000,429.14
2021-10-01 00:00:00+00:00,403.08659010685335,407.8124619133198,399.5792934506264,406.1356,129240094,434.24
2021-10-04 00:00:00+00:00,404.97581653602094,405.8736843971631,398.7655638297873,400.898,128570000,428.64
2021-10-05 00:00:00+00:00,402.3945016301085,407.30471716924495,401.5995143523435,405.0694,90682523,433.1
2021-10-06 00:00:00+00:00,401.48727841572776,406.9585678839044,399.8692454955163,406.7529,113032203,434.9
2021-10-07 00:00:00+00:00,410.01697466146896,413.0940426754206,409.8392716454657,410.2695,72437508,438.66
2021-10-08 00:00:00+00:00,411.03645211711506,411.419916541817,408.8946630132919,409.5213,74557398,437.86
2021-10-11 00:00:00+00:00,408.86663953622127,411.76600494605356,406.4910304584877,406.5565,65233289,434.69
2021-10-12 00:00:00+00:00,407.4730220446474,407.8751920345003,404.77006560121765,405.5557,71181156,433.62
2021-10-13 00:00:00+00:00,406.5751188864378,407.8283926995726,403.61028456730554,407.0147,72973984,435.18
2021-10-14 00:00:00+00:00,410.6623454915254,414.0106446553673,410.1947059435028,413.861,70236828,442.5
2021-10-15 00:00:00+00:00,415.9653873887008,417.37765885572026,415.348103171328,417.0129,66260211,445.87
2021-10-18 00:00:00+00:00,415.23580173528035,418.5841004271116,414.5811064603413,418.2474,62213230,447.19
2021-10-19 00:00:00+00:00,419.8655198473283,421.5396695410971,419.2575883942837,421.4742,46996832,450.64
2021-10-20 00:00:00+00:00,421.9324428018832,423.43075985765125,421.82020931455975,423.1296,49571566,452.41
2021-10-21 00:00:00+00:00,422.53099222646006,424.45673168015173,422.10076388809284,424.2332,41305441,453.59
2021-10-22 00:00:00+00:00,423.80295278954804,425.24328237994354,421.85757256355936,423.7936,58845090,453.12
2021-10-25 00:00:00+00:00,424.87859552628686,426.3937476896059,423.1109180024146,426.0664,45214512,455.55
2021-10-26 00:00:00+00:00,427.60954592508114,428.8160557987543,426.07568841126414,426.4498,56075121,455.96
2021-10-27 00:00:00+00:00,426.90815057056,427.5721987399216,424.48577767105786,424.5606,72438000,453.94
2021-10-28 00:00:00+00:00,425.982201880782,428.7319223250131,425.97284909015536,428.6571,51437941,458.32
2021-10-29 00:00:00+00:00,426.3656568383234,429.816836502994,426.0757203353294,429.5269,70162414,459.25
2021-11-01 00:00:00+00:00,430.5089725676028,430.8850482961916,428.544886444657,430.2658,48433641,460.04
2021-11-02 00:00:00+00:00,430.4341311712492,432.3140420913618,430.3031921021866,432.0054,48908422,461.9
2021-11-03 00:00:00+00:00,431.44424550266825,435.0450700098984,431.0046643290583,434.6429,52509832,464.72
2021-11-04 00:00:00+00:00,435.2414176093894,436.7752751065516,434.8953643935662,436.6911,52847090,466.91
2021-11-05 00:00:00+00:00,438.90775929823064,440.18909161633195,436.70050070646494,438.2063,66390562,468.53
2021-11-08 00:00:00+00:00,439.3005648604269,439.7962627513702,437.9005456661762,438.5804,50405191,468.93
2021-11-09 00:00:00+00:00,438.9451412640678,439.178961014592,435.72778149685485,437.1307,51149152,467.38
2021-11-10 00:00:00+00:00,435.44724705146456,437.1307494456667,432.1363590095337,433.6141,69429648,463.62
2021-11-11 00:00:00+00:00,435.1012019406171,435.17602427065145,433.73569441749146,433.7544,34848500,463.77
2021-11-12 00:00:00+00:00,435.01695023433996,437.5796145868556,434.0723184839601,437.0278,53466648,467.27
2021-11-15 00:00:00+00:00,438.3091876858567,438.4681851293242,436.05516510493555,437.1775,46980500,467.43
2021-11-16 00:00:00+00:00,436.9156554082851,440.0348113770031,436.8408330762019,438.9078,48857500,469.28
2021-11-17 00:00:00+00:00,438.64583991968215,438.8235429251933,437.2242158755928,437.8415,47858289,468.14
2021-11-18 00:00:00+00:00,438.8703132948715,439.5904781172162,436.1580042237029,439.3286,50625609,469.73
2021-11-19 00:00:00+00:00,439.2164009255902,440.4603220798055,438.1782411653053,438.543,57315566,468.89
2021-11-22 00:00:00+00:00,440.4135262655859,442.8920156040807,437.1026386209552,437.3084,72761953,467.57
2021-11-23 00:00:00+00:00,436.98107931822557,438.73472754330515,434.39035634037464,437.8883,73206547,468.19
2021-11-24 00:00:00+00:00,435.8961567910702,439.1789862772665,435.0824640124403,439.0574,61858809,469.44
2021-11-26 00:00:00+00:00,432.4168902106891,433.8759254417499,428.1426652068762,429.265,112669602,458.97
2021-11-29 00:00:00+00:00,434.0350020426173,436.3638471631511,431.84644879681446,434.5307,86268812,464.6
2021-11-30 00:00:00+00:00,432.0988967424708,433.99751310694523,425.8325274607077,426.0757,148559594,455.56
2021-12-01 00:00:00+00:00,431.76220831964486,434.59610376026643,421.1467914051055,421.3432,132485797,450.5
2021-12-02 00:00:00+00:00,421.55828928290344,429.3585158766944,421.1654721163096,427.7966,127637797,457.4
2021-12-03 00:00:00+00:00,429.45205419699175,430.50891945657446,419.8654445414847,424.0742,137331594,453.42
2021-12-06 00:00:00+00:00,426.60885758407983,430.96725820745877,424.2051902874953,429.0967,98977531,458.79
2021-12-07 00:00:00+00:00,434.35296985777745,438.5336674639105,428.9700644881268,437.9725,95484688,468.28
2021-12-08 00:00:00+00:00,438.36527121315385,439.58113392400753,436.61629946754135,439.1322,72238781,469.52
2021-12-09 00:00:00+00:00,437.8509023480218,439.2342736385547,435.97099139273075,436.1674,61272566,466.35
2021-12-10 00:00:00+00:00,438.8610285061818,440.4229446615966,436.317069259039,440.2733,77159758,470.74
2021-12-13 00:00:00+00:00,439.758910577191,440.10496386822985,436.092616250509,436.3732,87724680,466.57
2021-12-14 00:00:00+00:00,433.11837465685426,435.59686413587707,430.4621821585808,433.3709,97264125,463.36
2021-12-15 00:00:00+00:00,433.42699674033145,440.3854725414364,430.9204490055248,440.1423,116899297,470.6
2021-12-16 00:00:00+00:00,441.98480761710795,442.2653913238289,434.7176896130346,436.2609,116568602,466.45
2021-12-17 00:00:00+00:00,433.19780057407525,436.19184452127774,429.9221850957879,431.621,135636500,459.87
2021-12-20 00:00:00+00:00,426.562114097323,427.4256001582487,423.4272842674403,427.0314,107134797,454.98
2021-12-21 00:00:00+00:00,430.43845508357447,434.7558857836997,428.2797397335118,434.6151,69806258,463.06
2021-12-22 00:00:00+00:00,434.3616976052513,439.0733286300754,434.1645975026192,438.9607,58890219,467.69
2021-12-23 00:00:00+00:00,439.9555421270718,443.18422919889497,439.8522992265193,441.6919,56439754,470.6
2021-12-27 00:00:00+00:00,443.0622263923228,447.9897285923815,443.0152977999413,447.9428,56808621,477.26
2021-12-28 00:00:00+00:00,448.3744859689224,449.39752915259925,446.81645690020343,447.5767,47274594,476.87
2021-12-29 00:00:00+00:00,447.6800140613219,449.1629576275446,446.6851278713244,448.1493,54502961,477.48
2021-12-30 00:00:00+00:00,448.5716722782258,449.5759442204301,446.4504997647849,446.9104,55329039,476.16
2021-12-31 00:00:00+00:00,446.4223288782213,447.5673865715008,445.51191415487625,445.7841,65237434,474.96
2022-01-03 00:00:00+00:00,447.0417138640598,448.4965000418664,444.7422131313977,448.3651,72668234,477.71
2022-01-04 00:00:00+00:00,449.78241503507485,450.49572966181546,446.366013401738,448.215,71178680,477.55
2022-01-05 00:00:00+00:00,447.84896115974215,448.61859010632395,439.51453666858106,439.6083,104538898,468.38
2022-01-06 00:00:00+00:00,439.14837140872754,441.8983868572894,436.83948471812624,439.1953,86858898,467.94
2022-01-07 00:00:00+00:00,439.2046434272351,440.3778580960759,436.10735670149546,437.4589,85111594,466.09
2022-01-10 00:00:00+00:00,434.27721299220207,437.1304715344461,428.5493903258362,436.9146,119362000,465.51
2022-01-11 00:00:00+00:00,436.65175549334754,440.98795717935076,433.6670971899947,440.8941,74303055,469.75
2022-01-12 00:00:00+00:00,442.62108593902593,444.1321865738185,440.13387060846674,442.0861,67605438,471.02
2022-01-13 00:00:00+00:00,443.1842606763826,443.831875280391,434.9717566400448,435.9948,91173117,464.53
2022-01-14 00:00:00+00:00,432.85994144646236,436.52037157643304,431.6491837880874,436.1731,95890953,464.72
2022-01-18 00:00:00+00:00,431.4989580582269,431.70544383447606,427.34108538193607,428.4486,109872398,456.49
2022-01-19 00:00:00+00:00,429.98788793359154,431.379226734964,423.7276141848367,423.9998,109357602,451.75
2022-01-20 00:00:00+00:00,425.87700335758257,430.5604771796307,417.19521320649136,419.307,122379695,446.75
2022-01-21 00:00:00+00:00,418.1900746426777,420.5365042741677,411.0475428444221,411.0757,202271203,437.98
2022-01-24 00:00:00+00:00,405.49115460622045,413.32822874681705,394.9134509457985,412.8214,252496703,439.84
2022-01-25 00:00:00+00:00,406.4579137293714,412.7088020714894,400.910954254609,407.7813,167997297,434.47
2022-01-26 00:00:00+00:00,413.6474179149938,416.76347669943243,402.515954907933,406.7583,186391109,433.38
2022-01-27 00:00:00+00:00,411.3384739866431,414.4639180572303,403.06965649058526,404.7497,149878297,431.24
2022-01-28 00:00:00+00:00,406.1012395610364,414.848728589207,401.53978069012334,414.8018,164457406,441.95
2022-01-31 00:00:00+00:00,414.13538323664733,422.6200715343068,412.79322568513703,422.2728,152251391,449.91
2022-02-01 00:00:00+00:00,422.9955419980131,425.7643288287891,419.48378172478203,425.1261,123155398,452.95
2022-02-02 00:00:00+00:00,427.51944222149336,429.97850026456763,425.2199413796873,429.2558,117361000,457.35
2022-02-03 00:00:00+00:00,423.24898766233764,425.1449028526646,418.33087103000446,419.1662,118024398,446.6
2022-02-04 00:00:00+00:00,418.9315560953867,424.96657324715846,416.56635497214177,421.1372,118454398,448.7
2022-02-07 00:00:00+00:00,421.89738643294726,423.2864726199526,418.46221383535305,419.7856,84472867,447.26
2022-02-08 00:00:00+00:00,419.2882124185036,424.15940043464764,417.87096889164854,423.2396,81012039,450.94
2022-02-09 00:00:00+00:00,427.25661363378066,429.7532143812562,427.0548207162215,429.4341,92589930,457.54
2022-02-10 00:00:00+00:00,423.61501512062677,429.5937177534942,419.7293276951839,421.7191,140103703,449.32
2022-02-11 00:00:00+00:00,421.8035168982428,423.86368182468334,411.9766709848795,413.4033,153214594,440.46
2022-02-14 00:00:00+00:00,412.89651463714637,414.47331529315295,408.59785570589037,412.0518,123006305,439.02
2022-02-15 00:00:00+00:00,416.47248472763954,418.86584293207795,415.9562702129567,418.6969,88659508,446.1
2022-02-16 00:00:00+00:00,416.66021309001343,420.53182208016125,414.7924550559785,419.1662,84863594,446.6
2022-02-17 00:00:00+00:00,415.99380241614426,419.1335128710932,409.6115140346863,410.2122,102259102,437.06
2022-02-18 00:00:00+00:00,410.4655723464523,411.71387274025284,405.29404214356447,407.556,132642891,434.23
2022-02-22 00:00:00+00:00,405.3597866401285,408.7480309379147,399.7001985194497,403.1823,124391797,429.57
2022-02-23 00:00:00+00:00,406.08250471382865,406.64564783505153,395.4672568787771,396.0304,132578000,421.95
2022-02-24 00:00:00+00:00,385.7717793742703,402.42204302591637,385.4151220919915,401.9903,213942891,428.3
2022-02-25 00:00:00+00:00,403.21982564934325,410.9442714608795,401.57732502113083,410.8598,121804492,437.75
2022-02-28 00:00:00+00:00,405.4911697730344,411.28215770789916,404.24286929436823,409.8086,145615016,436.63
2022-03-01 00:00:00+00:00,408.3162732778269,410.31543119912556,400.873398951114,403.5671,137785906,429.98
2022-03-02 00:00:00+00:00,405.8102837333577,412.70878637100645,405.0594263034095,410.9912,117726492,437.89
2022-03-03 00:00:00+00:00,413.41270156067117,414.013387484795,407.152427945193,408.9451,105501695,435.71
2022-03-04 00:00:00+00:00,405.2283998195154,406.74888622995576,401.596126727908,405.6226,114083297,432.17
2022-03-07 00:00:00+00:00,405.0406910807525,405.7463094136328,393.5994999690056,393.6652,137896609,419.43
2022-03-08 00:00:00+00:00,393.8434868708709,400.9672466186186,389.6199138978979,390.6805,164772703,416.25
2022-03-09 00:00:00+00:00,399.0244418708032,403.12600091247276,396.84695514845225,401.155,116990797,427.41
2022-03-10 00:00:00+00:00,396.56532767697655,400.2351431442136,394.6130984770142,399.3435,93972656,425.48
2022-03-11 00:00:00+00:00,401.82140383269456,402.4314755707382,393.7590711714714,394.2659,95636281,420.07
2022-03-14 00:00:00+00:00,395.0354439232614,398.4706163549161,390.2487282398082,391.3844,95729195,417.0
2022-03-15 00:00:00+00:00,393.9843396391111,400.6200431940305,392.7172675317361,399.9912,106219102,426.17
2022-03-16 00:00:00+00:00,403.482682895643,408.91701431522887,398.70535182039396,408.8607,144954797,435.62
2022-03-17 00:00:00+00:00,406.95538232253386,413.9759,406.5799535697282,413.9759,102676898,441.07
2022-03-18 00:00:00+00:00,412.3716003779358,418.8302058085126,411.63723999370114,418.5101,106345508,444.52
2022-03-21 00:00:00+00:00,418.3406256171381,420.33657945048265,414.89478079164695,418.3877,88349758,444.39
2022-03-22 00:00:00+00:00,419.7716513356614,424.21547270179497,419.7716513356614,423.2834,74650391,449.59
2022-03-23 00:00:00+00:00,420.7602264578639,422.2477768769716,417.7474661153672,417.8322,79426094,443.8
2022-03-24 00:00:00+00:00,419.8470309041266,424.1402148771338,418.7360754023397,424.1308,64736887,450.49
2022-03-25 00:00:00+00:00,424.7615240451524,426.4750313901346,422.19126302767904,426.202,77101320,452.69
2022-03-28 00:00:00+00:00,425.6088728389375,429.2336,423.7258976903336,429.2336,68529766,455.91
2022-03-29 00:00:00+00:00,433.10312397790057,435.0331735499946,430.42929920485324,434.5436,86581539,461.55
2022-03-30 00:00:00+00:00,433.4044397994332,434.2094117680401,429.756175029431,431.8604,79666945,458.7
2022-03-31 00:00:00+00:00,431.09779805818795,431.9168923478877,424.7615859091312,425.2135,121699906,451.64
2022-04-01 00:00:00+00:00,426.785780195178,426.9270033471695,422.8597765698137,426.4186,89048766,452.92
2022-04-04 00:00:00+00:00,426.6163399912434,430.1751636514886,425.7972456567425,430.0716,59601000,456.8
2022-04-05 00:00:00+00:00,428.58403348779467,431.0413164002395,423.4999998758398,424.6392,74214492,451.03
2022-04-06 00:00:00+00:00,420.741450459106,422.66208542282544,417.521562431694,420.3931,106898000,446.52
2022-04-07 00:00:00+00:00,419.51746936292534,424.31905623370545,417.57800486217883,422.5114,78097211,448.77
2022-04-08 00:00:00+00:00,421.7581950354135,424.26255202091295,419.8469752306902,421.3816,79272711,447.57
2022-04-11 00:00:00+00:00,418.1240328059647,418.9619567194035,413.6802116021094,414.1792,89770547,439.92
2022-04-12 00:00:00+00:00,417.1543256017705,419.66809749252775,411.1006544855233,412.6446,84363641,438.29
2022-04-13 00:00:00+00:00,412.39984509034304,418.1240901378268,412.2209624326092,417.3709,74070391,443.31
2022-04-14 00:00:00+00:00,417.59686914959224,418.70791878386893,412.07033635304595,412.1739,97869445,437.79
2022-04-18 00:00:00+00:00,411.2511744480215,414.01914782976,410.12138939425074,412.3433,66002500,437.97
2022-04-19 00:00:00+00:00,412.2398180882617,419.7152306758943,412.07035029660256,418.9997,77821008,445.04
2022-04-20 00:00:00+00:00,420.7696878415148,421.38165485372497,417.5309701153562,418.689,65224449,444.71
2022-04-21 00:00:00+00:00,422.29489105145416,423.6788779642058,411.52427181208054,412.4281,85417328,438.06
2022-04-22 00:00:00+00:00,411.3453707961694,412.4492650701812,400.54650740775514,401.1114,132471797,426.04
2022-04-25 00:00:00+00:00,398.88009946792374,403.606367788383,394.3327138129798,403.4369,119647695,428.51
2022-04-26 00:00:00+00:00,400.91367457341977,401.111386974285,391.7247553713049,391.753,103996305,416.1
2022-04-27 00:00:00+00:00,392.82625537421814,398.1739045222518,390.7267381910993,392.8545,122030000,417.27
2022-04-28 00:00:00+00:00,397.5807885790421,404.5007222645567,393.16521184638043,402.7778,105449102,427.81
2022-04-29 00:00:00+00:00,398.80474153155336,400.9513333082524,387.14912477912617,387.8929,145491109,412.0
2022-05-02 00:00:00+00:00,387.95881477031463,391.5835422119282,381.32132685774945,390.2278,158312500,414.48
2022-05-03 00:00:00+00:00,390.7267620106633,394.4173933378164,389.1733074979586,392.0166,100028203,416.38
2022-05-04 00:00:00+00:00,392.6756777047499,404.51959260243325,389.5027701056496,403.9547,144247906,429.06
2022-05-05 00:00:00+00:00,399.7085772455958,400.1322466832604,385.48269901645676,389.597,172929109,413.81
2022-05-06 00:00:00+00:00,387.04554298147525,390.5290470170662,381.98975469198234,387.2715,151770797,411.34
2022-05-09 00:00:00+00:00,381.39660876007736,382.62995745786975,373.29981578220355,374.8721,155586094,398.17
2022-05-10 00:00:00+00:00,380.82233322558824,382.31929856423363,371.7181478012478,375.7383,132497203,399.09
2022-05-11 00:00:00+00:00,374.7780146429026,380.3986963004456,369.0255247052832,369.7693,142360984,392.75
2022-05-12 00:00:00+00:00,366.58708141153085,372.6408475811796,362.61400314778,369.3833,125090797,392.34
2022-05-13 00:00:00+00:00,373.497547107438,379.58897190082644,372.46191074380164,378.2144,104174398,401.72
2022-05-16 00:00:00+00:00,376.5762363568198,380.33277214126826,374.3354957134645,376.6798,78622438,400.09
2022-05-17 00:00:00+00:00,382.7429372697884,384.66357188969437,379.02632098275865,384.4282,83029711,408.32
2022-05-18 00:00:00+00:00,379.890214745062,380.17266100137806,367.69795134742003,368.9313,117674492,391.86
2022-05-19 00:00:00+00:00,365.8809503312279,371.077962440302,364.4593039028399,366.6718,98510719,389.46
2022-05-20 00:00:00+00:00,370.2399849857557,373.79880798193153,358.2736780330057,366.8318,131432203,389.63
2022-05-23 00:00:00+00:00,369.84461528519597,374.4579050413181,367.5379704071349,373.6953,76414883,396.92
2022-05-24 00:00:00+00:00,369.59042132575087,372.0288745334992,364.3180900657544,370.8426,91448828,393.89
2022-05-25 00:00:00+00:00,369.35497309560355,376.0771940634673,368.959548332788,374.1189,91472875,397.37
2022-05-26 00:00:00+00:00,375.34292133922185,383.2231738077028,375.135794034196,381.5944,82168336,405.31
2022-05-27 00:00:00+00:00,384.0422650917498,391.0752726778886,383.84455266579977,390.9622,84768711,415.26
2022-05-31 00:00:00+00:00,389.35222235003516,392.09195144455475,386.0381857820938,388.7685,95936977,412.93
2022-06-01 00:00:00+00:00,390.87740072511536,391.88479244122175,383.1195430235113,385.6239,86585805,409.59
2022-06-02 00:00:00+00:00,385.4638440068042,393.01457437887825,383.2231035721987,392.9675,79609633,417.39
2022-06-03 00:00:00+00:00,388.2694668485409,389.8135064354265,385.5485678204316,386.5183,71874281,410.54
2022-06-06 00:00:00+00:00,390.5102480779038,392.2322289924476,386.5299207337721,387.6952,57508859,411.79
2022-06-07 00:00:00+00:00,384.22113390580654,391.8660141001588,383.75980492856115,391.4141,59272367,415.74
2022-06-08 00:00:00+00:00,389.709931192549,391.4893426146588,386.36765047906226,387.1585,64349969,411.22
2022-06-09 00:00:00+00:00,385.388552391391,387.6481227381427,377.9508,377.9508,86289797,401.44
2022-06-10 00:00:00+00:00,371.77465744484346,372.6198309405592,366.9448256157003,366.9919,132893906,389.8
2022-06-13 00:00:00+00:00,357.62411550666667,359.469431464,351.4573708533334,353.0579,170004891,375.0
2022-06-14 00:00:00+00:00,354.7996332949956,355.8258548693396,348.90592040013905,351.994,104011797,373.87
2022-06-15 00:00:00+00:00,355.2797628059072,361.43709174578055,350.34636775316454,357.0121,125666797,379.2
2022-06-16 00:00:00+00:00,348.830541835538,349.23538147006684,342.7766829192964,345.1964,134473297,366.65
2022-06-17 00:00:00+00:00,345.6095559913628,349.2688511725797,342.4514045946537,345.9405,111113906,365.86
2022-06-21 00:00:00+00:00,351.6421377609513,356.02478130748926,351.5664934278935,354.649,76811859,375.07
2022-06-22 00:00:00+00:00,350.4412610379551,358.10024925879435,350.0252172333663,354.006,90059422,374.39
2022-06-23 00:00:00+00:00,356.13351311432046,358.2042766915304,352.58768507115275,357.4762,79292141,378.06
2022-06-24 00:00:00+00:00,360.6343891509434,368.8512555424528,360.6012947523585,368.8418,98050328,390.08
2022-06-27 00:00:00+00:00,369.7589632903575,370.05208508710984,366.34551268946706,367.4329,66009617,388.59
2022-06-28 00:00:00+00:00,368.9836090792067,371.75408283725216,359.81173349796404,359.9252,86689820,380.65
2022-06-29 00:00:00+00:00,360.4736432744387,361.4570196850187,357.8166358573908,359.6321,65676000,380.34
2022-06-30 00:00:00+00:00,355.7552903167661,359.93293762613655,352.2756510748841,356.7103,112508305,377.25
2022-07-01 00:00:00+00:00,356.05790613786587,360.918054952261,353.4481764242996,360.4831,74839727,381.24
2022-07-05 00:00:00+00:00,355.4149301811708,361.1828110849304,352.5971785265473,361.1639,81437969,381.96
2022-07-06 00:00:00+00:00,361.3057680547945,364.8610523652968,358.9324266666667,362.3837,70426242,383.25
2022-07-07 00:00:00+00:00,364.15180552713434,368.6053654669785,362.3996937291447,367.8111,64525922,388.99
2022-07-08 00:00:00+00:00,366.18482394319085,369.37134202279566,364.6624814778604,367.5086,72397766,388.67
2022-07-11 00:00:00+00:00,364.8420978450407,365.8065631548812,362.6200454155063,363.3103,58366953,384.23
2022-07-12 00:00:00+00:00,362.76186279967436,365.1352038022215,358.35558030092164,360.0954,62219180,380.83
2022-07-13 00:00:00+00:00,354.6773828102315,361.12606249769027,354.25944785101495,358.2043,84224648,378.83
2022-07-14 00:00:00+00:00,353.26851680029637,358.4121427141912,350.8384424227991,357.3344,89704812,377.91
2022-07-15 00:00:00+00:00,361.72177009061875,364.27476650741306,359.82120609144965,364.1613,79060383,385.13
2022-07-18 00:00:00+00:00,367.2343130566828,367.90565648906926,359.934635172143,361.1544,63203633,381.95
2022-07-19 00:00:00+00:00,365.05961865041934,371.4799326025442,364.4071861574936,370.9126,78505969,392.27
2022-07-20 00:00:00+00:00,371.1016255237227,374.6852756389797,369.74002759074904,373.2764,71843766,394.77
2022-07-21 00:00:00+00:00,372.69968358283813,377.12487771508813,370.30743119937813,377.0776,64903859,398.79
2022-07-22 00:00:00+00:00,377.2004724999368,378.39187076362356,371.3664032245818,373.579,72197328,395.09
2022-07-25 00:00:00+00:00,374.2030997674242,374.88389883712114,371.8013919382157,374.0329,53631488,395.57
2022-07-26 00:00:00+00:00,372.3970850315946,372.6051069661542,368.71887900688176,369.6077,52946391,390.89
2022-07-27 00:00:00+00:00,372.8887972172352,380.9449199281867,372.5956753815081,379.2051,82342109,401.04
2022-07-28 00:00:00+00:00,380.0087833821755,384.65145457679716,376.4724106188588,383.9612,73966562,406.07
2022-07-29 00:00:00+00:00,385.3890057088764,390.54227643146675,384.62310675744556,389.5589,87003672,411.99
2022-08-01 00:00:00+00:00,386.87350219100716,390.90156309613656,386.16433653869564,388.4053,69997469,410.77
2022-08-02 00:00:00+00:00,386.8451875900603,390.51393839141303,384.6704126304955,385.8429,63435422,408.06
2022-08-03 00:00:00+00:00,387.9609494510797,393.048031849439,387.6772831463385,391.885,67820562,414.45
2022-08-04 00:00:00+00:00,391.8093108482025,392.49010990173116,389.984391163049,391.6202,45656566,414.17
2022-08-05 00:00:00+00:00,387.3557384526084,391.60127686410135,387.2990051998936,390.9583,56814930,413.47
2022-08-08 00:00:00+00:00,392.64135233298623,394.88231562023293,389.4075572096176,390.5044,54025969,412.99
2022-08-09 00:00:00+00:00,389.77633211134076,390.2774758113529,387.8852238094081,388.9537,44931770,411.35
2022-08-10 00:00:00+00:00,395.97917944236764,397.26513312697915,394.03133783185314,397.1233,68665711,419.99
2022-08-11 00:00:00+00:00,399.95996253958424,401.81324873211264,396.38576773970806,397.1233,59489699,419.99
2022-08-12 00:00:00+00:00,399.0522401919925,403.95021096230386,398.1066859892297,403.8462,61694539,427.1
2022-08-15 00:00:00+00:00,401.63835530476143,406.03045484307233,401.5863498204542,405.5104,54048281,428.86
2022-08-16 00:00:00+00:00,404.4419579497324,408.2241753106819,403.6382367605306,406.3047,59289039,429.7
2022-08-17 00:00:00+00:00,402.7209898910114,406.1155294738076,401.4255806351811,403.4207,63563391,426.65
2022-08-18 00:00:00+00:00,403.61927914183553,405.27399904648394,402.33332538736596,404.5932,49023207,427.89
2022-08-19 00:00:00+00:00,401.84167426446203,402.10642947363436,398.28639002700527,399.1563,68016898,422.14
2022-08-22 00:00:00+00:00,394.3433502842627,394.51355002782145,389.94652357566224,390.8448,77695641,413.35
2022-08-23 00:00:00+00:00,390.4193548441857,392.8021515848187,389.35087852794953,389.8993,49105246,412.35
2022-08-24 00:00:00+00:00,389.6723354703024,392.50909258283167,388.9915364565958,391.1474,49177801,413.67
2022-08-25 00:00:00+00:00,392.63198298014356,396.7167777168602,391.54459549236014,396.6695,50942246,419.51
2022-08-26 00:00:00+00:00,396.556004080827,397.09497001307636,383.1858667439737,383.2426,103087000,405.31
2022-08-29 00:00:00+00:00,380.3019116806994,383.7437290812905,379.3562628943447,380.7085,65370809,402.63
2022-08-30 00:00:00+00:00,381.86212656638463,382.0985151553201,374.43952487381034,376.5292,85652438,398.21
2022-08-31 00:00:00+00:00,378.1554823447543,379.3941583177287,373.531722415102,373.6641,76029672,395.18
2022-09-01 00:00:00+00:00,371.4987936380606,375.17699951566516,368.8039641390444,374.8366,78740078,396.42
2022-09-02 00:00:00+00:00,378.48645619008767,379.69203786202326,369.07819137772793,370.8842,99632148,392.24
2022-09-06 00:00:00+00:00,371.7257637015048,372.6618624628928,367.27220292762826,369.4848,76637398,390.76
2022-09-07 00:00:00+00:00,369.1727757001358,376.88849900447485,368.955298205038,376.1226,70964234,397.78
2022-09-08 00:00:00+00:00,373.8626844247965,379.0348660272741,372.66183056096713,378.581,80821680,400.38
2022-09-09 00:00:00+00:00,380.81256019675357,385.3228544613871,380.5478049778652,384.4624,76706922,406.6
2022-09-12 00:00:00+00:00,386.52363635301845,389.313021174295,386.2210590164732,388.5944,69256258,410.97
2022-09-13 00:00:00+00:00,379.95208914271177,381.1529431187993,370.5816459119817,371.6974,122947102,393.1
2022-09-14 00:00:00+00:00,372.9927779498226,374.62858677141406,369.8251712721743,373.1157,85023750,394.6
2022-09-15 00:00:00+00:00,371.56497389521166,374.4016364605762,367.6125573874705,368.8796,87633844,390.12
2022-09-16 00:00:00+00:00,364.7176958865027,366.7210132664177,362.7903336679116,366.0659,103084797,385.56
2022-09-19 00:00:00+00:00,362.93272583193925,368.9047,362.8552515724617,368.9047,73278484,388.55
2022-09-20 00:00:00+00:00,365.59115627066575,366.597562092218,361.92157277981727,364.6702,77274883,384.09
2022-09-21 00:00:00+00:00,366.58801075545193,369.62621653726916,358.2994056069318,358.3089,106746602,377.39
2022-09-22 00:00:00+00:00,357.5398769066324,359.1729126182459,354.55863729357054,355.2992,89472641,374.22
2022-09-23 00:00:00+00:00,351.8432254273678,351.88120300040765,344.9218127408616,349.3462,122346898,367.95
2022-09-26 00:00:00+00:00,347.8841229255305,351.4919929812522,344.6749225109659,345.8903,92581242,364.31
2022-09-27 00:00:00+00:00,349.41269895426274,351.67236479718196,342.624207031207,345.0073,108294094,363.38
2022-09-28 00:00:00+00:00,345.9567473726824,353.4763078293256,344.26674514884087,351.7958,110802203,370.53
2022-09-29 00:00:00+00:00,348.2638461672041,348.5486779707268,341.5133324237162,344.4471,112952305,362.79
2022-09-30 00:00:00+00:00,343.5072104821098,347.40940682009074,338.9878784702391,339.1208,153711203,357.18
2022-10-03 00:00:00+00:00,342.82359979269523,349.9159125501214,341.04814800469165,348.074,89756477,366.61
2022-10-04 00:00:00+00:00,353.5712226896314,358.8880831812048,348.03380743159505,358.8596,103602797,377.97
2022-10-05 00:00:00+00:00,354.51117425283087,360.2742713569705,352.1945421384815,358.0241,88065672,377.09
2022-10-06 00:00:00+00:00,356.6284434512326,359.5717057234727,353.8370914898178,354.3308,82333539,373.2
2022-10-07 00:00:00+00:00,350.3146351525676,354.41934627313316,342.69063721161,344.4471,107789508,362.79
2022-10-10 00:00:00+00:00,345.55799153380366,345.79535140269985,339.586017232376,341.8172,76042766,360.02
2022-10-11 00:00:00+00:00,340.1224725708615,344.67503515122706,337.72513773969916,339.6525,92482789,357.74
2022-10-12 00:00:00+00:00,340.0606973777205,341.6252785073761,338.2852457650887,338.5321,76991797,356.56
2022-10-13 00:00:00+00:00,331.54895016394784,348.9284365193868,330.5093141323059,347.4663,147254500,365.97
2022-10-14 00:00:00+00:00,349.91587786259544,351.5394191762436,338.91187562564664,339.548,123737000,357.63
2022-10-17 00:00:00+00:00,345.60547498500625,349.3746548843029,339.2165066537266,348.2734,93168234,366.82
2022-10-18 00:00:00+00:00,356.1631571201466,356.4669776897583,348.9379241990677,352.3654,97162852,371.13
2022-10-19 00:00:00+00:00,350.33362528086843,353.04902181818187,347.0675539213026,349.8684,79746867,368.5
2022-10-20 00:00:00+00:00,349.4222315782272,353.82763101447694,346.17514837306044,346.9347,88283086,365.41
2022-10-21 00:00:00+00:00,346.65934004114456,355.8499141307542,345.1592256752785,355.3657,131038398,374.29
2022-10-24 00:00:00+00:00,356.8847706310871,360.843932868794,354.24532913928255,359.7141,85436914,378.87
2022-10-25 00:00:00+00:00,359.6381366985347,365.7715149901278,359.5251534142159,365.4582,78846352,384.92
2022-10-26 00:00:00+00:00,362.32502428145125,367.9836824878279,362.06867567143087,362.7048,104087297,382.02
2022-10-27 00:00:00+00:00,363.7017678825201,365.53418600978995,360.1508643612821,360.768,81971758,379.98
2022-10-28 00:00:00+00:00,360.66352985193566,369.82561968022213,360.48313637345126,369.3509,100302000,389.02
2022-10-31 00:00:00+00:00,366.90137106755395,368.762272338883,365.7810325470599,366.683,96631266,386.21
2022-11-01 00:00:00+00:00,370.41424887132007,370.6516086965567,363.91058965983564,365.0784,85407602,384.52
2022-11-02 00:00:00+00:00,364.489839037533,368.98068805719316,355.8119616507056,355.9164,126990398,374.87
2022-11-03 00:00:00+00:00,352.68349491253605,355.2802115845934,350.1437446025714,352.2515,87100117,371.01
2022-11-04 00:00:00+00:00,357.9386355785838,359.7140871662017,351.29256011691245,357.3215,103505203,376.35
2022-11-07 00:00:00+00:00,358.61275574417687,361.32815242795107,356.542977852349,360.7395,68286953,379.95
2022-11-08 00:00:00+00:00,361.8408988193717,365.6481513298429,358.6222988167539,362.6859,84641055,382.0
2022-11-09 00:00:00+00:00,360.72054909790717,361.8693708924705,354.72009146018763,355.2138,78495469,374.13
2022-11-10 00:00:00+00:00,368.429923002863,375.0665037573792,366.14367315209404,374.7342,141455812,394.69
2022-11-11 00:00:00+00:00,375.5887369175178,379.1586291059196,373.708846882136,378.3611,93839875,398.51
2022-11-14 00:00:00+00:00,376.60463669265033,379.9465684747671,374.86716257086454,375.1425,71893172,395.12
2022-11-15 00:00:00+00:00,380.86760876057116,381.96895844563227,374.54434246530656,378.3421,93194445,398.49
2022-11-16 00:00:00+00:00,376.71855436591227,377.6679937387786,374.82917001390825,375.4558,68508445,395.45
2022-11-17 00:00:00+00:00,370.7181189630682,374.98110199370944,370.4142983461851,374.307,74496258,394.24
2022-11-18 00:00:00+00:00,377.6300414362549,377.69650219680335,373.16767608514516,376.0065,92922445,396.03
2022-11-21 00:00:00+00:00,374.68677197090653,375.80711048430015,372.80688192300875,374.6393,51243191,394.59
2022-11-22 00:00:00+00:00,376.5761332933233,379.84220469117275,375.17352652703175,379.6808,60429031,399.9
2022-11-23 00:00:00+00:00,379.3485089458774,382.55761408975695,379.12064349187415,382.0734,68261633,402.42
2022-11-25 00:00:00+00:00,381.5132802425869,382.5386749185992,381.23319558571325,381.988,30545430,402.33
2022-11-28 00:00:00+00:00,378.9118176706827,380.54485364350484,375.1330483847339,375.8926,68021750,395.91
2022-11-29 00:00:00+00:00,376.02544023733014,377.2122393796017,373.41448212433266,375.2469,52310039,395.23
2022-11-30 00:00:00+00:00,375.4938323562598,387.0675,373.58545893838306,387.0675,144566703,407.68
2022-12-01 00:00:00+00:00,388.10232068830084,389.2701310815455,384.2855745250135,386.7826,76398172,407.38
2022-12-02 00:00:00+00:00,381.9120122385786,387.2383674620924,381.8075739008626,386.3364,85342727,406.91
2022-12-05 00:00:00+00:00,383.5260558947922,384.456506531695,378.0382960159164,379.3865,77289820,399.59
2022-12-06 00:00:00+00:00,379.2250659777062,379.7662464083489,371.8384278191098,373.9177,77972227,393.83
2022-12-07 00:00:00+00:00,373.0727233289246,375.63620974666804,372.151767097365,373.2816,65927898,393.16
2022-12-08 00:00:00+00:00,375.1615165707652,377.2692722188572,373.38454563789617,376.2059,60737910,396.24
2022-12-09 00:00:00+00:00,374.9715692890562,377.5160666954842,373.2720728870017,373.3955,81447727,393.28
2022-12-12 00:00:00+00:00,374.1836126807871,378.7789,373.5209038897105,378.7789,75405844,398.95
2022-12-13 00:00:00+00:00,389.47907596089266,389.73542462870364,378.8928254198075,381.6462,123782492,401.97
2022-12-14 00:00:00+00:00,381.30436109414126,384.9976803955934,376.2723322258388,379.2061,108111297,399.4
2022-12-15 00:00:00+00:00,374.3639823165567,375.26594981135946,368.2733281279675,369.9301,117705906,389.63
2022-12-16 00:00:00+00:00,367.384758368774,368.7153096381141,363.43602556944194,365.563,119858000,383.27
2022-12-19 00:00:00+00:00,365.75381112573024,366.0876412399347,360.80358743224036,362.4632,79878094,380.02
2022-12-20 00:00:00+00:00,361.70962183476115,364.57102221317075,360.3933776606927,362.9591,74427242,380.54
2022-12-21 00:00:00+00:00,365.54397502783314,369.51178438495197,365.00984684514407,368.3863,78167367,386.23
2022-12-22 00:00:00+00:00,365.3531543916789,368.3704058434545,357.45568899978986,363.1308,100120898,380.72
2022-12-23 00:00:00+00:00,362.1102116424224,365.3626700164529,360.56505546473056,365.2196,59857328,382.91
2022-12-27 00:00:00+00:00,365.10518229155747,365.44855036706866,362.1102496329313,363.7794,51638180,381.4
2022-12-28 00:00:00+00:00,363.71264714065734,365.6774756438167,359.0294879413795,359.2584,70911523,376.66
2022-12-29 00:00:00+00:00,362.0912207281452,366.5931583037763,361.56663054454407,365.7252,66970883,383.44
2022-12-30 00:00:00+00:00,363.05449769108066,364.904870025887,360.94659930967754,364.7618,84022211,382.43
2023-01-03 00:00:00+00:00,366.6121907830471,368.577019237435,360.3752911406964,363.2262,74850727,380.82
2023-01-04 00:00:00+00:00,365.47719583072757,368.05245661872004,362.4441109026475,366.0304,85934094,383.76
2023-01-05 00:00:00+00:00,364.0845923454057,364.1990483631188,361.2613439084823,361.8527,76970461,379.38
2023-01-06 00:00:00+00:00,364.933512646877,371.2667462894249,361.8839271159555,370.1508,104189602,388.08
2023-01-09 00:00:00+00:00,372.33493820708503,375.5110924818233,369.75967798432424,369.9409,73978070,387.86
2023-01-10 00:00:00+00:00,369.3591451815249,372.6020660172052,368.4244209406524,372.5353,65358090,390.58
2023-01-11 00:00:00+00:00,374.10909696854776,377.32340402508095,373.2983667020631,377.2471,68881078,395.52
2023-01-12 00:00:00+00:00,378.34389796201134,380.0750451997683,374.2902474052802,378.6205,90157695,396.96
2023-01-13 00:00:00+00:00,375.4348547754078,380.6616801505647,375.1677907051443,380.0894,63903930,398.5
2023-01-17 00:00:00+00:00,380.0702981320864,381.73944845765146,378.71590186791366,379.3931,62677281,397.77
2023-01-18 00:00:00+00:00,380.57577672992926,381.63449483767147,373.20290197961634,373.4032,99632258,391.49
2023-01-19 00:00:00+00:00,371.37163612597783,373.0121724269247,369.3686557585426,370.6849,86958922,388.64
2023-01-20 00:00:00+00:00,372.0774351823785,377.74300802263315,370.4368989390725,377.5904,91806359,395.88
2023-01-23 00:00:00+00:00,378.3916409654794,384.0429075331353,377.43784070089606,382.121,84178797,400.63
2023-01-24 00:00:00+00:00,380.451783868066,382.6169100949525,379.2690717441279,381.7108,59524910,400.2
2023-01-25 00:00:00+00:00,377.65717923067314,382.1877300611964,375.3775968127888,381.8539,84800250,400.35
2023-01-26 00:00:00+00:00,384.50544379987645,386.2127460210006,381.54866341692394,386.0506,72287430,404.75
2023-01-27 00:00:00+00:00,385.00625442097214,389.3031247091304,384.80118735949515,386.9377,68346180,405.68
2023-01-30 00:00:00+00:00,384.1906983199781,386.41305265733047,381.7871219551162,382.0828,74202016,400.59
2023-01-31 00:00:00+00:00,382.59786899970476,387.7483900093485,382.25450093239516,387.7007,86811789,406.48
2023-02-01 00:00:00+00:00,386.49031098369034,394.5585064191821,383.7614887658228,391.8211,101459203,410.8
2023-02-02 00:00:00+00:00,395.69360337348246,398.98421449925627,393.8050787273862,397.5249,101654492,416.78
2023-02-03 00:00:00+00:00,392.5746118709834,397.70605678428524,392.097711786104,393.2995,94736781,412.35
2023-02-06 00:00:00+00:00,390.85774799551035,392.28844816387283,389.24582580582194,390.8959,60295328,409.83
2023-02-07 00:00:00+00:00,389.9802828126882,397.2482402442256,388.74034256846267,396.0083,90990750,415.19
2023-02-08 00:00:00+00:00,394.0435247850968,395.37884522829654,390.99136377206867,391.6781,76227453,410.65
2023-02-09 00:00:00+00:00,395.2643170429144,395.4169250657103,387.0616358176325,388.2825,78694867,407.09
2023-02-10 00:00:00+00:00,387.10931574355453,389.57012004705416,386.2985856435643,389.1886,70769719,408.04
2023-02-13 00:00:00+00:00,389.8371815420391,393.8908320155997,389.3793574885546,393.7573,64913539,412.83
2023-02-14 00:00:00+00:00,392.24077976929044,395.87475839715006,389.63785911957154,393.5761,88389312,412.64
2023-02-15 00:00:00+00:00,391.391905333591,394.9305040146867,390.5525611720373,394.8542,61685281,413.98
2023-02-16 00:00:00+00:00,389.9039380449692,393.8335944082493,389.28396798765556,389.4175,76431469,408.28
2023-02-17 00:00:00+00:00,387.30013966998973,388.6831500687522,385.3830011172225,388.4447,89257820,407.26
2023-02-21 00:00:00+00:00,384.43868657696265,385.48786673682633,380.3945739607608,380.6521,82655922,399.09
2023-02-22 00:00:00+00:00,381.06222411803077,382.59784231193856,378.67772381693175,380.1275,83742289,398.54
2023-02-23 00:00:00+00:00,383.008020206659,383.6184523536165,377.94334098737085,382.1496,96242398,400.66
2023-02-24 00:00:00+00:00,377.1516518643726,378.89710612291236,375.45388761289666,378.0673,108194398,396.38
2023-02-27 00:00:00+00:00,381.3961326779473,382.7505291278003,378.42027568953813,379.355,80444734,397.73
2023-02-28 00:00:00+00:00,378.8780862741634,380.83337685358094,377.84798196890927,377.9529,96438570,396.26
2023-03-01 00:00:00+00:00,377.1421461493642,378.3630104347165,375.2059316968131,376.5031,99706812,394.74
2023-03-02 00:00:00+00:00,374.5383044267364,380.27064426987755,374.2044743193987,379.4313,85404727,397.81
2023-03-03 00:00:00+00:00,381.2434751354561,385.7644880501744,380.59489100423065,385.5165,90119953,404.19
2023-03-06 00:00:00+00:00,386.3368041634731,388.6259248399139,385.3448518703488,385.7836,72795953,404.47
2023-03-07 00:00:00+00:00,385.7358711426922,385.9743211891431,379.25479888015667,379.87,108310602,398.27
2023-03-08 00:00:00+00:00,379.98448586182695,381.2435022059561,378.26764539255987,380.49,74746633,398.92
2023-03-09 00:00:00+00:00,381.27208550413735,382.9316978240883,372.4875858106037,373.47,111945297,391.56
2023-03-10 00:00:00+00:00,372.926304552875,374.9960507890441,366.5644578269544,368.081,189252984,385.91
2023-03-13 00:00:00+00:00,364.1704097052107,372.3540144176873,363.0640016088852,367.5564,157790000,385.36
2023-03-14 00:00:00+00:00,372.45902560437037,375.2727365532382,369.1684144946775,373.6322,149752406,391.73
2023-03-15 00:00:00+00:00,368.0619176864982,371.4955980194205,365.9826334848952,371.2953,172996891,389.28
2023-03-16 00:00:00+00:00,368.9489960768473,378.15316807452473,368.4434819671303,377.8098,143753906,396.11
2023-03-17 00:00:00+00:00,376.4849343008795,377.6147146337085,372.01368501756457,373.3924,140553406,389.99
2023-03-20 00:00:00+00:00,374.167923604409,377.39449960887896,373.46899171026564,376.9828,93055773,393.74
2023-03-21 00:00:00+00:00,380.3337739038881,382.4114203880575,378.74442221553727,381.9327,91524250,398.91
2023-03-22 00:00:00+00:00,381.7603578919181,385.3603351840045,375.3838023692331,375.4221,111746602,392.11
2023-03-23 00:00:00+00:00,378.27528633924254,382.2965377063357,373.7370169392375,376.437,119351297,393.17
2023-03-24 00:00:00+00:00,375.16456387921664,378.99336967277316,372.8274508654453,378.9072,107770094,395.75
2023-03-27 00:00:00+00:00,381.17632849252186,381.9422811268885,378.72528006254885,379.6157,74010406,396.49
2023-03-28 00:00:00+00:00,378.92636494438824,379.61572235591507,376.9348879777553,378.7636,62871680,395.6
2023-03-29 00:00:00+00:00,382.9045467360159,384.5082602217516,381.712532831693,384.2689,77497883,401.35
2023-03-30 00:00:00+00:00,386.89230195937574,387.1412365989596,384.66146461233586,386.5189,69840047,403.7
2023-03-31 00:00:00+00:00,387.43800489020254,392.26350665624466,387.332686399277,391.9667,112062602,409.39
2023-04-03 00:00:00+00:00,391.44967430344326,393.86242513931137,391.05712357221074,393.4603,67391102,410.95
2023-04-04 00:00:00+00:00,394.1018508527663,394.3890831428781,389.9082594171336,391.2774,66601531,408.67
2023-04-05 00:00:00+00:00,390.54970667075565,391.3060849607458,388.6061016977429,390.2529,65200238,407.6
2023-04-06 00:00:00+00:00,389.4581932696302,392.0528578313253,388.4126679185708,391.7752,63743352,409.19
2023-04-10 00:00:00+00:00,389.3050770586656,392.2539952784356,388.69231483118085,392.1774,63681039,409.61
2023-04-11 00:00:00+00:00,392.79971810504725,393.68056376549833,391.5167472517816,392.2827,59297953,409.72
2023-04-12 00:00:00+00:00,394.34112368337213,394.62835590981496,390.0996611395662,390.6837,86420383,408.05
2023-04-13 00:00:00+00:00,391.76567842406945,396.22735314291236,390.6284300912279,395.8731,85814750,413.47
2023-04-14 00:00:00+00:00,395.2412043373903,397.424169735247,392.60824168646656,394.9061,78161508,412.46
2023-04-17 00:00:00+00:00,394.8199177344543,396.34224881866936,393.5896061349471,396.3231,66436398,413.94
2023-04-18 00:00:00+00:00,397.89329404891237,398.0273357765385,395.21265098457303,396.5816,63560000,414.21
2023-04-19 00:00:00+00:00,394.67631335297244,397.41459450427385,394.6188668952528,396.5146,55227328,414.14
2023-04-20 00:00:00+00:00,393.7092146911722,396.093242182189,392.80922037729437,394.3507,75840359,411.88
2023-04-21 00:00:00+00:00,394.6475255919457,395.11667158660845,392.7134951649685,394.6571,73457422,412.2
2023-04-24 00:00:00+00:00,394.45603788381845,395.4900739548748,393.1251951627366,395.0688,64332102,412.63
2023-04-25 00:00:00+00:00,393.10608404255316,393.6613997635934,388.7401535460993,388.7976,97766719,406.08
2023-04-26 00:00:00+00:00,389.41036051043625,390.4826943119992,386.5954842813334,387.1508,80447047,404.36
2023-04-27 00:00:00+00:00,389.67844475158216,395.12628345093475,389.42951011857133,394.8582,92968367,412.41
2023-04-28 00:00:00+00:00,393.9773623350083,398.2379744091554,393.91991588007596,398.2284,89433133,415.93
2023-05-01 00:00:00+00:00,397.78800236095407,399.84650045967607,397.5917269608433,397.8263,62122246,415.51
2023-05-02 00:00:00+00:00,397.117742551845,397.1656145944894,390.463528624282,393.355,103998492,410.84
2023-05-03 00:00:00+00:00,393.85285231116126,396.2560287485908,390.41563979706876,390.655,91531766,408.02
2023-05-04 00:00:00+00:00,389.6113934786365,389.93692335793446,386.557157258164,387.888,94901859,405.13
2023-05-05 00:00:00+00:00,391.50712019969467,396.11241047912176,391.2486111819305,395.0688,87891789,412.63
2023-05-08 00:00:00+00:00,395.3943113751999,395.65282038086934,393.7762364878616,395.1741,50046770,412.74
2023-05-09 00:00:00+00:00,393.63268818533567,394.55183147494705,393.2108397130411,393.4412,49220121,410.93
2023-05-10 00:00:00+00:00,396.2656641879617,396.8927880162287,391.46888498243914,395.2795,96142922,412.85
2023-05-11 00:00:00+00:00,394.41776064591267,394.87733225681217,392.5220277509524,394.5901,70157055,412.13
2023-05-12 00:00:00+00:00,395.8252168468622,396.03585384484563,391.66034893218983,394.0731,70481555,411.59
2023-05-15 00:00:00+00:00,394.67622181545244,395.8347251107721,392.7709147429844,395.4326,54289379,413.01
2023-05-16 00:00:00+00:00,394.3315797343084,395.245935725777,392.7805255917124,392.7901,57705500,410.25
2023-05-17 00:00:00+00:00,394.8007701033162,398.1566005852178,393.1587588974785,397.5582,87286961,415.23
2023-05-18 00:00:00+00:00,397.2421814040025,401.8091739450898,397.0219700236147,401.3879,97177203,419.23
2023-05-19 00:00:00+00:00,402.2879333596102,402.8145258420525,399.5879500859969,400.8039,103793297,418.62
2023-05-22 00:00:00+00:00,400.82308385587044,402.4986055373815,399.58798501635664,400.9667,60745398,418.79
2023-05-23 00:00:00+00:00,399.3294482745297,400.90156622328476,396.0741492332585,396.4667,86383484,414.09
2023-05-24 00:00:00+00:00,394.86779646306167,395.2507728429298,392.43541773042404,393.5944,89213680,411.09
2023-05-25 00:00:00+00:00,397.08906968768844,398.4486358712167,394.8583279616303,397.0029,90961609,414.65
2023-05-26 00:00:00+00:00,397.6539024784534,402.862380627113,397.5773072115614,402.1443,93829984,420.02
2023-05-30 00:00:00+00:00,404.06876558855726,404.5953580608311,400.91399795920796,402.2975,72215961,420.18
2023-05-31 00:00:00+00:00,400.47839960751463,401.3783940983607,398.50607125523516,400.0667,110811797,417.85
2023-06-01 00:00:00+00:00,400.29644562372573,404.92088493670286,399.0517725167133,403.8677,88865023,421.82
2023-06-02 00:00:00+00:00,406.43365220134604,410.4932015189755,405.90705971910637,409.7081,91426172,427.92
2023-06-05 00:00:00+00:00,410.0527802388199,411.38362306251463,408.2240681573402,408.923,70316039,427.1
2023-06-06 00:00:00+00:00,408.5112804663225,410.3373116241385,407.8602206994837,409.8134,64022180,428.03
2023-06-07 00:00:00+00:00,410.20596323057083,411.3357434485992,407.9751260203962,408.3964,85373281,426.55
2023-06-08 00:00:00+00:00,408.4634234194766,411.3165972083052,407.69747072448905,410.8666,61952840,429.13
2023-06-09 00:00:00+00:00,411.6612464480111,413.60485127238894,410.61763597580835,411.6038,85647273,429.9
2023-06-12 00:00:00+00:00,412.58037062240663,415.4143952604887,411.86229005532505,415.3378,76256703,433.8
2023-06-13 00:00:00+00:00,416.7931293271653,418.7175853364173,416.1324951747355,418.0761,95899695,436.66
2023-06-14 00:00:00+00:00,418.41123505192365,420.37513776659495,415.1367872729768,418.574,100612094,437.18
2023-06-15 00:00:00+00:00,417.7601461568007,425.0079730456394,417.66440207636697,423.7633,110303102,442.6
2023-06-16 00:00:00+00:00,425.7414538433532,426.3063286268147,421.84941084740365,422.3203,114165797,439.46
2023-06-20 00:00:00+00:00,420.38866951827623,421.2727878768471,418.06305383594855,420.1292,76160359,437.18
2023-06-21 00:00:00+00:00,419.1489176438129,419.9465460408332,417.3902911780935,417.9765,76982250,434.94
2023-06-22 00:00:00+00:00,417.0251447504066,419.59100979588095,416.6887953998763,419.4853,70637188,436.51
2023-06-23 00:00:00+00:00,416.0449205235337,418.0918465409386,415.60286138362466,416.314,92074547,433.21
2023-06-26 00:00:00+00:00,415.74707797608005,417.6594645628592,414.37285042879654,414.6131,72823562,431.44
2023-06-27 00:00:00+00:00,415.48758674370083,419.7736388701653,415.0359175734232,419.1586,72813695,436.17
2023-06-28 00:00:00+00:00,418.0822624258118,420.37904809917734,417.4672235844085,419.37,75635984,436.39
2023-06-29 00:00:00+00:00,418.9567539750291,421.1862696856953,418.5531347515464,421.0229,67882305,438.11
2023-06-30 00:00:00+00:00,424.22306323768277,426.97151820519764,423.90593381835413,425.9913,104964000,443.28
2023-07-03 00:00:00+00:00,425.6453315487055,426.76008948376483,425.3666420649406,426.4814,32793379,443.79
2023-07-05 00:00:00+00:00,424.67468228510825,426.57649757836305,424.6650723038386,425.8471,58418434,443.13
2023-07-06 00:00:00+00:00,422.281860414866,422.93533923941226,420.01390449438196,422.5125,80658305,439.66
2023-07-07 00:00:00+00:00,421.5226798631855,425.3762830053586,421.20555042754535,421.4458,86134180,438.55
2023-07-10 00:00:00+00:00,421.0902225583405,422.6854796888504,420.5184285868625,422.5125,62443500,439.66
2023-07-11 00:00:00+00:00,423.27169345251554,425.69340912398866,422.3010851873616,425.2033,64463754,442.46
2023-07-12 00:00:00+00:00,428.97996931976144,430.0273612159993,427.5576920407157,428.6244,91924531,446.02
2023-07-13 00:00:00+00:00,430.43104317554935,432.81431843135505,429.99859403639107,432.0263,72425242,449.56
2023-07-14 00:00:00+00:00,432.90569292534724,433.7561763888889,430.9981113715278,431.7573,69815820,449.28
2023-07-17 00:00:00+00:00,431.6130931860527,434.30388796912433,431.56504327921215,433.2564,52680219,450.84
2023-07-18 00:00:00+00:00,432.929716418239,437.11966883462867,432.4957296037341,436.4758,80744445,454.19
2023-07-19 00:00:00+00:00,437.26381033391914,438.62842783831286,436.4007378123023,437.4464,65891688,455.2
2023-07-20 00:00:00+00:00,436.4565865672962,437.3503149630678,433.8330612764828,434.5442,70591641,452.18
2023-07-21 00:00:00+00:00,436.25477692954126,436.4517815759211,434.53459001724974,434.5442,71275617,452.18
2023-07-24 00:00:00+00:00,435.6877714619111,437.29263852047563,434.6575813500661,436.4854,54023379,454.2
2023-07-25 00:00:00+00:00,436.2162828034429,438.92149261154054,436.1682328956614,437.677,55191238,455.44
2023-07-26 00:00:00+00:00,436.7448618493557,439.16657736822464,435.69737378762267,437.7443,71052891,455.51
2023-07-27 00:00:00+00:00,441.11741859930606,441.5210378660302,433.93876164114124,434.8421,92194383,452.49
2023-07-28 00:00:00+00:00,438.09986186640987,439.9257584566226,434.8438077469579,439.0993,80011789,456.92
2023-07-31 00:00:00+00:00,439.5702206557592,440.2909693614977,438.25845801131527,439.9354,62040449,457.79
2023-08-01 00:00:00+00:00,438.474590404837,439.4163685155976,437.72501190851733,438.6764,55502199,456.48
2023-08-02 00:00:00+00:00,435.57241424699527,435.8318837491391,431.82442533843556,432.5741,93933367,450.13
2023-08-03 00:00:00+00:00,430.56560149719286,433.2083463505927,429.9217327510918,431.3344,64419688,448.84
2023-08-04 00:00:00+00:00,433.1411029117522,435.231273968801,428.8646609789396,429.3836,100128898,446.81
2023-08-07 00:00:00+00:00,431.20950359432896,433.2804547214396,430.51758488828744,433.1315,58357461,450.71
2023-08-08 00:00:00+00:00,430.6040312690808,433.11723351549864,427.9041070906964,431.2479,71361320,448.75
2023-08-09 00:00:00+00:00,431.5169737453729,431.68024732139094,427.6057115064498,428.3649,78789586,445.75
2023-08-10 00:00:00+00:00,430.7097758583571,434.0828794824068,427.35589219797714,428.5187,93005508,445.91
2023-08-11 00:00:00+00:00,426.65432320430835,429.27852069597213,426.05369939638734,428.2688,68690898,445.65
2023-08-14 00:00:00+00:00,427.3558961638883,430.6329,427.0483767423177,430.6329,47867441,448.11
2023-08-15 00:00:00+00:00,428.86467397096345,429.22024331098015,425.0495110524058,425.6165,75707531,442.89
2023-08-16 00:00:00+00:00,425.2032146119552,426.8561313256301,422.38749021017196,422.4932,80107211,439.64
2023-08-17 00:00:00+00:00,423.95396118178274,424.21343069288775,418.75496097779,419.2739,95711320,436.29
2023-08-18 00:00:00+00:00,416.46777573654066,420.50396803894614,416.12181639633445,419.4757,98851961,436.5
2023-08-21 00:00:00+00:00,420.4847134224064,422.94486852779175,418.3416876860746,422.2049,68718961,439.34
2023-08-22 00:00:00+00:00,423.9732248134201,423.9732248134201,420.5040209928107,421.0614,65062859,438.15
2023-08-23 00:00:00+00:00,422.11842708168746,426.36603880098414,421.9742773627068,425.751,68441023,443.03
2023-08-24 00:00:00+00:00,427.34628589576323,427.85561493739846,419.8168650632883,419.8505,88517273,436.89
2023-08-25 00:00:00+00:00,421.5707122576539,424.0885276723413,418.034238698093,422.8104,102325102,439.97
2023-08-28 00:00:00+00:00,424.9918808925829,426.10663890143644,422.8131055842443,425.4916,61595391,442.76
2023-08-29 00:00:00+00:00,425.3858024646006,431.9205894447413,425.20321282839075,431.6419,83081922,449.16
2023-08-30 00:00:00+00:00,431.9783026939536,434.0540588146605,431.27677400501096,433.4198,69053914,451.01
2023-08-31 00:00:00+00:00,434.0347975463528,435.1687753191962,432.60291035861,432.7855,66084562,450.35
2023-09-01 00:00:00+00:00,435.4955765331679,435.9760756577052,432.1416926438973,433.5928,58944102,451.19
2023-09-05 00:00:00+00:00,433.15068721396136,433.46781659691925,431.65153013088775,431.7188,55166207,449.24
2023-09-06 00:00:00+00:00,430.9115759939043,431.0172857917619,426.5005944287571,428.8166,70758516,446.22
2023-09-07 00:00:00+00:00,425.8278633247162,428.1726986624705,425.48190401258853,427.5,70355430,444.85
2023-09-08 00:00:00+00:00,427.5480811411384,429.67188707353205,427.1925118221404,428.1439,62068441,445.52
2023-09-11 00:00:00+00:00,430.75779039803774,431.2671193934664,429.0567276531163,430.9596,60180121,448.45
2023-09-12 00:00:00+00:00,429.5181582995134,431.03653550079594,428.0190010628041,428.5956,67565422,445.99
2023-09-13 00:00:00+00:00,428.81661052608007,430.2484978231171,427.7203998953887,429.0953,60199273,446.51
2023-09-14 00:00:00+00:00,431.5554124633626,433.4870186250999,430.25326005084816,432.7951,83430805,450.36
2023-09-15 00:00:00+00:00,431.2166443963281,431.5445364639015,427.1469252046823,427.5809,111848898,443.37
2023-09-18 00:00:00+00:00,427.2722547618511,429.1238803777923,426.7997044744494,427.8316,55752207,443.63
2023-09-19 00:00:00+00:00,426.91546834722504,427.50374528698245,424.2730440604459,426.9444,66514648,442.71
2023-09-20 00:00:00+00:00,428.1980653679555,428.60793041104324,422.81677844929783,423.0193,82562602,438.64
2023-09-21 00:00:00+00:00,420.1840138853474,420.4443987459144,415.8731978604048,416.0275,104095797,431.39
2023-09-22 00:00:00+00:00,417.0497081919985,418.64094884066725,414.6773130430742,415.092,100829695,430.42
2023-09-25 00:00:00+00:00,413.88657148277537,416.8761755361728,413.4525967008306,416.8376,70874531,432.23
2023-09-26 00:00:00+00:00,413.80938652437305,414.51339000187846,409.88432604019914,410.7137,96168438,425.88
2023-09-27 00:00:00+00:00,411.880663990142,412.4400092923366,407.25159942025584,410.8777,104705797,426.05
2023-09-28 00:00:00+00:00,410.327959385793,414.92799542385427,409.73968248623174,413.2597,92258312,428.52
2023-09-29 00:00:00+00:00,416.2974868742398,416.47107676382524,410.74261040750446,412.2567,115111297,427.48
2023-10-02 00:00:00+00:00,411.42737201563267,413.33686101425195,409.344293108048,412.0928,83798602,427.31
2023-10-03 00:00:00+00:00,409.92292770227,412.15346160214904,405.21671237458196,406.5765,103760602,421.59
2023-10-04 00:00:00+00:00,407.03943390948046,410.279682669147,405.5832073470541,409.5372,87452969,424.66
2023-10-05 00:00:00+00:00,409.24778564899884,410.22181775265017,406.171483661437,409.3828,70142734,424.5
2023-10-06 00:00:00+00:00,406.942979694557,415.7719556385901,405.62176756530243,414.2434,113273297,429.54
2023-10-09 00:00:00+00:00,412.35313130537367,417.4643890721506,411.80352643720653,416.8954,80374359,432.29
2023-10-10 00:00:00+00:00,417.52227869010903,421.6498606940673,417.1268794794495,419.0653,78607273,434.54
2023-10-11 00:00:00+00:00,420.1261159607627,421.03264095617897,417.7537207599927,420.7819,62451738,436.32
2023-10-12 00:00:00+00:00,421.38943727805196,421.76072674676016,415.8731366001015,418.2166,81154234,433.66
2023-10-13 00:00:00+00:00,419.7114810104287,420.9073226419467,414.5712907717265,416.1336,95201125,431.5
2023-10-16 00:00:00+00:00,418.3709578433171,421.57272719475276,418.12986075360055,420.5119,75433195,436.04
2023-10-17 00:00:00+00:00,417.39691345809825,422.53710326131824,417.04973365900645,420.4926,75324711,436.02
2023-10-18 00:00:00+00:00,418.7277655214895,419.682509960252,413.8093850793798,414.8895,93559797,430.21
2023-10-19 00:00:00+00:00,415.6031350866496,417.40654119550686,410.5642062530779,411.2441,121323000,426.43
2023-10-20 00:00:00+00:00,410.81011986514403,411.3501773024051,406.0846172891094,406.1907,123919906,421.19
2023-10-23 00:00:00+00:00,404.66696995433574,409.334609273177,402.92142715121537,405.4867,92035102,420.46
2023-10-24 00:00:00+00:00,407.5986995019238,409.69142203337816,405.7567179189387,408.5438,78564242,423.63
2023-10-25 00:00:00+00:00,406.86574486169314,406.8946765082026,402.1643523039157,402.6803,94223203,417.55
2023-10-26 00:00:00+00:00,401.61951443461396,402.4633542116107,396.9422310992607,397.8584,115156797,412.55
2023-10-27 00:00:00+00:00,399.44000304373236,399.8354022596669,394.6373491526249,396.055,107367695,410.68
2023-10-30 00:00:00+00:00,398.83239191510864,401.84128315888256,397.54011170143656,400.7901,86562680,415.59
2023-10-31 00:00:00+00:00,401.35913557149695,403.6254481492109,399.45929055954093,403.3072,79665148,418.2
2023-11-01 00:00:00+00:00,404.27161614536504,408.41848625372637,403.741106088014,407.6084,98068117,422.66
2023-11-02 00:00:00+00:00,411.3887569458631,415.5693801850218,411.36946918005384,415.4199,94938914,430.76
2023-11-03 00:00:00+00:00,417.71519795716483,420.7530214635717,417.58982746324966,419.21,100167797,434.69
2023-11-06 00:00:00+00:00,419.96223454290896,420.6178258053203,418.23597923294085,420.1744,67831664,435.69
2023-11-07 00:00:00+00:00,420.17435845101045,422.0018743666033,419.0363802027785,421.3702,64256113,436.93
2023-11-08 00:00:00+00:00,421.96811650085766,422.4888862024014,419.3835557598628,421.6788,61746031,437.25
2023-11-09 00:00:00+00:00,422.8167420846395,422.8553176147889,417.96586916835696,418.3902,83174414,433.84
2023-11-10 00:00:00+00:00,420.453982474297,425.2277042350378,418.3839231289576,424.9191,89558047,440.61
2023-11-13 00:00:00+00:00,423.5882872009814,425.61350269883457,422.80713265180947,424.5141,52236070,440.19
2023-11-14 00:00:00+00:00,430.4258239921556,434.0326365520469,430.20401466360613,432.75,97176945,448.73
2023-11-15 00:00:00+00:00,434.08078693960147,435.3055599937733,432.81743835616436,433.6661,77327570,449.68
2023-11-16 00:00:00+00:00,433.2225676920685,434.5148481798192,432.1617404260044,434.1966,66665797,450.23
2023-11-17 00:00:00+00:00,434.2061864371437,435.3441646265445,433.2900175558464,434.7366,83193906,450.79
2023-11-20 00:00:00+00:00,434.4858318804209,438.9171958239775,434.4761879980628,438.083,70055633,454.26
2023-11-21 00:00:00+00:00,437.04555548097164,437.95863835528496,435.8648548440665,437.1283,49244641,453.27
2023-11-22 00:00:00+00:00,438.77742446485865,440.1275681948046,437.7257589380686,438.816,59446566,455.02
2023-11-24 00:00:00+00:00,438.8641906874588,439.2788776630793,438.536298660224,439.086,29737381,455.3
2023-11-27 00:00:00+00:00,438.4591460130259,439.2693286338673,437.9093482364021,438.2952,50505992,454.48
2023-11-28 00:00:00+00:00,437.909469887675,440.0214804123711,437.35012463455917,438.7292,62115008,454.93
2023-11-29 00:00:00+00:00,440.8701464772002,441.9984808781153,438.02520076549126,438.4206,63145992,454.61
2023-11-30 00:00:00+00:00,439.25956280455745,440.4939797721297,437.1957719368975,440.1468,79752703,456.4
2023-12-01 00:00:00+00:00,439.5392867327379,443.2811136027009,438.95100982792417,442.7507,89183398,459.1
2023-12-04 00:00:00+00:00,439.3753167356412,442.7705422406884,438.1601874575751,440.4265,72430891,456.69
2023-12-05 00:00:00+00:00,439.0474196714848,441.29444442181335,438.6713082325887,440.3397,69793469,456.6
2023-12-06 00:00:00+00:00,442.47097240742374,442.4999040548861,438.13122528806406,438.5652,69124688,454.76
2023-12-07 00:00:00+00:00,440.63870730200995,442.5578402330707,440.0407864893176,441.9117,66995445,458.23
2023-12-08 00:00:00+00:00,441.16907603216,444.33709162863977,440.9279789548023,443.8115,83194398,460.2
2023-12-11 00:00:00+00:00,443.3197066646464,445.7113899132016,443.10754121517783,445.5378,65002246,461.99
2023-12-12 00:00:00+00:00,445.1905609523809,447.6690388278388,444.197241025641,447.5726,68327617,464.1
2023-12-13 00:00:00+00:00,447.94872625504786,453.9953445218491,447.5919025802338,453.7447,93277961,470.5
2023-12-14 00:00:00+00:00,455.6734502446982,456.85964779771615,452.5391884176183,455.2009,119026000,472.01
2023-12-15 00:00:00+00:00,454.60642774806644,455.77806884281847,452.60815028753757,454.4515,141553703,469.33
2023-12-18 00:00:00+00:00,456.0492843655317,457.98588160688183,454.99664693499585,457.0079,70375289,471.97
2023-12-19 00:00:00+00:00,457.5501302691433,459.864363886783,457.4726663823604,459.7869,55761809,474.84
2023-12-20 00:00:00+00:00,458.93480199034724,460.80845977128087,452.989448618289,453.4155,102921000,468.26
2023-12-21 00:00:00+00:00,456.3881310577533,457.98098208694734,453.97706779775757,457.7147,86667469,472.7
2023-12-22 00:00:00+00:00,458.8379426918611,460.3097564615222,456.74641786128996,458.6346,67160414,473.65
2023-12-26 00:00:00+00:00,459.0412883086303,461.47171764112267,458.963824425523,460.5712,55386953,475.65
2023-12-27 00:00:00+00:00,460.3678206459466,461.5491447692599,459.8352564919939,461.4039,68000312,476.51
2023-12-28 00:00:00+00:00,461.7621767102309,462.4109366884138,461.16183165579304,461.5782,77158117,476.69
2023-12-29 00:00:00+00:00,461.38459232921673,461.90747356462094,458.2957198459953,460.242,122283102,475.31
2024-01-02 00:00:00+00:00,457.191833720512,458.6539645001587,455.57477517613455,457.6663,123007797,472.65
2024-01-03 00:00:00+00:00,455.51670970157215,456.25261663644704,453.32835486891787,453.9287,103585906,468.79
2024-01-04 00:00:00+00:00,453.45416441961993,456.0298382982366,452.24379135636025,452.4665,84232172,467.28
2024-01-05 00:00:00+00:00,452.669831676355,455.52631203624554,451.6434353436485,453.0862,86118914,467.92
2024-01-08 00:00:00+00:00,453.58009784028656,459.69974478508215,453.4542190265487,459.5545,74879070,474.6
2024-01-09 00:00:00+00:00,456.91101998607246,459.87401344011147,456.40750475858874,458.8573,65931438,473.88
2024-01-10 00:00:00+00:00,459.1283837669968,462.3122458360542,458.8475772221756,461.4523,67310641,476.56
2024-01-11 00:00:00+00:00,462.4496901647948,462.9628883803926,457.28865905321715,461.249,77940719,476.35
2024-01-12 00:00:00+00:00,462.69172618947715,463.4276330032726,460.1644672631534,461.5685,58026422,476.68
2024-01-16 00:00:00+00:00,460.1935385004106,461.5005477969385,458.0632818310067,459.874,85014875,474.93
2024-01-17 00:00:00+00:00,456.8625997035719,457.8018492515192,454.9744176226471,457.3177,68843875,472.29
2024-01-18 00:00:00+00:00,458.98321947155233,461.93653020210286,457.4436246972654,461.3846,91856250,476.49
2024-01-19 00:00:00+00:00,462.5078326285678,467.4171065978484,461.4305035914433,467.1363,110834492,482.43
2024-01-22 00:00:00+00:00,468.6661471486193,469.8377883090289,467.4751400186162,468.1239,75844930,483.45
2024-01-23 00:00:00+00:00,468.66614629377545,469.7264331270882,467.581651998515,469.4892,49945301,484.86
2024-01-24 00:00:00+00:00,472.3456823255527,473.27524886792065,469.51040754148215,470.0024,81765039,485.39
2024-01-25 00:00:00+00:00,472.1181241983075,472.82498207794606,470.0023920517181,472.5587,72524992,488.03
2024-01-26 00:00:00+00:00,472.13269374038276,473.61419053363693,471.1159802548163,471.9584,76641609,487.41
2024-01-29 00:00:00+00:00,472.26822333950787,475.8364032812914,471.72597618417575,475.696,61322754,491.27
2024-01-30 00:00:00+00:00,475.00856146183463,476.0349579783658,474.5728270916091,475.3281,58618391,490.89
2024-01-31 00:00:00+00:00,473.1300336315441,473.576709749006,467.5526340291584,467.572,126011102,482.88
2024-02-01 00:00:00+00:00,469.2664760997547,473.7206489533933,468.4627883892069,473.6916,91891641,489.2
2024-02-02 00:00:00+00:00,474.12739670274095,480.32450757560434,473.7884922018813,478.6784,99228195,494.35
2024-02-05 00:00:00+00:00,478.0441017216526,478.7052559011674,474.688947603289,476.9354,75757102,492.55
2024-02-06 00:00:00+00:00,477.87468268350943,478.64932149479733,476.4512838677679,478.3201,55918602,493.98
2024-02-07 00:00:00+00:00,480.55687965268015,482.7258683698052,479.6563620156595,482.3095,70556516,498.1
2024-02-08 00:00:00+00:00,482.3094743337615,482.900136408332,481.4961036081233,482.5225,52343641,498.32
2024-02-09 00:00:00+00:00,483.0260155786113,485.7469343176376,482.6871111093376,485.3112,63979379,501.2
2024-02-12 00:00:00+00:00,485.2821767216256,487.53831230787654,484.38165908419495,485.0982,56502281,500.98
2024-02-13 00:00:00+00:00,478.85263430416126,481.331478345612,475.15857570332736,478.4169,113099203,494.08
2024-02-14 00:00:00+00:00,481.0410286098241,483.2487492669033,478.72679511402606,482.7646,68387828,498.57
2024-02-15 00:00:00+00:00,483.4617282424653,486.2794767036513,482.9824205145316,486.0955,61682961,502.01
2024-02-16 00:00:00+00:00,485.79537378631056,486.92828306940805,482.93889311525294,483.6748,75532930,499.51
2024-02-20 00:00:00+00:00,481.9415666317739,482.60969264836143,478.77523029229405,481.012,71736734,496.76
2024-02-21 00:00:00+00:00,479.7144456748658,481.6026277609059,477.9134104543352,481.4477,59603770,497.21
2024-02-22 00:00:00+00:00,488.0321381576355,492.37011553694583,487.07352262068963,491.4115,76402547,507.5
2024-02-23 00:00:00+00:00,493.12538388894353,493.9581206104164,491.0241761149946,491.7504,61321820,507.85
2024-02-26 00:00:00+00:00,492.18616972667445,492.62190408901364,489.8235211842132,489.9494,50386738,505.99
2024-02-27 00:00:00+00:00,490.63689132621863,491.0823086737814,488.7487090919851,490.8596,48854527,506.93
2024-02-28 00:00:00+00:00,489.31028239244654,490.78693760913364,488.9520119464307,490.2108,56506633,506.26
2024-02-29 00:00:00+00:00,491.963417015037,493.5804755038577,489.32964510510163,491.9731,83924797,508.08
2024-03-01 00:00:00+00:00,492.8445846972799,497.0179513522472,492.4378993155894,496.5919,76844844,512.85
2024-03-04 00:00:00+00:00,495.79785941635765,497.8990670700762,495.7688104626196,496.0593,49799262,512.3
2024-03-05 00:00:00+00:00,494.06459320951143,494.51001048937263,488.9035625537285,491.1016,72855617,507.18
2024-03-06 00:00:00+00:00,494.36483886218736,495.8356844017655,492.30236289161354,493.5902,68382367,509.75
2024-03-07 00:00:00+00:00,496.87274134535073,499.5355624832463,493.6437560186088,498.4898,58652090,514.81
2024-03-08 00:00:00+00:00,499.1191363284609,501.7917369728953,494.926403894708,495.4977,86532547,511.72
2024-03-11 00:00:00+00:00,494.2970611328431,495.65267915036776,492.3798299366297,495.0717,62557180,511.28
2024-03-12 00:00:00+00:00,497.17286598746085,500.9782791013584,494.664972866597,500.3973,73114438,516.78
2024-03-13 00:00:00+00:00,500.71686034071746,500.89115407872544,498.1799181541562,499.613,55104090,515.97
2024-03-14 00:00:00+00:00,500.58126292067186,500.7313491843868,495.594525771434,498.6253,110171797,514.95
2024-03-15 00:00:00+00:00,495.5704966243649,497.0177439146382,493.54240780417,495.2014,107646305,509.83
2024-03-18 00:00:00+00:00,499.2517899621729,500.68932429902895,497.7365510665679,498.1445,88893328,512.86
2024-03-19 00:00:00+00:00,497.4548473075953,501.18952247677953,496.4544011634445,500.9127,60755262,515.71
2024-03-20 00:00:00+00:00,500.9709446395634,505.6817829618813,500.3007428988626,505.5458,69594570,520.48
2024-03-21 00:00:00+00:00,508.37235529490613,509.0716963136729,506.9348209785522,507.2165,60256113,522.2
2024-03-22 00:00:00+00:00,507.1290762629267,507.60987320753634,506.02178632988625,506.2549,79070844,521.21
2024-03-25 00:00:00+00:00,504.8853392077264,506.0023421705755,504.7007908921254,504.8562,48512113,519.77
2024-03-26 00:00:00+00:00,506.2742625450551,506.614219937935,503.5254641969122,503.9237,65463738,518.81
2024-03-27 00:00:00+00:00,506.7404920121567,508.1974522736396,504.5793342909571,508.1586,82999773,523.17
2024-03-28 00:00:00+00:00,508.19748296595105,509.55731262546124,507.7798209991014,508.0615,96294891,523.07
2024-04-01 00:00:00+00:00,508.7996824881263,509.3339012716409,506.0217448138502,507.1776,62477539,522.16
2024-04-02 00:00:00+00:00,503.3701158276154,504.08888297355634,501.6606155886207,503.9529,74230312,518.84
2024-04-03 00:00:00+00:00,502.8649913940818,506.00231257580725,502.81156951637433,504.5065,59155762,519.41
2024-04-04 00:00:00+00:00,508.49855646987737,508.83598846582333,498.0424383456448,498.3484,96858070,513.07
2024-04-05 00:00:00+00:00,499.69851188395745,505.5069267287774,499.26142381035055,503.5546,74546477,518.43
2024-04-08 00:00:00+00:00,504.25396195442625,505.2544080313078,503.0301152972702,503.8363,48401754,518.72
2024-04-09 00:00:00+00:00,505.5652421435723,505.8080688689054,499.59170470037736,504.4191,68124391,519.32
2024-04-10 00:00:00+00:00,498.7466635882673,501.3497660623978,497.39654700653546,499.3683,82652805,514.12
2024-04-11 00:00:00+00:00,500.8835678764478,504.57453428571426,497.3868628571429,503.137,70099008,518.0
2024-04-12 00:00:00+00:00,499.61110008221584,501.0146384682392,494.4728868904766,496.1921,92561086,510.85
2024-04-15 00:00:00+00:00,500.3493584180791,500.5144806026365,489.1307629378531,489.9758,92101445,504.45
2024-04-16 00:00:00+00:00,490.45174283160884,491.96698170913356,487.80007479594065,489.0822,73484016,503.53
2024-04-17 00:00:00+00:00,491.52988829287784,491.6950104764759,484.7987310438518,486.1877,75910312,500.55
2024-04-18 00:00:00+00:00,487.57661486226783,489.66492459961563,484.25474541960284,485.1872,74548086,499.52
2024-04-19 00:00:00+00:00,485.1094933193311,486.09536977239674,479.6896010945957,480.9523,102212602,495.16
2024-04-22 00:00:00+00:00,483.5457298987433,487.9651764388057,481.21459326222686,485.3815,67961047,499.72
2024-04-23 00:00:00+00:00,487.3823425571047,491.5686750064274,485.1996218424602,491.1413,64633621,505.65
2024-04-24 00:00:00+00:00,492.02520288874376,492.8119614451633,488.69362035970795,490.9082,55928078,505.41
2024-04-25 00:00:00+00:00,484.8569673558561,489.8009193648334,483.21545873205025,489.0433,69122367,503.49
2024-04-26 00:00:00+00:00,491.8213036142919,495.2500173533231,491.18995405894617,493.6765,64306121,508.26
2024-04-29 00:00:00+00:00,495.4539392071521,496.09500176449825,492.6954275967533,495.4248,46415449,510.06
2024-04-30 00:00:00+00:00,493.967798908323,494.9391057332961,487.5766,487.5766,77483570,501.98
2024-05-01 00:00:00+00:00,486.99384609173575,493.6084459798141,485.52231616068747,485.9934,80242844,500.35
2024-05-02 00:00:00+00:00,489.6843499693088,491.37442389363014,485.2163384452409,490.5391,62550180,505.03
2024-05-03 00:00:00+00:00,496.4932301042461,497.8433466819221,493.9678321891686,496.6195,72756711,511.29
2024-05-06 00:00:00+00:00,499.0089145711133,501.786852275587,498.57182647075894,501.748,47264699,516.57
2024-05-07 00:00:00+00:00,502.70964893839187,503.690669004525,501.6314981726419,502.3017,52561301,517.14
2024-05-08 00:00:00+00:00,500.47557774125556,502.8844187783986,500.3590209168777,502.3502,42047207,517.19
2024-05-09 00:00:00+00:00,502.5347538035643,505.28102687732866,501.87912165926537,505.2447,43643672,520.17
2024-05-10 00:00:00+00:00,506.8376677194531,507.63899593445205,504.68136634091087,505.8955,52233168,520.84
2024-05-13 00:00:00+00:00,507.5661564569695,507.6730002207675,504.8270708759671,505.9635,36716359,520.91
2024-05-14 00:00:00+00:00,506.1577378922225,508.7996926562202,505.6235190980317,508.2849,57535871,523.3
2024-05-15 00:00:00+00:00,510.7423375174601,514.8703920872815,510.1109879950167,514.579,59504898,529.78
2024-05-16 00:00:00+00:00,514.6761553348842,516.270847174223,513.3746039493842,513.5203,50244832,528.69
2024-05-17 00:00:00+00:00,513.6367636301823,514.3263914779488,512.1895164567004,514.2584,59187594,529.45
2024-05-20 00:00:00+00:00,514.3749596517376,516.3079573804665,513.9864369184621,514.8509,37764207,530.06
2024-05-21 00:00:00+00:00,514.0932817825956,516.2690090936464,513.8893073471846,516.1136,33437000,531.36
2024-05-22 00:00:00+00:00,515.4239716040994,516.1330255931148,512.4614857595833,514.6275,48389969,529.83
2024-05-23 00:00:00+00:00,517.6677486044566,517.774592368241,509.66417939006766,510.8686,57211199,525.96
2024-05-24 00:00:00+00:00,512.7043221044877,515.0548846875944,511.7631257643925,514.2487,41291078,529.44
2024-05-28 00:00:00+00:00,515.054901166456,515.28801481852,511.9855714142807,514.6081,36269602,529.81
2024-05-29 00:00:00+00:00,510.5966510701387,512.1798814407906,510.2955459076221,511.0046,45190320,526.1
2024-05-30 00:00:00+00:00,509.4698961826219,510.1303848759114,506.37142716557287,507.6147,46468512,522.61
2024-05-31 00:00:00+00:00,508.56656006029925,512.3643698921061,503.48662517018414,512.2381,90785758,527.37
2024-06-03 00:00:00+00:00,513.8407944600228,514.1224734710117,507.6050039408868,512.6558,46835699,527.8
2024-06-04 00:00:00+00:00,511.3542775109294,513.9670933117583,509.89731702719587,513.2289,34632660,528.39
2024-06-05 00:00:00+00:00,515.5406027998579,519.348126139488,513.5546685600091,519.3287,47610367,534.67
2024-06-06 00:00:00+00:00,519.6298182396289,520.0571933191186,517.395812142296,519.319,30808529,534.66
2024-06-07 00:00:00+00:00,518.3476425834722,521.4849638845715,517.2549223160614,518.6876,43224527,534.01
2024-06-10 00:00:00+00:00,517.8814586752791,520.6108313053056,517.2889614139567,520.2903,35729246,535.66
2024-06-11 00:00:00+00:00,518.745935805941,521.6015784207095,516.7838956420524,521.5433,36383406,536.95
2024-06-12 00:00:00+00:00,526.0889528613122,528.5075070267474,524.7971146926259,525.8267,63251312,541.36
2024-06-13 00:00:00+00:00,527.5653147939902,527.7352934924878,524.1074624131256,526.8854,44760953,542.45
2024-06-14 00:00:00+00:00,525.3605167471168,527.235139209256,524.360070562659,527.206,40089898,542.78
2024-06-17 00:00:00+00:00,526.5260394077866,532.7909688539572,526.0668055097789,531.402,55839461,547.1
2024-06-18 00:00:00+00:00,531.4602618753305,532.878369891885,531.0425999252494,532.7521,41376422,548.49
2024-06-20 00:00:00+00:00,533.6748889506399,534.3353776745887,529.5371213564899,531.3049,70328234,547.0
2024-06-21 00:00:00+00:00,530.4854115443242,531.7034621770031,529.1406836458467,530.5926,64513859,544.51
2024-06-24 00:00:00+00:00,530.4171602866935,532.9701942182261,528.750867148174,528.8678,45528648,542.74
2024-06-25 00:00:00+00:00,530.0858700071582,531.2649429730375,528.5754872822715,530.9044,38273352,544.83
2024-06-26 00:00:00+00:00,529.7935184139614,532.2783415152793,529.1503877289142,531.567,38550641,545.51
2024-06-27 00:00:00+00:00,531.4305596024672,532.9799198345444,530.6899849003422,532.405,35041480,546.37
2024-06-28 00:00:00+00:00,533.174855021866,536.2151093307853,529.0724605857924,530.31,76144547,544.22
2024-07-01 00:00:00+00:00,531.6839877544284,531.9275978875563,528.6534776983166,531.4014,40297809,545.34
2024-07-02 00:00:00+00:00,529.8033207409702,534.9776,529.7545987140489,534.9776,40434793,549.01
2024-07-03 00:00:00+00:00,534.6657001069888,537.7254429459979,534.6267224912051,537.3649,32789910,551.46
2024-07-05 00:00:00+00:00,537.667055655921,540.8632206205828,537.0336693062167,540.4637,41488391,554.64
2024-07-08 00:00:00+00:00,541.2432104739952,542.0326046926416,540.0251598959085,541.0873,36110449,555.28
2024-07-09 00:00:00+00:00,542.0422538051887,542.9387390342197,541.3211678600985,541.6135,27314131,555.82
2024-07-10 00:00:00+00:00,542.8315281889119,547.3139541491483,542.5391960610702,546.9729,38701219,561.32
2024-07-11 00:00:00+00:00,547.089824439333,547.9570764052618,541.6232137327488,542.2566,53054180,556.48
2024-07-12 00:00:00+00:00,543.3772205700102,549.2628408060858,542.9094891605207,545.6769,53084406,559.99
2024-07-15 00:00:00+00:00,547.6648202731822,550.4001723308817,545.3261629619076,547.1776,40584289,561.53
2024-07-16 00:00:00+00:00,548.4784910641574,550.7148321708033,547.7330440286089,550.4225,36475262,564.86
2024-07-17 00:00:00+00:00,544.5173593564834,546.1836526358314,542.3833346303012,542.7049,57118961,556.94
2024-07-18 00:00:00+00:00,544.2347770654653,545.2189619947166,536.3612976314552,538.5343,56270391,552.66
2024-07-19 00:00:00+00:00,538.3004309768847,539.9180022368349,533.9057042405143,534.9581,65509078,548.99
2024-07-22 00:00:00+00:00,538.8655732443883,541.0775530839268,536.9361811376543,540.4734,43346719,554.65
2024-07-23 00:00:00+00:00,540.366274834772,542.5051718904621,539.1336075111055,539.6257,34439559,553.78
2024-07-24 00:00:00+00:00,534.8313805664875,535.1334571032647,526.4804259852558,527.3964,74515273,541.23
2024-07-25 00:00:00+00:00,527.5133550175517,533.4623141611412,523.7130371371261,524.6485,61158289,538.41
2024-07-26 00:00:00+00:00,528.4196084637425,533.2041114466241,527.649800448167,530.5244,53763793,544.44
2024-07-29 00:00:00+00:00,532.0639950143182,533.0676687164989,528.8483414053895,530.8362,39515820,544.76
2024-07-30 00:00:00+00:00,532.2978161291512,533.3502117675276,524.7507751854243,528.1467,46853633,542.0
2024-07-31 00:00:00+00:00,534.9483737913255,539.3528450826964,533.5840595756068,536.7316,65663391,550.81
2024-08-01 00:00:00+00:00,538.4465505478721,540.6865942172703,525.6424032467173,529.1309,76428727,543.01
2024-08-02 00:00:00+00:00,522.0564551979734,523.2647613191969,515.0892061925315,519.2793,82789070,532.9
2024-08-05 00:00:00+00:00,498.562711817233,510.1975307897484,497.2277284007886,504.156,146267391,517.38
2024-08-06 00:00:00+00:00,505.94898937470083,516.2098476970219,504.63349471799296,508.8041,84826312,522.15
2024-08-07 00:00:00+00:00,514.9625611209656,518.0028154224348,504.810742743358,505.4033,70698336,518.66
2024-08-08 00:00:00+00:00,510.5190716818996,517.7104418580986,508.50198004711217,517.0868,63276594,530.65
2024-08-09 00:00:00+00:00,516.268279461153,520.848149439952,515.0502289348767,519.367,45619559,532.99
2024-08-12 00:00:00+00:00,520.555874095674,522.037023697189,517.3791979766348,519.6399,42542070,533.27
2024-08-13 00:00:00+00:00,522.816533135931,528.4195657073279,522.5729230241311,528.1857,52333070,542.04
2024-08-14 00:00:00+00:00,528.975003586207,531.0310729563219,526.3147811310345,529.852,42446930,543.75
2024-08-15 00:00:00+00:00,535.4550474623466,539.2163877411539,534.8508943605691,538.9338,60846809,553.07
2024-08-16 00:00:00+00:00,537.3259670256716,540.8339527376378,537.1700565495843,540.1421,44430727,554.31
2024-08-19 00:00:00+00:00,540.5513307803649,545.3066,539.703567620307,545.3066,39121793,559.61
2024-08-20 00:00:00+00:00,544.85839821908,546.5052026418472,543.0800443305889,544.4199,33732262,558.7
2024-08-21 00:00:00+00:00,545.4625256252007,547.7427162570011,540.5513458028611,546.2908,41514602,560.62
2024-08-22 00:00:00+00:00,548.1812528280176,548.7854059436912,540.7949937686526,542.0033,56121461,556.22
2024-08-23 00:00:00+00:00,545.2286548769857,548.6976628146515,543.0459083094657,547.7622,50639391,562.13
2024-08-26 00:00:00+00:00,548.7854128461635,549.4967544267909,544.7609734927513,546.4565,35788609,560.79
2024-08-27 00:00:00+00:00,545.1897081914667,547.6940202436072,544.0496128214262,547.2068,32693900,561.56
2024-08-28 00:00:00+00:00,546.8657216926384,547.2944754880889,540.8534241518896,544.0301,41066020,558.3
2024-08-29 00:00:00+00:00,545.9887031933374,549.2725673573922,542.938704726426,544.0788,38715180,558.35
2024-08-30 00:00:00+00:00,546.4369782536191,549.7793090405905,542.899759374113,549.2726,62700113,563.68
2024-09-03 00:00:00+00:00,546.1446556241849,546.4759653872626,535.4647879673236,537.9691,60523000,552.08
2024-09-04 00:00:00+00:00,536.1371696161176,540.2590529812142,535.4160836373537,536.868,47224941,550.95
2024-09-05 00:00:00+00:00,536.8094837393788,539.6446181454121,533.1163545423118,535.5622,44264262,549.61
2024-09-06 00:00:00+00:00,535.8838405470428,537.5014118735658,525.6522146865053,526.5487,68493805,540.36
2024-09-09 00:00:00+00:00,530.7289848282425,533.7107725700481,528.8093371644003,532.444,40445820,546.41
2024-09-10 00:00:00+00:00,534.3441905865632,535.1139985786913,529.4914769146668,534.7632,36394578,548.79
2024-09-11 00:00:00+00:00,534.6755003607374,541.1652740665921,526.1588904224235,540.2493,75248609,554.42
2024-09-12 00:00:00+00:00,540.8241830456634,545.1019765332951,538.6122032695988,544.7999,51892738,559.09
2024-09-13 00:00:00+00:00,545.4040868721198,548.6392293001904,545.1507323446203,547.6453,39310500,562.01
2024-09-16 00:00:00+00:00,547.3822154324497,548.7171989393078,545.5892448830929,548.4541,36656121,562.84
2024-09-17 00:00:00+00:00,550.6563141705293,552.0984860781075,546.4613479123376,548.6782,49320969,563.07
2024-09-18 00:00:00+00:00,549.3310907837549,554.1545712878518,546.4954689116495,547.0509,59044941,561.4
2024-09-19 00:00:00+00:00,556.4152332130722,558.2374368279098,553.560122736348,556.386,75315469,570.98
2024-09-20 00:00:00+00:00,555.0234539868017,556.460275058513,552.4137177545094,555.4242,77503109,568.25
2024-09-23 00:00:00+00:00,556.4896483016483,557.4597469701757,555.2776358593571,556.8122,44116922,569.67
2024-09-24 00:00:00+00:00,557.603907915281,558.4640457622966,554.7889113250482,558.4054,46805672,571.3
2024-09-25 00:00:00+00:00,558.2489722335275,558.9820442109326,556.0693048873763,557.1738,38428594,570.04
2024-09-26 00:00:00+00:00,561.4158529861961,561.7384046618906,557.0369696313122,559.3828,48336000,572.3
2024-09-27 00:00:00+00:00,560.4482645178224,561.2595309500061,557.5452990918158,558.5716,42100930,571.47
2024-09-30 00:00:00+00:00,557.5452857605967,561.4159062360568,555.2581009341885,560.8099,63655449,573.76
2024-10-01 00:00:00+00:00,560.4580124863704,561.1052662287291,553.2250349970103,555.7859,72668781,568.62
2024-10-02 00:00:00+00:00,554.8964561667194,557.0370265970537,552.511528381324,556.0205,38097801,568.86
2024-10-03 00:00:00+00:00,554.5542825261526,556.941653569353,552.7264897520341,555.0039,40846473,567.82
2024-10-04 00:00:00+00:00,559.4317194753744,560.4189231735837,555.2776445076618,560.0475,43005191,572.98
2024-10-07 00:00:00+00:00,558.4054028178937,559.0504084634731,553.8408076294471,554.9844,49964688,567.8
2024-10-08 00:00:00+00:00,557.5452691941309,560.829431924211,556.6752592994749,560.2332,37398688,573.17
2024-10-09 00:00:00+00:00,560.223431015005,564.6707347541325,559.627199085144,564.1136,37912238,577.14
2024-10-10 00:00:00+00:00,562.7745254161387,564.5436726294413,561.5234157846319,563.1264,44138059,576.13
2024-10-11 00:00:00+00:00,563.0481744107801,567.2315720090411,562.9113343024259,566.4985,42267992,579.58
2024-10-14 00:00:00+00:00,568.101469109392,572.0600578535733,567.622528742812,571.1315,36217219,584.32
2024-10-15 00:00:00+00:00,571.3954352685502,571.6984383731759,565.4868747283451,566.694,54203641,579.78
2024-10-16 00:00:00+00:00,566.6939780834622,569.6751375459386,565.8924860312554,569.1571,30725439,582.3
2024-10-17 00:00:00+00:00,572.6856485962049,572.8909087662059,569.0202884176182,569.206,34393711,582.35
2024-10-18 00:00:00+00:00,570.887136759096,572.1773434475443,569.4307670880446,571.3954,37416801,584.59
2024-10-21 00:00:00+00:00,570.6721344601888,571.6495638246835,567.4955867685177,570.4571,36439008,583.63
2024-10-22 00:00:00+00:00,567.9353353305218,571.3074666563806,567.2804576527462,570.1541,34183840,583.32
2024-10-23 00:00:00+00:00,568.1405940310385,568.5790688452049,561.4500900119378,564.9444,49314566,577.99
2024-10-24 00:00:00+00:00,566.8894977487743,566.967692099993,563.5564635280713,566.1662,34979859,579.24
2024-10-25 00:00:00+00:00,568.3849505336419,571.2683671628904,565.0323678087871,565.9707,47268180,579.04
2024-10-28 00:00:00+00:00,569.430801394556,569.5578672124374,567.4172968958214,567.7203,30174699,580.83
2024-10-29 00:00:00+00:00,566.762435558726,569.750437223817,565.3744858157003,568.6391,42899660,581.77
2024-10-30 00:00:00+00:00,568.1699095739729,570.1540911639455,566.2150508646403,566.9188,41435840,580.01
2024-10-31 00:00:00+00:00,562.5692107906583,562.637630842009,555.6099141389983,555.8054,60182449,568.64
2024-11-01 00:00:00+00:00,558.424980239563,562.5595067158167,557.7407796406557,558.1513,45667527,571.04
2024-11-04 00:00:00+00:00,558.2880781664063,559.5782848668855,555.072335708394,556.949,38216980,569.81
2024-11-05 00:00:00+00:00,557.8580211375064,563.7225971735737,557.6429866828506,563.6835,39478320,576.7
2024-11-06 00:00:00+00:00,575.9014298186248,578.5698122072955,572.1774236278425,577.6999,68181969,591.04
2024-11-07 00:00:00+00:00,579.6938037239133,583.1832265324624,579.6155116323265,582.1667,47233207,595.61
2024-11-08 00:00:00+00:00,582.7140925876392,586.1057726474864,582.709205440579,584.6885,46444887,598.19
2024-11-11 00:00:00+00:00,586.2719008216981,586.6237753891374,583.5253243369631,585.2456,37586770,598.76
2024-11-12 00:00:00+00:00,585.1674243055788,585.7636562305244,580.9547036555538,583.4276,43006129,596.9
2024-11-13 00:00:00+00:00,583.8869372728947,585.7049557594736,581.5313326746932,583.711,47388641,597.19
2024-11-14 00:00:00+00:00,583.8380944872335,584.317034864751,579.2734994606893,579.9577,38904113,593.35
2024-11-15 00:00:00+00:00,576.4096949142127,576.8788610499361,570.6819583405891,572.5293,75988766,585.75
2024-11-18 00:00:00+00:00,572.9886612632831,576.1848553923319,572.128523393692,574.8751,37084078,588.15
2024-11-19 00:00:00+00:00,571.5127694155515,577.7047849347789,570.8481173945452,576.9766,49412047,590.3
2024-11-20 00:00:00+00:00,577.0547084843354,577.4554544961896,571.4344900254023,577.172,50032578,590.5
2024-11-21 00:00:00+00:00,580.0065940674111,581.6877726009399,574.1908892566578,580.2705,46750289,593.67
2024-11-22 00:00:00+00:00,580.2607555540628,582.6945548353511,579.764710118218,582.069,38226391,595.51
2024-11-25 00:00:00+00:00,585.988484541362,587.2982399611735,581.7659894565965,584.0434,42441391,597.53
2024-11-26 00:00:00+00:00,585.2846558228586,587.7575519137602,584.5711324448514,587.0929,45621289,600.65
2024-11-27 00:00:00+00:00,586.9072097924285,587.2884072274268,583.798984553212,585.314,34000160,598.83
2024-11-29 00:00:00+00:00,586.1253289619119,589.7320435399553,585.8521374376401,588.9501,30177350,602.55
2024-12-02 00:00:00+00:00,589.3605966055367,590.6801262760301,588.8718819127613,590.0057,31745990,603.63
2024-12-03 00:00:00+00:00,589.7711367024888,590.5237573545727,588.7458132427017,590.2794,26906631,603.91
2024-12-04 00:00:00+00:00,591.960518482375,594.1890573297568,591.2958665454368,593.9447,42787559,607.66
2024-12-05 00:00:00+00:00,593.9447293673556,594.7462214485874,592.6203125745888,592.9673,28762180,606.66
2024-12-06 00:00:00+00:00,593.7296511607248,595.3228609121273,593.3191308566822,594.0913,31241551,607.81
2024-12-09 00:00:00+00:00,593.9740624462527,594.1402254415559,590.4455423695179,591.032,34742738,604.68
2024-12-10 00:00:00+00:00,591.7063933775713,592.1266879893828,588.5395223490378,589.1944,37234520,602.8
2024-12-11 00:00:00+00:00,592.1071187831296,594.702193563362,591.833438580318,593.7492,28677721,607.46
2024-12-12 00:00:00+00:00,592.8891161153674,593.4560251584398,590.6899,590.6899,31543811,604.33
2024-12-13 00:00:00+00:00,592.7131703215769,593.4266937621026,589.2041988811836,590.5726,35904727,604.21
2024-12-16 00:00:00+00:00,592.322230755286,594.0615664147398,591.550061510572,593.0944,43695180,606.79
2024-12-17 00:00:00+00:00,590.5530570620067,591.5109378543415,589.2775117211935,590.6508,55773551,604.29
2024-12-18 00:00:00+00:00,590.3478001193969,592.7180663786927,572.666102539742,573.0473,108248703,586.28
2024-12-19 00:00:00+00:00,578.0126789012113,579.6156631974065,572.627042637775,572.8714,85919445,586.1
2024-12-20 00:00:00+00:00,570.5524627116638,584.2629040006767,569.7090450071894,579.7516,125716703,591.15
2024-12-23 00:00:00+00:00,579.4966702416384,583.8216381980526,576.3299306653886,583.2234,57635832,594.69
2024-12-24 00:00:00+00:00,584.5669362281724,589.7451287310828,583.9883124447033,589.7059,33160102,601.3
2024-12-26 00:00:00+00:00,587.9405784581102,590.8631187813882,586.5504103680945,589.7451,41338887,601.34
2024-12-27 00:00:00+00:00,586.018417317356,586.2499649096991,579.3737565702089,583.5372,64969312,595.01
2024-12-30 00:00:00+00:00,576.5544629713372,580.330228305736,573.1415633963483,576.8781,56578762,588.22
2024-12-31 00:00:00+00:00,578.5306476197788,579.2513775219423,573.1514075689325,574.7794,57052648,586.08
2025-01-02 00:00:00+00:00,578.0256123563219,579.7320623563219,569.307025862069,573.3672,50203980,584.64
2025-01-03 00:00:00+00:00,576.2014250967142,581.173666897542,575.1226349624122,580.5362,37888461,591.95
2025-01-06 00:00:00+00:00,584.7729537338753,588.136817807713,582.1544356355819,583.8805,47679441,595.36
2025-01-07 00:00:00+00:00,585.9007136639315,586.2243506956833,575.4658711856345,577.2802,60393047,588.63
2025-01-08 00:00:00+00:00,577.3488325840982,579.1924848184702,573.9114151249386,578.1236,47304672,589.49
2025-01-10 00:00:00+00:00,574.5832719530052,574.6519222381093,567.3946063842615,569.2972,73105047,580.49
2025-01-13 00:00:00+00:00,564.6681632742221,570.5328585802989,564.2562615972067,570.1798,47910059,581.39
2025-01-14 00:00:00+00:00,573.0925587591679,573.7202184853741,567.1984416427626,570.9644,48420578,582.19
2025-01-15 00:00:00+00:00,578.9425365481292,582.4878332399879,577.8343248574514,581.3502,56900160,592.78
2025-01-16 00:00:00+00:00,582.7183209975661,582.8899467074573,579.5358899770131,580.2322,43319660,591.64
2025-01-17 00:00:00+00:00,585.4495546972789,587.8032784497473,584.1255850865156,586.0576,58070633,597.58
2025-01-21 00:00:00+00:00,589.0880903308183,591.4320071834838,587.126653634027,591.4222,42532848,603.05
2025-01-22 00:00:00+00:00,594.2368264890179,596.1001912406833,593.6876242464217,594.7468,48195969,606.44
2025-01-23 00:00:00+00:00,594.1191626076261,597.993,593.8445614760147,597.993,41152102,609.75
2025-01-24 00:00:00+00:00,598.0518216573186,599.003118400579,595.0998595983353,596.2473,34604688,607.97
2025-01-27 00:00:00+00:00,583.341024760999,588.1269298413334,583.1743026577907,587.8131,70361125,599.37
2025-01-28 00:00:00+00:00,589.0389988023555,593.6974105174353,585.7339782802885,592.8638,44433320,604.52
2025-01-29 00:00:00+00:00,592.0792720160848,592.4813665326266,587.6660395174557,590.2061,37177434,601.81
2025-01-30 00:00:00+00:00,592.3146242364141,594.9037205474019,589.1321933541585,593.3738,39281262,605.04
2025-01-31 00:00:00+00:00,595.7863800638064,598.1989471336944,589.4607468927586,590.2159,66671469,601.82
2025-02-03 00:00:00+00:00,581.2423364839319,588.7154102079395,579.1043705103971,586.244,65857250,597.77
2025-02-04 00:00:00+00:00,586.3028624430856,590.6866735517963,585.763467340224,590.1767,33457820,601.78
2025-02-05 00:00:00+00:00,589.058628552514,592.7167077422131,587.0383488927874,592.5696,30653150,604.22
2025-02-06 00:00:00+00:00,594.305462971698,594.7590451704544,591.0102495926243,594.6291,35771500,606.32
2025-02-07 00:00:00+00:00,595.1880956589044,596.404186282604,588.4799828636583,589.1861,50788520,600.77
2025-02-10 00:00:00+00:00,592.3833109448623,593.8248688621146,591.1181842605605,593.1875,26048711,604.85
2025-02-11 00:00:00+00:00,590.9318174654309,594.1779950702946,590.8141312682758,593.6386,30056740,605.31
2025-02-12 00:00:00+00:00,587.6464118271016,592.8932547898435,586.9697161926545,591.7262,45076078,603.36
2025-02-13 00:00:00+00:00,592.8246286585866,598.1793508536565,591.5693091696324,597.9734,40921301,609.73
2025-02-14 00:00:00+00:00,598.1793724126619,599.209126718058,597.3261474167623,597.944,26910449,609.7
2025-02-18 00:00:00+00:00,599.1011618701859,599.6994,596.6493662561938,599.6994,26749029,611.49
2025-02-19 00:00:00+00:00,598.3166526944351,601.4059155058491,597.8066791509634,601.1117,31011070,612.93
2025-02-20 00:00:00+00:00,599.748433159671,599.8896565863888,595.3155867099184,598.6108,36554000,610.38
2025-02-21 00:00:00+00:00,598.395040397373,598.5323409507617,587.9111624279095,588.3721,76519820,599.94
2025-02-24 00:00:00+00:00,590.4120552167578,591.402580740443,584.9886827949966,585.6948,50737207,597.21
2025-02-25 00:00:00+00:00,585.6358900444264,586.3616215333872,578.1922386914378,582.782,58266473,594.24
2025-02-26 00:00:00+00:00,584.4394985350018,588.0191205873449,580.4436596062166,583.0763,43321578,594.54
2025-02-27 00:00:00+00:00,585.341675104692,586.489115432869,573.3769127083156,573.7692,74196656,585.05
2025-02-28 00:00:00+00:00,574.2694082466593,583.25278788246,571.2095671480024,582.7232,88744109,594.18
2025-03-03 00:00:00+00:00,584.6846136355072,585.8222468198093,568.7185203247855,572.5139,74249203,583.77
2025-03-04 00:00:00+00:00,568.5322473598447,574.1027277120966,561.2160883056548,565.7372,109648203,576.86
2025-03-05 00:00:00+00:00,565.5704245600796,573.6025072685487,562.0295412122252,571.8176,71230531,583.06
2025-03-06 00:00:00+00:00,564.3837897993749,568.9868893958896,559.1271395016674,561.6672,80094875,572.71
2025-03-07 00:00:00+00:00,559.8920939887485,566.2569559435339,554.7237083952633,564.8153,81158812,575.92
2025-03-10 00:00:00+00:00,556.6459357254986,558.5583365335901,544.8773153680118,549.7711,99326625,560.58
2025-03-11 00:00:00+00:00,548.6137995754785,553.1447179774069,541.376098751619,545.2009,88102109,555.92
2025-03-12 00:00:00+00:00,551.3303701755327,552.2522453164422,543.0138795426486,548.094,69588172,558.87
2025-03-13 00:00:00+00:00,547.7213785735012,548.3245203447464,539.0812501106235,540.7877,74079406,551.42
2025-03-14 00:00:00+00:00,545.3872869902809,552.9584327268528,540.8580353898652,551.9581,62660320,562.81
2025-03-17 00:00:00+00:00,551.9384680878075,558.7250389209204,551.5069520232743,556.2144,49008711,567.15
2025-03-18 00:00:00+00:00,553.9097153042671,554.1254733378489,548.280392064454,550.2026,66041422,561.02
2025-03-19 00:00:00+00:00,551.9777110785888,559.9411441115794,550.8008490540087,556.1948,66555992,567.13
2025-03-20 00:00:00+00:00,552.4680484394066,559.5684490406551,551.7533009313693,554.5864,62958199,565.49
2025-03-21 00:00:00+00:00,550.1456618887195,555.6640375917585,548.9160772846554,554.7689,83762961,563.98
2025-03-24 00:00:00+00:00,561.4774702480489,565.7564243398132,560.8872696836678,564.7039,58766801,574.08
2025-03-25 00:00:00+00:00,565.904013172071,566.9958842908281,564.3203082160359,566.0614,38355738,575.46
2025-03-26 00:00:00+00:00,565.7958066163668,566.9171877591938,557.9264652631949,559.3036,52228898,568.59
2025-03-27 00:00:00+00:00,557.9166667736474,561.5759107533329,555.7132510439445,557.8183,42164246,567.08
2025-03-28 00:00:00+00:00,556.2936003023432,557.0190552388151,546.0044360508225,546.5848,71662648,555.66
2025-03-31 00:00:00+00:00,540.8500363556732,551.5535218249879,537.9383798298147,550.2539,95328211,559.39
2025-04-01 00:00:00+00:00,548.3455895056776,553.7459254755156,544.637162072838,551.8081,54609641,560.97
2025-04-02 00:00:00+00:00,545.984766713314,558.1527363813506,545.7486864610643,555.3001,76014547,564.52
2025-04-03 00:00:00+00:00,536.2070445015837,539.0203338326811,527.9344,527.9344,125986000,536.7
2025-04-04 00:00:00+00:00,515.1172484404686,517.281317313173,496.8111931127296,497.0276,217965109,505.28
2025-04-07 00:00:00+00:00,481.20038807446764,514.6254155418533,473.9310839842975,496.1423,256611391,504.38
2025-04-08 00:00:00+00:00,513.3367841967452,516.4058271712859,481.17085302126975,488.3713,165816609,496.48
2025-04-09 00:00:00+00:00,485.38101365608253,539.6598,484.997383234297,539.6598,241867297,548.62
2025-04-10 00:00:00+00:00,523.4784378131076,524.7817975103892,501.0016309580997,516.0124,162331203,524.58
2025-04-11 00:00:00+00:00,514.4680126886916,527.6688324249915,511.5760298254486,525.2195,97866328,533.94
2025-04-14 00:00:00+00:00,535.1643814827867,535.3906250408072,525.140808194836,530.3149,68033992,539.12
2025-04-15 00:00:00+00:00,530.8608738304719,534.35781255557,528.0426658283885,528.8296,56892871,537.61
2025-04-16 00:00:00+00:00,522.9964799756495,529.100531955865,511.79250407487723,517.0748,83484805,525.66
2025-04-17 00:00:00+00:00,519.0224112383884,522.4898397874281,515.3533308162839,517.8125,79868078,526.41
2025-04-21 00:00:00+00:00,512.6482000389195,513.179380536312,500.15562167432086,505.4871,69368125,513.88
2025-04-22 00:00:00+00:00,511.64492258321474,520.6602371436699,510.7128974281649,518.6388,75948117,527.25
2025-04-23 00:00:00+00:00,531.6034746161891,536.5218125564977,525.160451914385,526.6753,90590656,535.42
2025-04-24 00:00:00+00:00,527.9492145996817,538.4892141048856,526.7052684144944,537.7613,64150422,546.69
2025-04-25 00:00:00+00:00,537.7219657489467,542.0501037701583,534.8103092619498,541.6468,61119594,550.64
2025-04-28 00:00:00+00:00,542.3844805064899,544.5092025324498,536.1185178651175,541.8533,47613762,550.85
2025-04-29 00:00:00+00:00,539.9450575425747,546.3782445428634,539.5909371572376,545.2667,47775121,554.32
2025-04-30 00:00:00+00:00,538.6269359595341,547.4307620947092,532.6757462257007,545.4831,93101453,554.54
2025-05-01 00:00:00+00:00,551.2178686285744,554.8573407490285,548.7488627034576,549.3489,63186152,558.47
2025-05-02 00:00:00+00:00,555.5066545892441,559.0970416578447,553.1950355176795,557.5035,60717273,566.76
2025-05-05 00:00:00+00:00,553.3819523380242,557.3953166580894,552.5261614168338,554.3066,38659219,563.51
2025-05-06 00:00:00+00:00,548.8177091177523,554.1468271449536,547.8635514674303,549.6735,48264711,558.8
2025-05-07 00:00:00+00:00,551.0014323532032,554.6114926169474,546.9585583248686,551.9851,55733230,561.15
2025-05-08 00:00:00+00:00,556.0083601953776,560.99555569851,552.5261763529538,555.8313,65130793,565.06
2025-05-09 00:00:00+00:00,557.228048764929,558.2313897650353,553.5724446877769,555.123,37603434,564.34
2025-05-12 00:00:00+00:00,571.9732251805348,573.4782366764438,567.6155775159093,573.4684,78993570,582.99
2025-05-13 00:00:00+00:00,573.8815200991752,579.4589154454366,573.3208295617204,577.2555,67947234,586.84
2025-05-14 00:00:00+00:00,578.209706892561,579.3605980939091,575.9718628899402,577.9933,66283531,587.59
2025-05-15 00:00:00+00:00,575.9964285201368,581.3180705009654,575.5408920319073,580.8164,71268148,590.46
2025-05-16 00:00:00+00:00,581.5934805200269,584.7904002860989,579.6556553079771,584.4953,76052094,594.2
2025-05-19 00:00:00+00:00,578.4949433806842,585.813430676641,578.4949433806842,585.1347,68168516,594.85
2025-05-20 00:00:00+00:00,583.4034802496416,584.3478012482078,579.9704799527706,583.1674,60614488,592.85
2025-05-21 00:00:00+00:00,578.8293652335038,582.9017491164259,572.3174856912466,573.3405,95197664,582.86
2025-05-22 00:00:00+00:00,573.1438228884048,577.0391469858854,571.9093199231678,573.5668,70860414,583.09
2025-05-23 00:00:00+00:00,566.5729201084423,572.3078011486247,566.1991263835886,569.6518,76029047,579.11
2025-05-27 00:00:00+00:00,576.4980686069525,581.652486815529,568.9828481654401,581.4951,72588477,591.15
2025-05-28 00:00:00+00:00,581.8984471781259,583.0875046582614,577.3981675854559,578.131,68445516,587.73
2025-05-29 00:00:00+00:00,583.3739396424031,583.511653114143,576.4981027319719,580.4131,70073758,590.05
2025-05-30 00:00:00+00:00,579.311412862451,581.4753834143946,573.7094253660565,579.7639,90601242,589.39
2025-06-02 00:00:00+00:00,578.1605447385737,583.1083934183664,575.5046418687047,583.0297,61630500,592.71
2025-06-03 00:00:00+00:00,582.6657459947323,587.3283310573908,582.1837488047107,586.3545,63606199,596.09
2025-06-04 00:00:00+00:00,587.2102777440305,588.1841087795548,585.7642862064337,586.1971,57314199,595.93
2025-06-05 00:00:00+00:00,587.8692978382936,589.2169225191806,581.3967646994352,583.3641,92436398,593.05
2025-06-06 00:00:00+00:00,588.8825394765831,591.0170985095303,587.1119375137698,589.3547,66588742,599.14
2025-06-09 00:00:00+00:00,589.9251467049094,591.4301581676896,588.7152355289488,589.8858,53016422,599.68
2025-06-10 00:00:00+00:00,590.4170104563243,593.6139303923195,589.3054659862705,593.2303,66246969,603.08
2025-06-11 00:00:00+00:00,594.3221795530133,595.1779704403352,589.4825345350539,591.5384,73658234,601.36
2025-06-12 00:00:00+00:00,590.2104826401657,593.8894,589.7284854459627,593.8894,64129000,603.75
2025-06-13 00:00:00+00:00,588.7251015075377,592.0203882077052,585.7544251390285,587.2496,89506000,597.0
2025-06-16 00:00:00+00:00,590.5940378310215,594.5778916838124,590.4169776597864,592.8368,79984125,602.68
2025-06-17 00:00:00+00:00,590.4071291633893,591.9219772647399,587.0134759493247,587.7709,82209367,597.53
2025-06-18 00:00:00+00:00,588.6660676486342,591.4006637118372,586.7282423808249,587.6824,76605031,597.44
2025-06-20 00:00:00+00:00,590.3565244834085,591.4220431278186,584.9105403008683,586.3115,94051367,594.28
2025-06-23 00:00:00+00:00,587.0613181904524,592.4875706273432,583.9535554311423,592.1028,87426039,600.15
2025-06-24 00:00:00+00:00,596.2267511898876,599.6994540865059,595.3190871469067,598.6439,67735289,606.78
2025-06-25 00:00:00+00:00,599.7588072440375,600.4494212577415,597.4205855119252,598.9794,62114770,607.12
2025-06-26 00:00:00+00:00,600.8243166734765,604.0998002304411,600.2126299851276,603.6657,78548359,611.87
2025-06-27 00:00:00+00:00,604.6621195166772,608.1250552292205,602.6396072059326,606.6649,86258398,614.91
2025-06-30 00:00:00+00:00,609.10180203933,610.917130225783,606.7931781500364,609.5655,92502547,617.85
2025-07-01 00:00:00+00:00,608.0954970484903,610.5323778936291,607.266760242856,609.3682,70030141,617.65
2025-07-02 00:00:00+00:00,608.963641782577,612.1700636537996,608.3420892352324,612.1306,66510367,620.45
2025-07-03 00:00:00+00:00,614.1038506972208,617.8824959669939,614.0841188681356,616.9551,51065793,625.34
2025-07-07 00:00:00+00:00,615.0015647354514,615.6625809193143,609.5851783930528,612.3575,74814516,620.68
2025-07-08 00:00:00+00:00,613.0185572992231,613.7683667521037,611.2130950639971,612.0221,59024594,620.34
2025-07-09 00:00:00+00:00,614.4194971541198,616.3433502932411,612.5849305324808,615.6922,66113328,624.06
2025-07-10 00:00:00+00:00,615.8303220095235,618.4646195788885,614.6562783004697,617.4286,57528961,625.82
2025-07-11 00:00:00+00:00,614.3898996087361,616.4814732785992,613.1961240707482,615.2581,63670230,623.62
2025-07-14 00:00:00+00:00,614.8043241177318,616.7756324815864,613.4624610950209,616.4322,51898520,624.81
2025-07-15 00:00:00+00:00,619.1058619603305,619.4413030507603,613.7190726846047,613.798,74317266,622.14
2025-07-16 00:00:00+00:00,615.376536115472,616.3532616273109,609.7628309009643,615.8501,88987516,624.22
2025-07-17 00:00:00+00:00,616.0277070887206,619.9788085642954,615.8106569677092,619.6189,68885680,628.04
2025-07-18 00:00:00+00:00,620.8619371235538,621.0296576532076,618.0600176869881,619.165,65621648,627.58
2025-07-21 00:00:00+00:00,620.3391,623.0719582899948,619.9148656806146,620.3391,63374980,628.77
2025-07-22 00:00:00+00:00,620.6646819482875,621.2862345625418,617.7937008253031,620.4279,60046289,628.86
2025-07-23 00:00:00+00:00,623.0817670093501,625.7061,621.2861707525898,625.7061,70511039,634.21
2025-07-24 00:00:00+00:00,626.090886447464,627.6201030784024,625.4890657088365,625.9133,71307125,634.42
2025-07-25 00:00:00+00:00,626.5743512258673,629.0308652272171,626.327703368388,628.5574,56865359,637.1
2025-07-28 00:00:00+00:00,628.9322593336892,629.484750494552,627.0182720978428,628.3995,54917102,636.94
2025-07-29 00:00:00+00:00,629.7906676557631,630.1063769275572,625.8295028862199,626.7421,60556281,635.26
2025-07-30 00:00:00+00:00,627.3932234908426,629.1296244113104,623.0719530183147,625.9528,80418852,634.46
2025-07-31 00:00:00+00:00,630.8808116670358,631.2705152749652,622.3073322925895,623.6047,103385203,632.08
2025-08-01 00:00:00+00:00,617.9021885736344,617.9416522292994,610.9861829183554,613.3836,140103594,621.72
2025-08-04 00:00:00+00:00,617.2806472471759,622.7512966134323,617.1918540203116,622.7069,73218016,631.17
2025-08-05 00:00:00+00:00,623.3185791391307,624.1228484465181,618.6322700001592,619.5498,68051398,627.97
2025-08-06 00:00:00+00:00,620.61531411391,624.946450317646,619.7076500347673,624.2953,64357527,632.78
2025-08-07 00:00:00+00:00,627.7088996061684,628.4389772273626,620.6745030668249,623.7724,74205789,632.25
2025-08-08 00:00:00+00:00,625.5581348724065,629.095064994978,625.2424256285509,628.6363,64051633,637.18
2025-08-11 00:00:00+00:00,628.9125507485219,630.3825719272864,626.1500948421185,627.3932,58742301,635.92
2025-08-12 00:00:00+00:00,629.7313980239305,634.2302546173115,628.2515109866342,634.0724,64821801,642.69
2025-08-13 00:00:00+00:00,636.2626318271333,637.5254687636651,634.0625331017692,636.2429,60092793,644.89
2025-08-14 00:00:00+00:00,634.1710626544692,636.96311621366,633.7270965408171,636.3021,59327473,644.95
2025-08-15 00:00:00+00:00,637.3282081872436,637.4268673318414,633.9000988899043,634.8124,68592516,643.44
2025-08-18 00:00:00+00:00,634.2400998165709,635.3648139281829,633.5692177149076,634.6742,43804910,643.3
2025-08-19 00:00:00+00:00,634.4966173082635,635.4684097700881,629.9188335287039,631.231,69750727,639.81
2025-08-20 00:00:00+00:00,630.8265028286659,631.0830165770792,624.4629886853364,629.5538,88890305,638.11
2025-08-21 00:00:00+00:00,627.7484117630398,629.41575132405,625.3115308661788,627.0282,54805781,635.55
2025-08-22 00:00:00+00:00,629.2085348871085,637.8313437727604,628.7053732702112,636.6573,84083211,645.31
2025-08-25 00:00:00+00:00,635.4043485547962,636.6375878500163,633.7370090276589,633.8554,51274328,642.47
2025-08-26 00:00:00+00:00,633.5889894909791,636.854606985864,632.9674369164239,636.5093,51581566,645.16
2025-08-27 00:00:00+00:00,635.9272217063855,638.6896776394539,635.7792329956853,637.9596,48341070,646.63
2025-08-28 00:00:00+00:00,638.5614264254453,640.7713911915182,636.6869027399372,640.2189,61519461,648.92
2025-08-29 00:00:00+00:00,638.7883512533913,639.1533900813891,634.5164103743896,636.4008,74522195,645.05
2025-09-02 00:00:00+00:00,628.9520417167757,631.9019501163572,626.4066358067689,631.6849,81983555,640.27
2025-09-03 00:00:00+00:00,634.0526472815111,635.5719979230745,631.8722804517352,635.1083,70820898,643.74
2025-09-04 00:00:00+00:00,635.7792204892778,640.4457977415578,634.8814223286912,640.4162,65219230,649.12
2025-09-05 00:00:00+00:00,642.7445474198134,643.4647591218096,634.703827733144,638.5614,85178945,647.24
2025-09-08 00:00:00+00:00,639.9229158053727,641.1265573170168,638.5515537552209,640.1301,63133102,648.83
2025-09-09 00:00:00+00:00,640.2682356649701,642.1328934540925,638.5417006750419,641.61,66133859,650.33
2025-09-10 00:00:00+00:00,644.8558939237362,645.7734239585408,641.9059855322671,643.4648,78034531,652.21
2025-09-11 00:00:00+00:00,645.4083596824962,649.5027139774646,644.8262707586333,648.8121,69934359,657.63
2025-09-12 00:00:00+00:00,648.7824523508922,650.2722052448245,648.0918384265527,648.595,72780141,657.41
2025-09-15 00:00:00+00:00,650.7951289646094,652.1763568776383,650.4991515546747,652.0481,63772406,660.91
2025-09-16 00:00:00+00:00,652.6005893045456,652.9064326272727,650.3708928227273,651.1503,61168953,660.0
2025-09-17 00:00:00+00:00,651.1601708380109,652.8472420825876,645.5267341090446,650.3413,101952203,659.18
2025-09-18 00:00:00+00:00,653.014961193489,655.9747353003352,651.416683175792,653.38,90459242,662.26
2025-09-19 00:00:00+00:00,655.2608222781378,657.4571277836371,653.3217417417508,656.6162,97945617,663.7
2025-09-22 00:00:00+00:00,655.1322235318818,660.1678970712615,655.102543727131,659.7227,69452203,666.84
2025-09-23 00:00:00+00:00,659.6039369249559,660.2173195156888,654.9145280861266,656.1314,81708875,663.21
2025-09-24 00:00:00+00:00,657.4176046589018,657.5165373468461,652.629262562396,654.044,68082234,661.1
2025-09-25 00:00:00+00:00,650.9176740521239,652.3676314085558,647.4204038180991,651.0265,89622070,658.05
2025-09-26 00:00:00+00:00,652.4709549620742,655.3004297709347,650.858352186395,654.7563,69179211,661.82
2025-09-29 00:00:00+00:00,657.2691422131148,658.1793228543877,654.7958252531341,656.5964,73499023,663.68
2025-09-30 00:00:00+00:00,655.8543880347654,659.5346835765109,654.5484767135009,659.0697,86288031,666.18
2025-10-01 00:00:00+00:00,656.0918544917346,662.2256806567433,655.9830285436457,661.3155,72545367,668.45
2025-10-02 00:00:00+00:00,663.2941719987449,663.4079445839934,659.6633425390753,662.0773,56895992,669.22
2025-10-03 00:00:00+00:00,662.8390749181872,665.4954174250234,661.028606840902,662.0674,70494352,669.21
2025-10-06 00:00:00+00:00,664.4516932684147,665.3321941573234,662.3098006566311,664.4418,54623262,671.61
2025-10-07 00:00:00+00:00,665.3618979196556,665.8070950143472,660.5438760282161,661.9784,72020070,669.12
2025-10-08 00:00:00+00:00,663.0963251920191,666.0203796474276,662.275183901591,665.9258,60702238,673.11
2025-10-09 00:00:00+00:00,666.3413046039692,666.7469286071876,662.0674126676203,663.9966,66501938,671.16
2025-10-10 00:00:00+00:00,664.9562355303053,666.7568103427154,645.872121172399,646.0502,159422594,653.02
2025-10-13 00:00:00+00:00,653.5988087370295,658.0309931964889,652.7261234888846,655.9633,79560523,663.04
2025-10-14 00:00:00+00:00,650.1559062908656,658.7234765519532,646.1985990109175,655.1619,88779562,662.23
2025-10-15 00:00:00+00:00,659.702889201257,663.076493550521,651.8971008388834,658.0705,81702562,665.17
2025-10-16 00:00:00+00:00,659.7029400248244,661.5727677994067,650.0965761670501,653.5889,110563297,660.64
2025-10-17 00:00:00+00:00,652.4610914523097,658.6493312203676,651.115606866449,657.2989,96500875,664.39
2025-10-20 00:00:00+00:00,660.1975792224043,665.0353874139729,660.1481128809772,664.1351,60493352,671.3
2025-10-21 00:00:00+00:00,664.2735990227771,665.8070555914732,662.8301711945657,664.1252,56249031,671.29
2025-10-22 00:00:00+00:00,664.8276729559749,664.8276729559749,656.2205289757412,660.6725,80564008,667.8
2025-10-23 00:00:00+00:00,660.9890502917709,665.5301594334584,660.6724657020364,664.5902,65604461,671.76
2025-10-24 00:00:00+00:00,669.2400317991879,671.2285787404948,668.4386770616464,670.0216,74356531,677.25
2025-10-27 00:00:00+00:00,675.4430897189305,678.223098041562,674.8346537337283,677.9263,63339793,685.24
2025-10-28 00:00:00+00:00,679.7170067315809,681.5522080233168,677.5207011425495,679.7269,61738070,687.06
2025-10-29 00:00:00+00:00,681.369204742577,682.3387450792128,675.5816425289865,680.0534,85362211,687.39
2025-10-30 00:00:00+00:00,676.6006604445229,678.6188873012371,672.5741,672.5741,76335750,679.83
2025-10-31 00:00:00+00:00,677.7284941383456,677.7680672140282,671.9903981643844,674.7803,87164117,682.06
2025-11-03 00:00:00+00:00,678.3517315274972,678.4803440161559,672.6828887581585,676.0466,57315031,683.34
2025-11-04 00:00:00+00:00,668.8937142793674,672.7026222972573,667.3800443397904,668.033,78426969,675.24
2025-11-05 00:00:00+00:00,667.7758501402049,673.5930921308185,666.9744953761917,670.3481,74402383,677.58
2025-11-06 00:00:00+00:00,669.2499535722279,670.1502410317615,661.5826702630127,663.1557,85035297,670.31
2025-11-07 00:00:00+00:00,660.7812600056633,663.9174259475088,654.1478238416024,663.8086,100592398,670.97
2025-11-10 00:00:00+00:00,670.0067805257983,674.8990018813101,667.8253147848673,674.1669,75842891,681.44
2025-11-11 00:00:00+00:00,672.6927532796486,676.274116272328,671.4857745915081,675.7102,58953391,683.0
2025-11-12 00:00:00+00:00,677.4811508940852,677.6493364628757,673.677189058796,676.0862,62312480,683.38
2025-11-13 00:00:00+00:00,673.2369049461342,673.5930626034166,663.3634232248081,664.8672,103457797,672.04
2025-11-14 00:00:00+00:00,658.2783090381439,668.4485892042326,656.1858827199262,664.7584,96846672,671.93
2025-11-17 00:00:00+00:00,662.5521871798339,666.5193878227952,655.1025560472907,658.5652,90456109,665.67
2025-11-18 00:00:00+00:00,655.0283937030359,658.0211075748393,648.8599404829718,653.0349,114467508,660.08
2025-11-19 00:00:00+00:00,653.7273454688136,660.217329103723,651.7140654845086,655.5576,94702961,662.63
2025-11-20 00:00:00+00:00,665.7278796591727,668.3495956109297,644.9322308644813,645.5654,165293500,652.53
2025-11-21 00:00:00+00:00,648.0585789797126,657.4571844301473,643.9034060437309,651.9961,123956203,659.03
2025-11-24 00:00:00+00:00,655.6169662270273,662.9083046221942,654.5287067650621,661.5925,80437938,668.73
2025-11-25 00:00:00+00:00,661.4936015258806,668.992698933365,657.3878951616248,667.8154,81077086,675.02
2025-11-26 00:00:00+00:00,670.3975798772952,674.4241403160312,669.4972924081922,672.4257,71879602,679.68
2025-11-28 00:00:00+00:00,673.5931029807284,676.368164893399,673.2369453020968,676.0961,49088300,683.39
2025-12-01 00:00:00+00:00,671.5649827480265,675.7003691269643,671.4957298660827,673.0094,59503700,680.27
2025-12-02 00:00:00+00:00,674.6417374554312,676.5214583921472,672.0769077036227,674.2559,62953840,681.53
2025-12-03 00:00:00+00:00,673.3061350494962,677.5998133281668,672.4355274722543,676.5907,57238480,683.89
2025-12-04 00:00:00+00:00,677.9856874296819,678.0549403088883,674.067953120297,677.0854,61970340,684.39
2025-12-05 00:00:00+00:00,678.1538481019119,681.0426823856261,677.2733472414648,678.3715,79241047,685.69
2025-12-08 00:00:00+00:00,679.2619074133669,679.3113737548089,674.2954867325892,676.3335,55231461,683.63
2025-12-09 00:00:00+00:00,675.858625951628,678.0697714233428,675.3046029251582,675.7498,58310059,683.04
2025-12-10 00:00:00+00:00,675.2748729351192,681.6164574632401,674.0382144857977,680.2314,85671328,687.57
2025-12-11 00:00:00+00:00,677.8274127080401,681.8935461497164,674.8841652654643,681.8144,86173680,689.17
2025-12-12 00:00:00+00:00,680.8250853599507,681.5275074513025,671.9254963952123,674.4835,113160305,681.76
2025-12-15 00:00:00+00:00,678.4210277643118,678.4408143022931,672.0002961893849,673.4645,90810953,680.73
2025-12-16 00:00:00+00:00,671.9804576561049,673.8107122777557,667.7758186604209,671.6243,122030602,678.87
2025-12-17 00:00:00+00:00,672.6333843610367,673.172567456062,664.0311880101282,664.234,110625203,671.4
2025-12-18 00:00:00+00:00,670.3678392833385,673.4743254335004,667.696656924919,669.2499,108650094,676.47
2025-12-19 00:00:00+00:00,671.3468972229978,675.8120253471253,671.2278271396877,675.3159,103599508,680.59
2025-12-22 00:00:00+00:00,678.6399968079669,680.0489929121095,675.3127815006352,679.5231,69556727,684.83
2025-12-23 00:00:00+00:00,678.620107122507,682.8669401709401,678.5704945868945,682.6288,64839953,687.96
2025-12-24 00:00:00+00:00,682.6188309336887,685.4765127900577,682.4699933370027,685.03,39445559,690.38
2025-12-26 00:00:00+00:00,685.2880427402182,686.3001384827107,683.9286592429489,684.9606,41613352,690.31
2025-12-29 00:00:00+00:00,682.2121022577596,683.8592385549175,680.7534936090717,682.5197,62559500,687.85
2025-12-30 00:00:00+00:00,682.1178290840018,683.2192274362818,681.2595321698374,681.6862,47160672,687.01
2025-12-31 00:00:00+00:00,681.8151486743312,682.0334438291882,676.4272273521821,676.6356,74144797,681.92
2026-01-02 00:00:00+00:00,680.3962167381472,681.5472275319466,674.5518602075618,677.8759,89377203,683.17
2026-01-05 00:00:00+00:00,681.2198440906183,684.0874488178328,681.056122713459,682.3907,71927195,687.72
2026-01-06 00:00:00+00:00,682.5990670415287,686.9500866350588,682.4502294271548,686.449,69273828,691.81
2026-01-07 00:00:00+00:00,686.8259741842861,688.5822578265031,683.9782148322167,684.2362,75588336,689.58
2026-01-08 00:00:00+00:00,683.4821469971429,685.2632370553001,682.1624535278676,684.1668,64019199,689.51
2026-01-09 00:00:00+00:00,685.2781573112221,689.9218909692105,683.839393677871,688.6915,80125469,694.07
2026-01-12 00:00:00+00:00,685.3277168421658,690.6957931555327,685.2781043069223,689.773,63976000,695.16
2026-01-13 00:00:00+00:00,690.1004712829902,690.6958217305448,685.9925531948629,688.3938,78309727,693.77
2026-01-14 00:00:00+00:00,685.6452404542558,686.3596609652935,680.7236769337736,685.0102,94676680,690.36
2026-01-15 00:00:00+00:00,689.187544048307,690.0607246330752,685.8932718421356,686.8756,77861969,692.24
2026-01-16 00:00:00+00:00,688.2846013445914,688.8700292412458,684.7521889512188,686.3001,79289203,691.66
2026-01-20 00:00:00+00:00,676.2089000678886,679.4634822220254,671.3270268366836,672.3292,111623297,677.58
2026-01-21 00:00:00+00:00,674.3831587248322,683.3977559395973,672.8749377268749,680.0886,127844492,685.4
2026-01-22 00:00:00+00:00,684.5041581250543,685.7692777910825,681.596863519986,683.6409,77112242,688.98
2026-01-23 00:00:00+00:00,682.8173691655905,685.6055938366003,681.8350409007153,683.889,63059578,689.23
2026-01-26 00:00:00+00:00,685.1391585206358,688.7509509246026,684.5735756441903,687.3618,60473809,692.73
2026-01-27 00:00:00+00:00,688.800551657105,691.1323406691685,688.195278764612,690.1004,55506152,695.49
2026-01-28 00:00:00+00:00,691.6483686836731,692.4322467573553,688.5624689252538,690.031,61172168,695.42
2026-01-29 00:00:00+00:00,690.9934892268458,691.6582972191804,679.5230707322346,688.6617,97486203,694.04
2026-01-30 00:00:00+00:00,686.4290948783906,688.8303415133605,681.7952842233045,686.6077,101835102,691.97
2026-02-02 00:00:00+00:00,684.2362780776809,691.5293211529889,684.087440463899,690.0211,79286523,695.41
2026-02-03 00:00:00+00:00,690.8148344321495,691.5590224297711,678.7292213507752,684.1866,107904602,689.53
2026-02-04 00:00:00+00:00,685.0002628645127,686.091738621956,676.4768294495692,680.8725,105204602,686.19
2026-02-05 00:00:00+00:00,675.6631722292731,678.3918615758096,670.553081271214,672.3689,113610797,677.62
2026-02-06 00:00:00+00:00,676.1791833019605,686.9451037357736,675.5739103559121,685.2682,89127570,690.62
2026-02-09 00:00:00+00:00,684.0775041544779,690.4775214179696,683.0058733568701,688.5724,73885195,693.95
2026-02-10 00:00:00+00:00,689.5646696671098,691.1423483846731,686.3001646477489,686.7566,65185727,692.12
2026-02-11 00:00:00+00:00,690.993470637031,691.7376586681311,683.839343031389,686.5978,76353875,691.96
2026-02-12 00:00:00+00:00,688.8600909243031,689.9614891452728,675.09757441543,675.9906,118829000,681.27
2026-02-13 00:00:00+00:00,676.4073649592959,680.9617955731572,672.269679630363,676.4669,96267484,681.75
2026-02-17 00:00:00+00:00,674.8694005652778,679.632203992092,670.5431874525883,677.5584,81354656,682.85
2026-02-18 00:00:00+00:00,678.7192910198313,683.8095368648823,677.5385127438839,680.9717,73570336,686.29
2026-02-19 00:00:00+00:00,678.5407595137915,680.8626262914912,676.2660246471773,679.1758,58649359,684.48
2026-02-20 00:00:00+00:00,677.0324975240417,684.7125179409077,676.4470696111281,684.0874,100034000,689.43
2026-02-23 00:00:00+00:00,682.4998441653601,684.6530283269099,675.0986457040694,677.102,90558086,682.39
2026-02-24 00:00:00+00:00,676.6157338328362,683.0157506728741,674.7304575543756,682.0235,73798727,687.35
2026-02-25 00:00:00+00:00,684.8316153040466,688.3044928918704,684.7522352448965,687.7786,56369480,693.15
2026-02-26 00:00:00+00:00,687.9075577426374,687.9274027564195,679.0467590889308,683.9584,71670992,689.3
2026-02-27 00:00:00+00:00,677.7965727911485,681.5373581626554,676.3578091867228,680.6741,83308875,685.99
2026-03-02 00:00:00+00:00,673.440515020834,683.2836414522568,672.7657845799703,681.061,87477203,686.38
2026-03-03 00:00:00+00:00,669.8287389560948,677.3202315332265,664.4705853247689,675.0579,105003102,680.33
2026-03-04 00:00:00+00:00,676.3478226628523,681.7655113088027,674.3533988206618,679.8207,79182242,685.13
2026-03-05 00:00:00+00:00,676.7943330114047,680.2175978027624,670.3744712142784,676.0303,106606492,681.31
2026-03-06 00:00:00+00:00,668.1915181816829,670.8705949686189,664.5698032660102,667.1695,100687000,672.38
2026-03-09 00:00:00+00:00,661.2259613737892,674.6511136980848,657.2569584693412,673.0139,102667695,678.27
2026-03-10 00:00:00+00:00,672.4681153548541,678.0644090611065,669.5310534097287,671.9323,81505320,677.18
2026-03-11 00:00:00+00:00,672.3292133455561,674.8098400366684,668.1220704774296,671.0889,68441672,676.33
2026-03-12 00:00:00+00:00,665.9589785604901,666.4451814025764,660.7099723673543,660.8985,108882203,666.06
2026-03-13 00:00:00+00:00,664.0836097162874,667.1248580372646,656.2349068716121,657.1577,97200242,662.29
2026-03-16 00:00:00+00:00,663.2005370312244,666.8619421924279,661.9503011225207,663.8455,82023125,669.03
2026-03-17 00:00:00+00:00,667.1795012462917,669.213615343103,664.5103466509638,665.5919,87128039,670.79
2026-03-18 00:00:00+00:00,663.1806975552969,664.5301585473899,656.0662598249248,656.3044,82062578,661.43
2026-03-19 00:00:00+00:00,651.8789305698698,657.8423571688392,650.0928793422249,654.687,111272492,659.8
2026-03-20 00:00:00+00:00,653.2015872087824,653.3806801177976,641.4710016682856,645.3016,163617500,648.57
2026-03-23 00:00:00+00:00,654.753643693735,659.2757390796179,650.644456907443,652.0772,134802703,655.38
2026-03-24 00:00:00+00:00,648.037673468263,653.7188979285954,646.6049303469182,649.8883,96457477,653.18
2026-03-25 00:00:00+00:00,655.3506770500288,657.5594895100636,650.9430017356353,653.51,90653789,656.82
2026-03-26 00:00:00+00:00,648.7739750205398,651.549914949852,641.5704606520021,641.8391,96494383,645.09
2026-03-27 00:00:00+00:00,639.2621177593086,639.4213114384393,629.9144639128515,630.8945,103649398,634.09
2026-03-30 00:00:00+00:00,636.8841786350619,637.1428683703341,626.1087562004525,628.7852,99275852,631.97
2026-03-31 00:00:00+00:00,635.7200505028139,648.256552578651,634.764888439893,647.0626,152534094,650.34
2026-04-01 00:00:00+00:00,650.6046529668519,655.2013703497955,649.7091885416031,651.9379,97841469,655.24
2026-04-02 00:00:00+00:00,643.162420901758,654.8830565847857,641.859022536328,652.525,68358711,655.83
2026-04-06 00:00:00+00:00,652.5548709028275,656.3954188881977,652.216584292717,655.6094,39105762,658.93
2026-04-07 00:00:00+00:00,653.340851362216,656.2859346181851,647.7790218348957,655.8979,69980359,659.22
2026-04-08 00:00:00+00:00,672.9813850194523,673.6679078179317,668.0762293723466,672.6033,93606109,676.01
2026-04-09 00:00:00+00:00,671.4391502169406,677.727300636849,670.3745424717978,676.4836,57134449,679.91
2026-04-10 00:00:00+00:00,677.8865266358579,678.5929486312659,675.0309898375181,676.0359,42253461,679.46
2026-04-13 00:00:00+00:00,673.9961932429674,682.8413921002767,673.1703760268182,682.6424,54185820,686.1
2026-04-14 00:00:00+00:00,684.2244171111366,691.079695265386,684.1945682947901,690.9603,63480527,694.46
2026-04-15 00:00:00+00:00,691.7562845415321,696.7509865931365,690.7016263394005,696.4127,58240379,699.94
2026-04-16 00:00:00+00:00,697.5270236866859,699.2383557848531,695.0097735655446,698.124,49972359,701.66
2026-04-17 00:00:00+00:00,702.58145771538,708.7999612850987,702.2033726983411,706.5613,70661930,710.14
2026-04-20 00:00:00+00:00,705.2080976295293,706.3324029856643,702.5814019302404,705.1484,43546812,708.72
2026-04-21 00:00:00+00:00,706.7005551982728,707.6905409115441,699.0990568571752,700.5318,58941379,704.08
2026-04-22 00:00:00+00:00,705.5762812460454,707.8646905344413,704.6509679250854,707.6259,42518500,711.21
2026-04-23 00:00:00+00:00,705.9245085750582,708.7698967492977,698.7411919090126,704.8798,56173992,708.45
2026-04-24 00:00:00+00:00,707.168176002185,710.8694290654676,705.4369447306495,710.3421,45181961,713.94
2026-04-27 00:00:00+00:00,709.5759790021954,712.0235818294952,708.7053885656558,711.5659,33135941,715.17
2026-04-28 00:00:00+00:00,708.2278700733466,709.2875030982591,705.6757961682755,708.1035,43117441,711.69
2026-04-29 00:00:00+00:00,707.4169229039602,708.6108755164564,704.8001767615729,707.994,41859230,711.58
2026-04-30 00:00:00+00:00,711.0286092575071,716.1626053446693,706.8646996403029,715.0383,67240953,718.66
2026-05-01 00:00:00+00:00,717.6152763130507,721.21703340179,716.8392071060847,717.0183,43049848,720.65
2026-05-04 00:00:00+00:00,716.4412186626928,718.4808877202267,711.3868192420719,714.3916,51950559,718.01
2026-05-05 00:00:00+00:00,718.132678892466,721.3861999032843,717.8538909453003,720.1226,36933230,723.77
2026-05-06 00:00:00+00:00,724.4904736846408,730.888070017579,724.1521870978293,730.1319,53288941,733.83
2026-05-07 00:00:00+00:00,731.3457129227152,732.4202702588917,726.0724222914787,727.8932,51724641,731.58
2026-05-08 00:00:00+00:00,731.2263561237493,734.3604818524443,730.8681703261842,733.9028,47227090,737.62
2026-05-11 00:00:00+00:00,732.7386625659408,737.0567911497362,732.7386625659408,735.5743,44023953,739.3
2026-05-12 00:00:00+00:00,733.1765008534504,735.1166739819557,728.1420003251241,734.46,54185273,738.18
2026-05-13 00:00:00+00:00,734.7485513114468,740.1611369535639,731.7636695235145,738.5692,44200199,742.31
2026-05-14 00:00:00+00:00,739.9023785235976,745.7527462849353,739.812832078271,744.3996,45307602,748.17
2026-05-15 00:00:00+00:00,738.0517966773543,739.7133808190268,734.2410977177105,735.445,60410770,739.17
2026-05-18 00:00:00+00:00,736.1016534326136,737.6786658823529,729.6941075800447,734.9276,47843871,738.65
2026-05-19 00:00:00+00:00,731.0771085712728,733.9326453327518,727.8434868030474,730.0324,54255910,733.73
2026-05-20 00:00:00+00:00,732.0024186104554,738.13137553457,730.1915904283305,737.5145,45768039,741.25
2026-05-21 00:00:00+00:00,734.9176609543299,741.1162651833799,733.315774468171,738.9771,43332230,742.72
2026-05-22 00:00:00+00:00,742.4793763424709,745.16576988359,740.7282457378897,741.8824,41762008,745.64
2026-05-26 00:00:00+00:00,746.2303229113097,748.3396391665223,744.5985876950132,746.8074,41123621,750.59
2026-05-27 00:00:00+00:00,747.0959834341603,747.5934637129227,744.4493883511446,746.6781,42106289,750.46
2026-05-28 00:00:00+00:00,746.4691217863768,751.3444282798833,745.4542620673204,750.7972,41562559,754.6
2026-05-29 00:00:00+00:00,752.0907228479273,754.2597369712353,750.8868205134307,752.6678,55075738,756.48
2026-06-01 00:00:00+00:00,751.5534253486962,756.4486314129775,750.8868017586417,754.7174,43634930,758.54
2026-06-02 00:00:00+00:00,753.215000152718,756.5680172729308,752.9364111931751,755.7422,31581850,759.57
2026-06-03 00:00:00+00:00,754.329295516016,754.9760198345354,749.7723764716801,750.439,51402520,754.24
2026-06-04 00:00:00+00:00,748.3098467421311,754.4885518987174,747.6830215813179,753.2747,49923039,757.09
2026-06-05 00:00:00+00:00,748.5187166442953,749.0261464876958,731.8183050335571,733.8331,93989422,737.55
2026-06-08 00:00:00+00:00,739.6138364654636,741.583858253294,734.4698906861286,735.4947,49319141,739.22
2026-06-09 00:00:00+00:00,739.882540656672,743.1360617732854,718.9485699246999,733.3357,87683523,737.05
2026-06-10 00:00:00+00:00,729.6940856292131,734.658938555064,721.6747039493819,721.7742,60341352,725.43
2026-06-11 00:00:00+00:00,725.0874549934938,736.2708116460637,720.7544017709012,734.0421,86330523,737.76
2026-06-12 00:00:00+00:00,736.9772410111224,740.6884439231548,731.3258649949444,738.012,57079527,741.75
2026-06-15 00:00:00+00:00,748.0611174502869,752.8667770862313,747.9715709974431,751.0261,60176434,754.83
2026-06-16 00:00:00+00:00,750.7474332427065,751.6329480735144,746.1009677821759,746.5487,67093141,750.33
2026-06-17 00:00:00+00:00,747.503942911898,748.3596090207299,735.4947685705031,737.226,85945234,740.96
2026-06-18 00:00:00+00:00,745.9079736990117,746.3768096191445,742.0176330851434,744.8905,80875664,746.74
2026-06-22 00:00:00+00:00,745.8481018149089,748.3219593680732,741.2894207592794,742.5463,46628070,744.39
2026-06-23 00:00:00+00:00,731.9924303143488,737.7980147904796,730.4861704244936,731.763,66846781,733.58
2026-06-24 00:00:00+00:00,733.3491197466041,738.112292953876,729.0298443565545,731.4239,57439512,733.24
2026-06-25 00:00:00+00:00,737.0798820414,737.5387427223206,727.7929408688548,732.4813,54128070,734.3
2026-06-26 00:00:00+00:00,727.139511458319,734.7057245394312,714.8051377275408,727.1844,71033969,728.99
2026-06-29 00:00:00+00:00,734.7007836268556,739.7233129986504,730.2767681821863,739.1647,58035230,741.0
2026-06-30 00:00:00+00:00,739.4539728644696,746.1673039998929,739.054963584504,744.9204,55626039,746.77
2026-07-01 00:00:00+00:00,743.1547823696632,747.5787977519577,740.5362839754076,743.9129,47100879,745.76
2026-07-02 00:00:00+00:00,745.5488106823492,749.4491262426488,738.1970649842907,742.9353,57505953,744.78
2026-07-06 00:00:00+00:00,746.8854911723992,750.5464011713343,745.5587853689703,749.4192,50673312,751.28
2026-07-07 00:00:00+00:00,748.3617829907316,749.0999500876007,743.364192240307,745.858,43721488,747.71
2026-07-08 00:00:00+00:00,741.3193480118058,744.3019424067616,737.6783882989,743.5538,43767391,745.4
2026-07-09 00:00:00+00:00,745.4988992231047,750.1074560096314,743.7432585425231,749.8481,41441719,751.71
2026-07-10 00:00:00+00:00,750.1872828730379,753.5489358791973,746.2470664414863,753.0801,42191312,754.95
2026-07-13 00:00:00+00:00,750.6062263144547,752.0431583768703,746.147297943057,747.3144,44013633,749.17
2026-07-14 00:00:00+00:00,749.0500787385446,751.4740598965192,746.80565174042,749.9678,35143141,751.83
2026-07-15 00:00:00+00:00,752.371911765875,753.7085928776779,748.3419179661108,752.9405,43844770,754.81
2026-07-16 00:00:00+00:00,750.8955472826086,752.701064234335,746.0276341751917,748.8606,46409809,750.72
2026-07-17 00:00:00+00:00,740.241996959464,745.4390926959867,738.9651672967482,741.449,62650961,743.29
2026-07-20 00:00:00+00:00,745.2096903610073,746.8755541241628,739.6737357943107,740.252,50422320,742.09
2026-07-21 00:00:00+00:00,744.4415289918213,747.1847175709628,742.33675520928,746.4266,34324262,748.28
2026-07-22 00:00:00+00:00,744.7707566877618,748.1623354999265,744.5213758927497,745.5588,32836199,747.41
2026-07-23 00:00:00+00:00,737.538752647051,740.7208517597335,733.3890559985371,736.3517,55437328,738.18
2026-07-24 00:00:00+00:00,736.6808402663311,741.8779360101769,735.4638619923403,737.0998,44781980,738.93
2026-07-27 00:00:00+00:00,743.0649848516418,743.6834492172807,734.0473753913597,737.2594,41461191,739.09
2026-07-28 00:00:00+00:00,737.3591363415491,740.9503194294468,734.1570870339875,739.025,47322246,740.86
2026-07-29 00:00:00+00:00,738.1372692142131,740.8405571847667,727.294191634908,727.6533,70697219,729.46
2026-07-30 00:00:00+00:00,734.2269690167049,740.6111176502311,732.7705851096819,739.853,66811273,741.69
2026-07-31 00:00:00+00:00,742.8355206564662,747.0400806279533,735.8528587821105,745.1797,62445898,747.03
2026-08-03 00:00:00+00:00,747.5837840959786,756.7011461084642,746.9453692504652,755.7934,59927539,757.67
2026-08-04 00:00:00+00:00,758.7460027290523,771.4943480676234,758.6362751870145,769.4195,69154789,771.33
2026-08-05 00:00:00+00:00,773.9283907169489,774.9259139375675,767.6040934982269,767.8834,44689078,769.79
2026-08-06 00:00:00+00:00,768.3023132143229,769.908325502238,765.5591245237848,766.6564,38416898,768.56
2026-08-07 00:00:00+00:00,769.1103480019657,771.9981777047823,767.7038402710601,771.3448,43586328,773.26
2026-08-10 00:00:00+00:00,770.6863650569836,773.130296709054,769.7087923961554,771.1153,39249480,773.03
2026-08-11 00:00:00+00:00,772.6116672225395,772.6914690809283,767.2948684073922,768.6515,36740559,770.56
2026-08-12 00:00:00+00:00,772.7912015132882,772.980730922083,769.3696969229375,770.5767,33179129,772.49
2026-08-13 00:00:00+00:00,772.9507553491541,777.4396094783257,772.1936352860338,775.9533,35634480,777.88
2026-08-14 00:00:00+00:00,776.6116508668881,776.8710068784295,773.5094537119174,774.4171,31367910,776.34
2026-08-17 00:00:00+00:00,774.2575062005773,774.8510324653475,770.5965962985492,770.7562,34356578,772.67
2026-08-18 00:00:00+00:00,766.7961040328361,767.594122613851,765.0205126900775,765.5492,43920910,767.45
2026-08-19 00:00:00+00:00,768.4519801731985,770.5567541466206,766.1975777182536,767.1552,40306020,769.06
2026-08-20 00:00:00+00:00,764.062877985838,766.247453815893,760.1525870023603,760.7112,45520301,762.6
2026-08-21 00:00:00+00:00,764.1525826281146,765.9481242360131,762.2772391709763,763.8234,39188672,765.72
2026-08-24 00:00:00+00:00,762.8857553276487,763.3246655140346,760.192442820281,761.579,32430891,763.47
2026-08-25 00:00:00+00:00,764.262380801922,764.8808451906882,761.1601833783344,764.013,27422260,765.91
2026-08-26 00:00:00+00:00,762.8359436325187,765.4494545086675,762.0379250443817,764.1826,28751590,766.08
2026-08-27 00:00:00+00:00,766.5965398132538,770.4419915516795,765.2598587939308,769.1901,34557059,771.1
2026-08-28 00:00:00+00:00,769.8485309936959,773.3797632416974,766.4046817809839,767.4445,36744340,769.35
2026-08-31 00:00:00+00:00,765.4294064702432,766.0927593370706,762.8208835427938,765.1501,38810781,767.05
2026-09-01 00:00:00+00:00,760.1226303289664,762.7760419596208,757.5988967103364,759.8932,41126320,761.78
2026-09-02 00:00:00+00:00,760.5615123111508,764.5316543781693,759.8432956558106,763.2648,29566221,765.16
2026-09-03 00:00:00+00:00,765.9980528215011,772.1128699380473,765.5491673888021,771.255,43531578,773.17
2026-09-04 00:00:00+00:00,770.0978922395773,770.9557621989379,767.0953473818149,768.2824,34054199,770.19
2026-09-08 00:00:00+00:00,767.1650968666772,767.7935364248787,763.2448310512299,764.0628,44746102,765.96
2026-09-09 00:00:00+00:00,762.187539003148,762.5765730574502,759.0553161044072,760.5117,32812410,762.4
2026-09-10 00:00:00+00:00,756.1525046382433,758.2273528759748,754.7659474024516,755.953,42740379,757.83
2026-09-11 00:00:00+00:00,762.8259349723273,764.4818234701488,761.7087089978936,762.397,45512738,764.29
2026-09-14 00:00:00+00:00,757.1200565135107,761.6288610661339,756.0527067632215,758.9954,43992434,760.88
2026-09-15 00:00:00+00:00,758.234345779189,758.4667686858818,754.2771712261847,755.5141,46194961,757.39
2026-09-16 00:00:00+00:00,757.6188009415822,759.7834260871296,747.7433221669652,752.1823,59217648,754.05
2026-09-17 00:00:00+00:00,761.2598377655389,761.6787975137687,758.077738725413,760.7112,49652754,762.6
2026-09-18 00:00:00+00:00,761.31,762.0,757.971,761.69,65388349,761.69
