date,Open,High,Low,Close,Volume,Raw_Close
2020-07-13 00:00:00+00:00,203.4788239339354,204.73111807601296,195.9081366204665,196.4489,38135600,207.07
2020-07-14 00:00:00+00:00,195.5570694312455,198.13755373170147,191.6673688312935,197.6632,37591800,208.35
2020-07-15 00:00:00+00:00,198.81113533935783,200.49034754374162,194.5134905450875,197.3691,32179400,208.04
2020-07-16 00:00:00+00:00,194.86458758336605,195.1491999313456,191.93308039917616,193.4605,29940700,203.92
2020-07-17 00:00:00+00:00,193.98224510055206,194.5230084384858,191.06022566048895,192.4738,31635300,202.88
2020-07-20 00:00:00+00:00,194.48503071833647,201.4105952268431,192.59710285916825,200.7465,36884800,211.6
2020-07-21 00:00:00+00:00,202.70085404550898,202.96649215808384,197.35963056766465,198.0427,37990400,208.75
2020-07-22 00:00:00+00:00,198.46959603305783,201.4105890909091,197.70114300826444,200.8888,49605700,211.75
2020-07-23 00:00:00+00:00,196.5626894835588,200.10136814456402,191.78120410783055,192.1512,67457000,202.54
2020-07-24 00:00:00+00:00,190.13993748633877,192.45478354694484,187.37919894684546,190.9748,39827000,201.3
2020-07-27 00:00:00+00:00,191.13607642874663,193.50784488594556,190.55736492519011,193.394,30160900,203.85
2020-07-28 00:00:00+00:00,193.16634501039505,194.20043624393625,191.3922618849619,191.6579,23251400,202.02
2020-07-29 00:00:00+00:00,192.11331593648927,194.15303756248164,191.6484491473096,193.5933,19632600,204.06
2020-07-30 00:00:00+00:00,190.69024767042666,193.97277631191758,189.33359565963704,193.4415,25079600,203.9
2020-07-31 00:00:00+00:00,193.91578849812205,194.5798836642115,188.8022557192332,194.4945,51044000,205.01
2020-08-03 00:00:00+00:00,200.6705888611804,206.47667813798836,199.64598487115546,205.4331,78983000,216.54
2020-08-04 00:00:00+00:00,203.18466250644659,203.75388694266022,199.52265196680574,202.3498,49280100,213.29
2020-08-05 00:00:00+00:00,203.87726692965154,203.97213769136846,200.71807056447824,202.0178,28806400,212.94
2020-08-06 00:00:00+00:00,201.44858232493647,205.27187415299286,200.69910328171946,205.2529,32656800,216.35
2020-08-07 00:00:00+00:00,203.82983711408133,204.63623861069277,200.11090315323796,201.5814,27820400,212.48
2020-08-10 00:00:00+00:00,200.81298068667465,201.01220932533013,195.76585517406963,197.5684,36716500,208.25
2020-08-11 00:00:00+00:00,196.53431562592195,196.99918246631924,192.7205101189891,192.9482,36446500,203.38
2020-08-12 00:00:00+00:00,194.7601411587552,199.49419106075817,194.2478391653521,198.4601,28013100,209.19
2020-08-13 00:00:00+00:00,198.69734370867272,200.5093754432199,197.47351075706754,197.9953,22588900,208.7
2020-08-14 00:00:00+00:00,198.0521809478219,198.8396081857348,196.8662965533748,198.185,17958900,208.9
2020-08-17 00:00:00+00:00,198.84907894236258,200.35752376830894,198.20395788472513,199.4942,20184800,210.28
2020-08-18 00:00:00+00:00,199.73144056929405,201.4675757340773,198.4791463520734,200.6422,21336200,211.49
2020-08-19 00:00:00+00:00,201.12719170720078,201.70730228898427,198.99694957081547,199.4249,27627600,209.7
2020-08-20 00:00:00+00:00,199.2727548326964,204.4652204306086,198.67362418678346,204.0658,26981500,214.58
2020-08-21 00:00:00+00:00,203.3810407097925,205.65393272932118,202.4205298563515,202.5822,36249300,213.02
2020-08-24 00:00:00+00:00,204.2655010810052,204.95973179839956,202.0211387617577,203.2194,25460100,213.69
2020-08-25 00:00:00+00:00,202.65832641936527,205.99634014875042,202.65832641936527,205.8632,23043700,216.47
2020-08-26 00:00:00+00:00,207.20402778204837,211.2077406375763,206.7095074293466,210.3138,39600800,221.15
2020-08-27 00:00:00+00:00,211.96860641715946,219.82387443728484,208.64961302851088,215.4778,57602200,226.58
2020-08-28 00:00:00+00:00,216.99936939408502,219.33883143593553,215.4777680660522,217.6936,26292900,228.91
2020-08-31 00:00:00+00:00,215.87717110805656,217.49387238948253,213.3189790803884,214.4792,28774200,225.53
2020-09-01 00:00:00+00:00,214.4602382188586,216.30518018216216,213.4331571258855,216.134,25725500,227.27
2020-09-02 00:00:00+00:00,216.79971602849122,221.45011130584933,216.21009535937833,220.2994,34080800,231.65
2020-09-03 00:00:00+00:00,218.03598101702715,218.0740210538426,204.42715784629544,206.6525,58400300,217.3
2020-09-04 00:00:00+00:00,204.56025059509918,207.6605128774796,195.13583365694282,203.7519,59664100,214.25
2020-09-08 00:00:00+00:00,196.38164265271885,199.73867509128593,192.29233968222638,192.7298,52924300,202.66
2020-09-09 00:00:00+00:00,197.42780633252875,204.313053528326,196.57190543802358,200.937,45679000,211.29
2020-09-10 00:00:00+00:00,202.94363899303696,204.217980493743,194.10883858888835,195.3071,35461500,205.37
2020-09-11 00:00:00+00:00,197.04737264127823,198.40730383276968,191.37940767534187,194.0327,33620100,204.03
2020-09-14 00:00:00+00:00,194.2324289177742,198.94939350567157,194.03271872352855,195.3451,30375800,205.41
2020-09-15 00:00:00+00:00,198.2076396206533,199.5010010537408,196.79064805057956,198.55,21823900,208.78
2020-09-16 00:00:00+00:00,200.29977407461593,200.3283040965618,194.6127897000731,195.0027,26328100,205.05
2020-09-17 00:00:00+00:00,190.24773732196542,194.31802132965356,190.1621472376916,192.9676,34011300,202.91
2020-09-18 00:00:00+00:00,192.86301252557516,193.67136341633815,186.63395566146016,190.5711,55225300,200.39
2020-09-21 00:00:00+00:00,187.52784577367433,192.77737013429447,186.75753513380073,192.6157,39839700,202.54
2020-09-22 00:00:00+00:00,195.0122379519815,197.90328059010702,192.17825536592423,197.2566,33517100,207.42
2020-09-23 00:00:00+00:00,197.7131176529239,197.9033178623062,190.2287394137295,190.7613,30803800,200.59
2020-09-24 00:00:00+00:00,190.05755654805847,195.49728245976672,189.43940587627344,193.2339,31202500,203.19
2020-09-25 00:00:00+00:00,193.57622630160716,198.79722105668367,192.61571542681165,197.637,29437300,207.82
2020-09-28 00:00:00+00:00,200.5470411000764,202.15423239113827,197.86521894576012,199.1776,32004900,209.44
2020-09-29 00:00:00+00:00,199.09199141175336,199.77671189809902,196.67644969603398,197.1044,24221900,207.26
2020-09-30 00:00:00+00:00,197.55139789854036,201.59315133361858,196.41970693671846,200.024,33829100,210.33
2020-10-01 00:00:00+00:00,203.02923116351315,203.50473172832534,200.9655587122282,202.0497,27158400,212.46
2020-10-02 00:00:00+00:00,197.80821184344538,200.65170488869492,195.46874933798924,196.0869,33154800,206.19
2020-10-05 00:00:00+00:00,197.06643669550337,200.1001300313718,196.83819644452893,200.0716,21331600,210.38
2020-10-06 00:00:00+00:00,198.5880126851537,199.88137394007092,194.78400899422078,195.8206,28554300,205.91
2020-10-07 00:00:00+00:00,196.9142277558023,199.8147802268503,196.59088748034122,199.5485,25681100,209.83
2020-10-08 00:00:00+00:00,200.19522992686862,200.84191063728747,198.11253763890204,200.2618,19925800,210.58
2020-10-09 00:00:00+00:00,200.8799159677494,205.28305004402023,200.8799159677494,205.2355,26458000,215.81
2020-10-12 00:00:00+00:00,208.0694876422764,212.89106222222225,206.18650585365853,210.5516,40461400,221.4
2020-10-13 00:00:00+00:00,211.8069598492327,214.1749525307368,209.62916738311048,211.9401,28950800,222.86
2020-10-14 00:00:00+00:00,212.07324232545503,213.23346365118172,208.39286812007606,210.0381,23421700,220.86
2020-10-15 00:00:00+00:00,206.46233720295,209.56260076481837,205.42574601201855,208.8969,22733100,219.66
2020-10-16 00:00:00+00:00,209.36289053537286,211.3980328735318,208.5735596285168,208.8969,26057900,219.66
2020-10-19 00:00:00+00:00,209.6196052095976,211.40748678928207,203.24789957987116,203.7234,27625800,214.22
2020-10-20 00:00:00+00:00,205.2259508036338,206.71902190076867,202.64873890985322,204.1323,22753500,214.65
2020-10-21 00:00:00+00:00,202.6773184357542,206.29112197392922,202.6773184357542,204.275,22724900,214.8
2020-10-22 00:00:00+00:00,203.44763906184562,205.4732711433757,201.32690688259112,204.3606,22351500,214.89
2020-10-23 00:00:00+00:00,204.49369905656013,205.68245003931,202.71532758636636,205.6349,18879600,216.23
2020-10-26 00:00:00+00:00,203.3715739480198,205.73956655559786,197.90331792650417,199.7863,37111600,210.08
2020-10-27 00:00:00+00:00,201.2222388323564,204.15132099882769,200.0239779460727,202.8009,36700300,213.25
2020-10-28 00:00:00+00:00,197.49439541641996,198.60706668640222,192.19731937043613,192.7489,51195600,202.68
2020-10-29 00:00:00+00:00,194.0707494284877,197.19954232121924,193.40504881301288,194.6889,31432600,204.72
2020-10-30 00:00:00+00:00,193.5287311700499,194.2800220674668,189.83884676248334,192.5492,36953700,202.47
2020-11-02 00:00:00+00:00,194.2799616468146,195.221452478624,190.3142881431325,192.416,30842200,202.33
2020-11-03 00:00:00+00:00,193.89955790824976,197.92229139175507,193.1672872741365,196.3151,27512000,206.43
2020-11-04 00:00:00+00:00,203.53322769998618,207.6225318730071,202.01162614723418,205.7871,42311800,216.39
2020-11-05 00:00:00+00:00,211.16024882439876,213.13833078059923,210.31385798737068,212.349,36080100,223.29
2020-11-06 00:00:00+00:00,211.36943882531736,213.3665405149294,207.34670542195605,212.7579,25231900,223.72
2020-11-09 00:00:00+00:00,213.44265581757406,216.94233935619764,207.20408950959293,207.6891,44395000,218.39
2020-11-10 00:00:00+00:00,203.9896931425051,205.89169494336764,199.4439088384437,200.6707,44045100,211.01
2020-11-11 00:00:00+00:00,201.98303711844835,207.3561910320942,201.80234698683904,205.9392,29440800,216.55
2020-11-12 00:00:00+00:00,206.56687131451912,208.37377272558484,203.95161927218714,204.8836,21593900,215.44
2020-11-13 00:00:00+00:00,205.75854986836634,206.7666107985774,203.66634793773957,205.9012,18621100,216.51
2020-11-16 00:00:00+00:00,204.34153815310964,207.07091039911617,204.0086878792064,206.5859,24953300,217.23
2020-11-17 00:00:00+00:00,205.51134183530726,207.01392360346918,203.59031957474588,203.9517,24154100,214.46
2020-11-18 00:00:00+00:00,203.71327089255257,205.16257663445137,201.11977640704947,201.2628,28372800,211.08
2020-11-19 00:00:00+00:00,201.54886964504286,203.12212934281143,200.16630809245837,202.5405,24792700,212.42
2020-11-20 00:00:00+00:00,202.33071809496647,203.37002291458717,200.23303864252102,200.6049,22843100,210.39
2020-11-23 00:00:00+00:00,201.13883206415684,202.41650940459758,198.47859342249296,200.3379,25683500,210.11
2020-11-24 00:00:00+00:00,199.84209513232955,204.2853613345179,199.14604699336013,203.9135,33979700,213.86
2020-11-25 00:00:00+00:00,205.10532814326461,205.27695642212558,202.57857848225558,203.923,21012900,213.87
2020-11-27 00:00:00+00:00,204.857473539934,206.21143031175953,204.08514608558286,205.2198,14512200,215.23
2020-11-30 00:00:00+00:00,204.1423047134115,204.77160840846452,201.03392585602842,204.1137,33064800,214.07
2020-12-01 00:00:00+00:00,204.5332660006475,207.21257455251836,203.4272169187364,206.1542,30904500,216.21
2020-12-02 00:00:00+00:00,204.886089538933,205.44864907368714,202.90282880624042,205.3533,23724500,215.37
2020-12-03 00:00:00+00:00,204.6285914768484,206.31626962285287,203.7132406179985,204.2758,25120900,214.24
2020-12-04 00:00:00+00:00,204.25681128008955,205.36286067363312,203.26518078932637,204.3903,24666000,214.36
2020-12-07 00:00:00+00:00,204.3997792477484,205.5153632460684,203.08396222408885,204.3235,24620000,214.29
2020-12-08 00:00:00+00:00,204.0183792185547,206.85978114439146,202.98860939308366,205.9635,23284100,216.01
2020-12-09 00:00:00+00:00,205.15302827195467,205.2197726109537,201.38674057129367,201.9493,32440600,211.8
2020-12-10 00:00:00+00:00,201.920763599658,203.16983665209958,200.5763414592438,200.7289,26733300,210.52
2020-12-11 00:00:00+00:00,200.2806952546188,203.3986094344931,199.3844141142268,203.3414,30979400,213.26
2020-12-14 00:00:00+00:00,203.18886027077497,206.15421623249298,202.97909232492995,204.2377,28798400,214.2
2020-12-15 00:00:00+00:00,205.16263050483352,205.40100322234156,202.3689022556391,204.171,27000600,214.13
2020-12-16 00:00:00+00:00,204.7620879697191,209.872797126961,204.73348325428677,209.0814,35023300,219.28
2020-12-17 00:00:00+00:00,209.64397075471697,210.61653113207547,207.7846641509434,209.2149,32515800,219.42
2020-12-18 00:00:00+00:00,208.4235,209.47233960839927,205.97302927855802,208.4235,63354900,218.59
2020-12-21 00:00:00+00:00,207.43190675681748,213.5819219192237,207.174464261647,212.2375,37181900,222.59
2020-12-22 00:00:00+00:00,212.33283666607127,215.13609922747162,211.53190450567115,213.5247,22612200,223.94
2020-12-23 00:00:00+00:00,212.73329542575334,213.1623662112026,210.530732060447,210.7405,18699600,221.02
2020-12-24 00:00:00+00:00,211.121857687991,213.21000179573514,210.91208978675644,212.39,10550600,222.75
2020-12-28 00:00:00+00:00,214.01101967016356,215.51753520181364,212.64752776493597,214.4973,17933500,224.96
2020-12-29 00:00:00+00:00,215.7844395226411,216.61397627481597,213.1814104037475,213.7249,17403200,224.15
2020-12-30 00:00:00+00:00,214.75469169072537,215.13608793756765,211.1695669704078,211.3698,20272300,221.68
2020-12-31 00:00:00+00:00,211.38888670083625,212.62842460210413,209.46283550040465,212.0754,20942100,222.42
2021-01-04 00:00:00+00:00,212.18029519959578,212.6284358491433,204.8193466580918,207.5654,37130100,217.69
2021-01-05 00:00:00+00:00,207.1553660211106,208.35676416704914,205.6679206975677,207.7656,23823000,217.9
2021-01-06 00:00:00+00:00,202.30212074440516,206.4212005465253,202.08281788457006,202.3784,35930700,212.25
2021-01-07 00:00:00+00:00,204.08516423106875,209.13866530761828,203.77051227724587,208.1375,27694500,218.29
2021-01-08 00:00:00+00:00,208.50931885984883,210.32095095164374,206.9360594117111,209.4056,22956200,219.62
2021-01-11 00:00:00+00:00,208.30912092050207,208.7286568439928,206.65004704124325,207.3747,23031300,217.49
2021-01-12 00:00:00+00:00,206.43067998883353,207.00277425208205,203.3985803936165,204.9337,23249300,214.93
2021-01-13 00:00:00+00:00,204.06610134048256,206.67866613663676,203.9802871683461,206.2782,20087100,216.34
2021-01-14 00:00:00+00:00,205.86818827340153,207.34609893906674,202.84562258942822,203.1126,29480800,213.02
2021-01-15 00:00:00+00:00,203.5893369198213,204.5332927251352,202.16863575828827,202.7598,31746500,212.65
2021-01-19 00:00:00+00:00,203.8086103539087,206.88838491036776,202.74070091018297,206.3735,30480900,216.44
2021-01-20 00:00:00+00:00,207.57492185967726,215.28866149148612,207.18399067932603,213.9061,37777300,224.34
2021-01-21 00:00:00+00:00,214.24935751433523,215.77494261457085,212.07539874649953,214.5068,30709400,224.97
2021-01-22 00:00:00+00:00,216.51864437264885,219.3695812524895,215.29817641071037,215.4412,30172700,225.95
2021-01-25 00:00:00+00:00,218.4637688493879,219.09307265281228,213.79166485426742,218.8547,33152100,229.53
2021-01-26 00:00:00+00:00,221.0763593595317,223.28845784014118,219.37914587009857,221.5245,49169600,232.33
2021-01-27 00:00:00+00:00,226.93080291970804,229.25732039501935,219.43636547874624,222.068,69870600,232.9
2021-01-28 00:00:00+00:00,224.65191133386347,231.35494998535134,224.15609624157702,227.8175,49111200,238.93
2021-01-29 00:00:00+00:00,225.01426747284012,226.94985356958094,220.59007068028967,221.1717,42503100,231.96
2021-02-01 00:00:00+00:00,224.12747857291885,231.22144794491967,221.61979853953682,228.504,33314200,239.65
2021-02-02 00:00:00+00:00,230.07724792284247,231.0402732871279,227.5886378230554,228.3705,25916300,239.51
2021-02-03 00:00:00+00:00,228.42772746502058,233.69099521810702,228.13214539917695,231.6982,27158100,243.0
2021-02-04 00:00:00+00:00,231.3740689971489,231.92709364075867,229.19057514565515,230.7543,25296100,242.01
2021-02-05 00:00:00+00:00,230.96400471511146,231.96516974401322,229.2381869033856,230.9354,18054800,242.2
2021-02-08 00:00:00+00:00,231.8412737039634,232.34662379675837,229.61010536973646,231.1929,22211900,242.47
2021-02-09 00:00:00+00:00,230.62076788776304,233.37635567953396,230.153557500923,232.4324,23565000,243.77
2021-02-10 00:00:00+00:00,233.6052096202949,234.48242101968535,229.68636304258297,231.5266,22186700,242.82
2021-02-11 00:00:00+00:00,233.3954122540799,233.74820375066466,230.88773215673442,233.1189,15751100,244.49
2021-02-12 00:00:00+00:00,232.58499979999183,233.89128213396464,231.4408108943222,233.5957,16561100,244.99
2021-02-16 00:00:00+00:00,233.63384272055808,234.68268256462864,231.62197720147722,232.3657,26728500,243.7
2021-02-17 00:00:00+00:00,230.62632221130224,233.48382554054058,230.26316125307127,233.3787,21653500,244.2
2021-02-18 00:00:00+00:00,231.08508314533,233.12069616063005,230.1867374953854,232.9869,16925600,243.79
2021-02-19 00:00:00+00:00,232.94860874797695,233.05373427397603,229.53680758600657,230.2918,25262600,240.97
2021-02-22 00:00:00+00:00,226.8991484456953,227.38654868875528,222.10160095518316,224.1181,36446900,234.51
2021-02-23 00:00:00+00:00,220.1232815621383,224.42387100784498,218.59418309255366,222.933,30228700,233.27
2021-02-24 00:00:00+00:00,219.81748268173095,224.77749631208695,218.8522391814112,224.1563,26339700,234.55
2021-02-25 00:00:00+00:00,221.79577193763922,224.19454558277656,217.7818877505568,218.8427,39542200,228.99
2021-02-26 00:00:00+00:00,221.27016621482056,224.9400035502195,219.36834947069457,222.0825,37819200,232.38
2021-03-01 00:00:00+00:00,225.4464858613995,226.94691393601755,222.81834751413862,226.4404,25324000,236.94
2021-03-02 00:00:00+00:00,226.50735692906312,226.78450613588745,223.10511149356478,223.5065,22812500,233.87
2021-03-03 00:00:00+00:00,221.87225951836876,223.2293348479522,217.1893939444542,217.4761,34029500,227.56
2021-03-04 00:00:00+00:00,216.69245686940414,222.18765677678297,214.32235325717812,216.6829,44727800,226.73
2021-03-05 00:00:00+00:00,219.34927112262523,222.9330972236615,216.42486902417963,221.3371,41872800,231.6
2021-03-08 00:00:00+00:00,221.11723308852635,223.0286064998461,217.06512145652843,217.3136,35267400,227.39
2021-03-09 00:00:00+00:00,222.56028211138678,224.94949846864574,221.40390139447342,223.4204,33080500,233.78
2021-03-10 00:00:00+00:00,226.49774503054815,226.49774503054815,221.7575390586008,222.1207,29746800,232.42
2021-03-11 00:00:00+00:00,224.54815974360056,228.5716009783663,223.92696335343484,226.622,29907600,237.13
2021-03-12 00:00:00+00:00,223.6403046956522,225.37009808695652,222.89486886956522,225.3032,22653700,235.75
2021-03-15 00:00:00+00:00,224.54815300881563,224.76796095566627,221.53773982368725,224.4048,26034900,234.81
2021-03-16 00:00:00+00:00,225.80966793151316,229.42216388877202,225.48473443271212,227.1763,28092200,237.71
2021-03-17 00:00:00+00:00,225.6854387445157,227.9790870739116,222.89483327708405,226.536,29562100,237.04
2021-03-18 00:00:00+00:00,222.2544632454924,223.8122323162275,220.12328224687937,220.496,34833000,230.72
2021-03-19 00:00:00+00:00,220.78270999782941,222.16845551551987,219.18671343607554,220.1424,46430700,230.35
2021-03-22 00:00:00+00:00,220.06597218102462,226.40217488029154,219.9417329124115,225.5325,30127000,235.99
2021-03-23 00:00:00+00:00,226.9660881766142,230.3683336349861,226.56469966748043,227.0521,31638400,237.58
2021-03-24 00:00:00+00:00,227.310091310626,227.45344432175315,224.8922038562813,225.026,25620100,235.46
2021-03-25 00:00:00+00:00,224.87313329603168,226.4404598519411,221.30842106826202,222.0443,34061900,232.34
2021-03-26 00:00:00+00:00,221.28926437753722,226.22060794993234,221.28926437753722,226.0008,25479900,236.48
2021-03-29 00:00:00+00:00,226.10597739330044,226.3066716544805,221.60469182111882,224.8158,25227500,235.24
2021-03-30 00:00:00+00:00,223.1815539357343,223.48737373301702,220.8592348501186,221.576,24792000,231.85
2021-03-31 00:00:00+00:00,222.5890354710099,228.5047373711668,222.09207828392078,225.3223,43623500,235.77
2021-04-01 00:00:00+00:00,227.9026351516402,232.07898654012794,227.50124668867343,231.6107,30338000,242.35
2021-04-05 00:00:00+00:00,232.00251657766893,238.88346121170758,231.94517537238528,238.0329,36910600,249.07
2021-04-06 00:00:00+00:00,236.63757833050917,238.34825748406357,235.9399270555959,236.8765,22931900,247.86
2021-04-07 00:00:00+00:00,236.82871484993996,239.81045727490996,236.23618911164465,238.8261,22719800,249.9
2021-04-08 00:00:00+00:00,241.56897030207307,242.8782613149062,240.83309141164855,242.0277,23625200,253.25
2021-04-09 00:00:00+00:00,241.66455296071916,244.64629616963066,241.2536075825679,244.5125,24326800,255.85
2021-04-12 00:00:00+00:00,243.4229758821461,246.25180870618578,243.33696407330703,244.5698,27148700,255.91
2021-04-13 00:00:00+00:00,245.86000514526674,247.7044808116368,245.44905978954696,247.0355,23837500,258.49
2021-04-14 00:00:00+00:00,246.07024813177355,247.36042536875462,243.85305465785046,244.264,23070900,255.59
2021-04-15 00:00:00+00:00,246.50027187283237,248.411645283237,246.30913453179193,248.0007,25627500,259.5
2021-04-16 00:00:00+00:00,247.97207764823196,249.43427859170055,246.18494316177035,249.1858,24878600,260.74
2021-04-19 00:00:00+00:00,248.66014584525007,249.89298180412771,246.39516815335858,247.2744,23209300,258.74
2021-04-20 00:00:00+00:00,246.39519776194533,248.66973259505923,245.458624595369,246.8157,19722900,258.26
2021-04-21 00:00:00+00:00,247.46557343618085,249.12846869291585,245.8504625259038,249.0329,24030400,260.58
2021-04-22 00:00:00+00:00,248.67928817513706,250.17971660769138,244.3117990434343,245.774,25606200,257.17
2021-04-23 00:00:00+00:00,246.45250426191845,249.92164723722,245.86953533218457,249.5776,21462600,261.15
2021-04-26 00:00:00+00:00,250.06502555534317,250.81046131141272,248.6410521238769,249.9599,19763300,261.55
2021-04-27 00:00:00+00:00,249.98858210482112,251.52723803107222,248.5932792151773,250.3613,31014200,261.97
2021-04-28 00:00:00+00:00,244.73224374607162,245.17185961659334,241.74094445317408,243.2796,46903100,254.56
2021-04-29 00:00:00+00:00,244.13977636529248,244.75141598352545,237.96603896875374,241.3205,40589000,252.51
2021-04-30 00:00:00+00:00,238.67322418114045,241.86521812990722,238.5394280275993,241.0051,30945100,252.18
2021-05-03 00:00:00+00:00,242.1710578098944,243.0789603549591,239.99209170173907,240.6993,19626600,251.86
2021-05-04 00:00:00+00:00,239.84868361112234,240.07804841196176,234.86955605956658,236.8096,32756100,247.79
2021-05-05 00:00:00+00:00,238.02332854302756,238.4438306893334,234.92690364750274,235.5481,21901300,246.47
2021-05-06 00:00:00+00:00,235.52904683057704,238.7879393024467,233.8470378128379,238.6637,26491100,249.73
2021-05-07 00:00:00+00:00,240.97643707914122,243.03116378832289,240.03986397449097,241.2727,27032900,252.46
2021-05-10 00:00:00+00:00,239.75318484100654,240.57507561695928,236.16935878307305,236.2267,29299900,247.18
2021-05-11 00:00:00+00:00,233.71314659058606,235.67230402469238,231.82088721520532,235.3187,33641600,246.23
2021-05-12 00:00:00+00:00,231.43862655648533,233.55069396652718,227.52031145188283,228.4091,36684400,239.0
2021-05-13 00:00:00+00:00,231.08510504875943,234.7167154672263,230.72194400691274,232.2606,29624300,243.03
2021-05-14 00:00:00+00:00,234.69758471086035,238.13805748942173,234.61157289139632,237.1537,23901100,248.15
2021-05-17 00:00:00+00:00,235.62459097397831,235.6628184476711,232.7288598417489,234.3153,24970200,245.18
2021-05-18 00:00:00+00:00,235.35694027069277,235.49073639542536,232.13627641105808,232.3083,20168000,243.08
2021-05-19 00:00:00+00:00,229.23352525913128,232.98846829960513,228.5534207798618,232.8831,25739800,243.12
2021-05-20 00:00:00+00:00,233.68770827653358,237.5097035053554,233.5919189224278,236.1016,21800700,246.48
2021-05-21 00:00:00+00:00,237.14574489537873,237.87374411224866,234.43490570624465,234.8468,21863100,245.17
2021-05-24 00:00:00+00:00,237.356398815695,240.58449948161734,237.0881886713454,240.2205,21411500,250.78
2021-05-25 00:00:00+00:00,241.16889468457018,242.10763050214524,240.25889567773717,241.121,17704300,251.72
2021-05-26 00:00:00+00:00,240.84312639866397,242.28954536562088,240.19175891685555,240.9006,17771600,251.49
2021-05-27 00:00:00+00:00,240.59408169748502,240.8910286470659,238.75492639685532,238.8124,24426200,249.31
2021-05-28 00:00:00+00:00,240.43131968920216,241.4658448894585,239.05195275552705,239.1669,18270200,249.68
2021-06-01 00:00:00+00:00,240.6516328496362,240.70910647130154,236.56142677445433,236.9829,23213300,247.4
2021-06-02 00:00:00+00:00,237.68215173069146,238.77415049332794,235.48857526890416,236.8871,19406700,247.3
2021-06-03 00:00:00+00:00,234.89463220870132,235.9674728745269,232.7681087460828,235.364,25307700,245.71
2021-06-04 00:00:00+00:00,237.32768282626898,241.05388837274214,237.08820946209974,240.2301,25281100,250.79
2021-06-07 00:00:00+00:00,239.4542671289547,243.3912102360033,239.29142519995273,243.123,23079200,253.81
2021-06-08 00:00:00+00:00,244.41614456190365,245.2303541671616,241.87772638080534,241.9352,22455000,252.57
2021-06-09 00:00:00+00:00,243.1229365590126,244.77051329311095,242.5482004889783,242.9122,17937600,253.59
2021-06-10 00:00:00+00:00,243.58271444954127,246.6192365495257,242.98882053724145,246.4085,24563600,257.24
2021-06-11 00:00:00+00:00,247.12698936755984,247.60593620535892,245.80509609523443,247.0312,18999700,257.89
2021-06-14 00:00:00+00:00,247.04069225441532,249.00437360036938,245.98700958097658,248.9469,19150500,259.89
2021-06-15 00:00:00+00:00,248.83203002786806,249.042766627961,246.8300323269856,247.4814,18038900,258.36
2021-06-16 00:00:00+00:00,248.4775446421633,249.60785883907062,243.70723557385966,246.5426,27220000,257.38
2021-06-17 00:00:00+00:00,245.28777465695669,250.72860942889997,245.2303010502108,249.9144,27565500,260.9
2021-06-18 00:00:00+00:00,248.6978786917473,251.25545422657365,247.8549324480592,248.5063,37202200,259.43
2021-06-21 00:00:00+00:00,248.87991894299967,252.42412531698585,247.05992107527703,251.5716,26696100,262.63
2021-06-22 00:00:00+00:00,251.65777716846824,254.59851017664118,251.35125125230684,254.3303,24694100,265.51
2021-06-23 00:00:00+00:00,254.7900832962642,255.5947138085724,253.2957694876918,254.1004,19518700,265.27
2021-06-24 00:00:00+00:00,254.95291647980804,256.5717563838164,254.29197001012415,255.4606,21446900,266.69
2021-06-25 00:00:00+00:00,255.01995097351144,255.99700220738058,253.6118477247,253.8609,25611100,265.02
2021-06-28 00:00:00+00:00,254.98162983402796,257.57752080232206,254.71341969708246,257.4051,19590000,268.72
2021-06-29 00:00:00+00:00,257.5488294067797,260.21177337877674,256.69630417833463,259.9723,19937800,271.4
2021-06-30 00:00:00+00:00,259.2922423255814,259.93403109634556,258.2481382059801,259.4934,21656500,270.9
2021-07-01 00:00:00+00:00,258.2576917488954,260.39379446244476,258.24811281296024,260.1639,16725300,271.6
2021-07-02 00:00:00+00:00,261.33247492166396,266.29436268683594,261.0259490365568,265.9591,26458000,277.65
2021-07-06 00:00:00+00:00,266.32312058272703,267.60669782827915,262.7501779514514,265.9687,31565600,277.66
2021-07-07 00:00:00+00:00,267.63541649698135,268.87109898546066,265.4801563426571,268.1431,23260000,279.93
2021-07-08 00:00:00+00:00,265.2406954076851,266.9936404152549,263.2961717107635,265.7388,24618600,277.42
2021-07-09 00:00:00+00:00,264.1103765848744,266.342268277326,263.7272192127797,266.2369,23916700,277.94
2021-07-12 00:00:00+00:00,267.40552387133994,267.98983885042543,264.9341588778306,265.643,18931700,277.32
2021-07-13 00:00:00+00:00,265.8345886824685,270.94016074097806,265.7100625347,269.1489,26120100,280.98
2021-07-14 00:00:00+00:00,270.4612370358572,271.7160775547769,268.73702868925,270.6145,23113700,282.51
2021-07-15 00:00:00+00:00,270.1259566594314,270.61448232573036,268.04732784400244,269.1968,22604200,281.03
2021-07-16 00:00:00+00:00,270.1930194194123,272.1375432235085,267.69291738557433,268.9286,26186800,280.75
2021-07-19 00:00:00+00:00,267.1852556694704,268.56462242157323,262.8938924407061,265.3461,32935600,277.01
2021-07-20 00:00:00+00:00,266.32311744236,269.1393242016326,264.6276460260633,267.5588,26259700,279.32
2021-07-21 00:00:00+00:00,267.1564665245202,269.66614720682304,265.61425816631134,269.5512,24364300,281.4
2021-07-22 00:00:00+00:00,271.8884453204725,274.359810134899,271.48613011812404,274.0916,23384100,286.14
2021-07-23 00:00:00+00:00,275.269845030552,277.7795259087928,274.43647771602167,277.473,22768100,289.67
2021-07-26 00:00:00+00:00,276.83120532779793,277.4921518041861,274.5705767998616,276.8791,23176100,289.05
2021-07-27 00:00:00+00:00,277.2431121798004,277.38679620297336,271.03596237872546,274.4748,33604100,286.54
2021-07-28 00:00:00+00:00,276.8216652120746,277.9328217629795,271.8789343477045,274.1683,33566900,286.22
2021-07-29 00:00:00+00:00,274.18744767888313,276.4672343106458,274.0341847120419,274.4365,18168300,286.5
2021-07-30 00:00:00+00:00,273.1624522761574,274.5897133972132,271.95550663016394,272.9134,20944800,284.91
2021-08-02 00:00:00+00:00,274.30235584579736,274.6950921424057,271.79267512112915,272.8272,16267400,284.82
2021-08-03 00:00:00+00:00,273.4019809417665,275.1357682920033,272.0417720813597,275.0304,17879000,287.12
2021-08-04 00:00:00+00:00,274.1683108512792,275.48062510558094,272.6644178737217,274.4461,16191300,286.51
2021-08-05 00:00:00+00:00,274.8004613981763,277.434668275076,274.05330453854657,277.3293,13900200,289.52
2021-08-06 00:00:00+00:00,276.3619010191391,277.31021574656256,275.50937565812205,277.2719,16589300,289.46
2021-08-09 00:00:00+00:00,277.549608608192,279.27381670308324,275.6912954392536,276.1894,16117600,288.33
2021-08-10 00:00:00+00:00,276.63962854349955,277.07068059628546,273.1912121212121,274.379,18616600,286.44
2021-08-11 00:00:00+00:00,275.1165522739153,276.50549764767385,273.82339623627814,274.8675,13955900,286.95
2021-08-12 00:00:00+00:00,274.56099883716917,277.760362951589,274.28320973741415,277.6071,14561300,289.81
2021-08-13 00:00:00+00:00,277.2909990370497,280.56699467304077,277.11857821410274,280.5191,18249000,292.85
2021-08-16 00:00:00+00:00,280.84477028513237,282.40613655125594,277.8082481602172,282.1954,22507600,294.6
2021-08-17 00:00:00+00:00,280.0784535485192,281.0746626927802,278.8236131841135,280.7394,20075300,293.08
2021-08-18 00:00:00+00:00,280.27874268221376,282.9467844047742,278.5800254703677,279.0215,21813000,290.73
2021-08-19 00:00:00+00:00,277.06370262155883,285.49010917882543,277.01571625164274,284.8183,29850500,296.77
2021-08-20 00:00:00+00:00,287.649465343672,293.52299639900116,286.05631803127875,292.1026,40817600,304.36
2021-08-23 00:00:00+00:00,291.0372818808469,293.1006954209749,289.69366376169376,292.3809,22830200,304.65
2021-08-24 00:00:00+00:00,292.73604571409686,293.3406739640473,289.8376690238583,290.4327,18175800,302.62
2021-08-25 00:00:00+00:00,292.0449751994967,292.32329607628884,288.3212338134499,289.8472,20006100,302.01
2021-08-26 00:00:00+00:00,288.8682816276038,290.25028875589294,286.9104381958608,287.0448,17666100,299.09
2021-08-27 00:00:00+00:00,286.94889898905643,288.75318652408913,284.8758877785933,287.6495,22605700,299.72
2021-08-30 00:00:00+00:00,288.9930736585527,291.9682281761587,288.93549002272806,291.3636,16348100,303.59
2021-08-31 00:00:00+00:00,292.1602075327945,292.2369857228038,289.357803597456,289.7225,26285300,301.88
2021-09-01 00:00:00+00:00,290.67261642315214,292.8991838286453,289.3481927078157,289.6745,18983800,301.83
2021-09-02 00:00:00+00:00,290.02961374730205,291.1428975062262,288.09096444296864,289.0219,16285600,301.15
2021-09-03 00:00:00+00:00,288.8683408946005,290.41350195922166,288.1677399149897,289.0123,14747900,301.14
2021-09-07 00:00:00+00:00,288.8874735458724,288.96425171896857,286.1906402158704,288.0909,17180400,300.18
2021-09-08 00:00:00+00:00,287.7070173078845,288.50359087638657,285.49004749675237,288.1197,15046800,300.21
2021-09-09 00:00:00+00:00,288.7051259814971,289.97196584020185,285.03896820857864,285.2789,19927000,297.25
2021-09-10 00:00:00+00:00,286.4018613506476,287.8414525041426,283.4842899462311,283.801,19633400,295.71
2021-09-13 00:00:00+00:00,285.56684726758476,286.51697725849357,282.2365936630863,285.0294,23652900,296.99
2021-09-14 00:00:00+00:00,287.4958627572634,289.25216342773274,286.09466112945734,287.7166,21853400,299.79
2021-09-15 00:00:00+00:00,291.04692528705465,293.0239636900466,289.6649178597205,292.5441,28356300,304.82
2021-09-16 00:00:00+00:00,291.5267979817836,293.0143754668763,288.6476157525719,292.928,19550800,305.22
2021-09-17 00:00:00+00:00,291.9202270250442,292.236937006036,287.46709274685696,287.7934,41372500,299.87
2021-09-20 00:00:00+00:00,284.39594611281,286.6896939993204,277.86020422697925,282.4477,38278700,294.3
2021-09-21 00:00:00+00:00,283.78175727272725,285.5572527272727,282.2269990909091,282.9276,22364100,294.8
2021-09-22 00:00:00+00:00,284.7799043539421,288.1293528970461,282.64930957867244,286.5554,26626300,298.58
2021-09-23 00:00:00+00:00,286.814493640673,288.7819345373214,285.54765364868473,287.4959,18604600,299.56
2021-09-24 00:00:00+00:00,286.21950530148655,287.7262773342241,284.97185966928345,287.2944,14999000,299.35
2021-09-27 00:00:00+00:00,284.2136629160009,284.5303729476153,281.14253533671,282.323,23571700,294.17
2021-09-28 00:00:00+00:00,278.12898779627545,279.0695206052483,271.362909935807,272.1019,43186200,283.52
2021-09-29 00:00:00+00:00,273.6183002112676,275.22104507746474,271.61246980985914,272.5626,26353700,284.0
2021-09-30 00:00:00+00:00,274.20366619253684,276.2382879150113,270.2783818317253,270.5663,32343600,281.92
2021-10-01 00:00:00+00:00,270.7583025389139,278.3017601383604,269.9617287720512,277.4572,30086300,289.1
2021-10-04 00:00:00+00:00,275.8256301790823,276.1615347391473,268.96357988061175,271.7084,31350700,283.11
2021-10-05 00:00:00+00:00,272.61058368541353,278.704853026735,272.61058368541353,277.1309,24993000,288.76
2021-10-06 00:00:00+00:00,274.2708981133363,281.8047582511685,274.0117717136911,281.3057,28002600,293.11
2021-10-07 00:00:00+00:00,283.292310015262,284.69351190096654,282.08305359335253,282.9756,20430500,294.85
2021-10-08 00:00:00+00:00,284.29042642699676,284.69351190096654,281.9294972223164,282.9756,17685700,294.85
2021-10-11 00:00:00+00:00,281.1233570743976,285.96998056622374,280.9602034122965,282.3806,19298600,294.23
2021-10-12 00:00:00+00:00,283.44582889237915,283.54180161158155,280.5762445882273,281.0849,17974100,292.88
2021-10-13 00:00:00+00:00,283.03318176234353,285.3077354932334,281.67036897843474,284.3768,23416300,296.31
2021-10-14 00:00:00+00:00,287.15996582658954,291.05645812716756,285.8355423352601,290.5574,27262900,302.75
2021-10-15 00:00:00+00:00,290.163910206765,292.18893451891785,288.417206771638,291.9586,25384800,304.21
2021-10-18 00:00:00+00:00,291.3444144684174,295.7975491099612,290.4998544501936,294.9146,22729300,307.29
2021-10-19 00:00:00+00:00,295.9318672582163,296.8436080524284,294.8473755766798,295.8167,17682100,308.23
2021-10-20 00:00:00+00:00,296.75730931980087,297.2275757457467,293.78215438014377,295.0298,16537100,307.41
2021-10-21 00:00:00+00:00,294.7994784817866,298.4944291350238,294.0220992534432,298.2449,16918100,310.76
2021-10-22 00:00:00+00:00,297.89936188381415,298.5615737385172,295.404070837107,296.7093,17449300,309.16
2021-10-25 00:00:00+00:00,296.9012646869828,296.9396537824944,294.11805526238925,295.7208,17554500,308.13
2021-10-26 00:00:00+00:00,298.475157202283,299.81877527329004,296.1718119376995,297.621,28107300,310.11
2021-10-27 00:00:00+00:00,303.27385462759537,312.9671012470217,303.27385462759537,310.1551,52588700,323.17
2021-10-28 00:00:00+00:00,311.26840545090175,311.7866582765531,308.41801490981965,311.2876,26297900,324.35
2021-10-29 00:00:00+00:00,311.07644178276337,318.62949641155535,310.85570448103243,318.2648,34766000,331.62
2021-11-01 00:00:00+00:00,318.0152574429972,318.1400219995749,313.2262179251298,316.1054,27073200,329.37
2021-11-02 00:00:00+00:00,317.0075686368685,320.02111277879504,316.7100531324108,319.714,26487100,333.13
2021-11-03 00:00:00+00:00,320.4529272754491,321.4126545209581,317.3338137275449,320.5489,21500100,334.0
2021-11-04 00:00:00+00:00,319.48366758708835,322.9866727440257,316.2397888390203,322.8907,23992200,336.44
2021-11-05 00:00:00+00:00,324.87733220258286,325.1460558828781,320.95204701541394,322.526,22570100,336.06
2021-11-08 00:00:00+00:00,323.71601546039943,324.05192001246326,320.97119540639187,323.4185,20897000,336.99
2021-11-09 00:00:00+00:00,323.5336837148385,325.0788447328472,321.05758717666316,322.4204,21307400,335.95
2021-11-10 00:00:00+00:00,321.09597202539294,321.1535556650544,316.6332399516324,317.4778,25500900,330.8
2021-11-11 00:00:00+00:00,317.9096219504858,320.328134395211,317.19942385163796,319.0421,16849800,332.43
2021-11-12 00:00:00+00:00,320.4721633642195,323.64886095866,320.3473988061297,323.1594,23831000,336.72
2021-11-15 00:00:00+00:00,323.9463993334722,324.2727066623025,320.57775602701815,322.5356,16723000,336.07
2021-11-16 00:00:00+00:00,322.16124461724246,326.95028361462107,321.99809098406524,325.837,20886800,339.51
2021-11-17 00:00:00+00:00,325.885133014862,329.00995357985374,324.9813387591413,326.0582,19053400,339.12
2021-11-18 00:00:00+00:00,325.15431756087554,329.2598499282093,324.13514559146716,328.1253,22463500,341.27
2021-11-19 00:00:00+00:00,329.44260289703004,331.80785156363845,329.0195502899944,329.8945,21963400,343.11
2021-11-22 00:00:00+00:00,331.3463040225995,336.20179364976605,326.47158473354324,326.7408,31031100,339.83
2021-11-23 00:00:00+00:00,324.0678656716418,326.3754250177683,320.7122897891495,324.6736,30427600,337.68
2021-11-24 00:00:00+00:00,323.327582326655,325.13517080879524,321.0488670592761,324.8948,21661300,337.91
2021-11-26 00:00:00+00:00,321.47192680781365,324.91403686605196,315.4818861198738,316.9818,24217200,329.68
2021-11-29 00:00:00+00:00,322.03919333986875,325.9716597540326,321.84689669369936,323.6641,28563500,336.63
2021-11-30 00:00:00+00:00,322.4045150912006,324.7697635318673,316.3183270304607,317.8567,42885600,330.59
2021-12-01 00:00:00+00:00,322.221890547746,326.21204614638873,316.7029765390208,317.3664,33337600,330.08
2021-12-02 00:00:00+00:00,317.577901393062,320.64503280524445,315.17419338978425,316.7991,30766000,329.49
2021-12-03 00:00:00+00:00,319.20281945760195,319.88547255502925,305.78051348565054,310.5687,41779300,323.01
2021-12-06 00:00:00+00:00,311.4724776663907,314.8376688126552,306.93427703485696,313.6262,30032600,326.19
2021-12-07 00:00:00+00:00,318.86623562641824,322.86600507583904,317.38555174370003,322.0199,31021900,334.92
2021-12-08 00:00:00+00:00,322.3949042600829,322.5775860524823,318.05861539839384,322.068,24761000,334.97
2021-12-09 00:00:00+00:00,321.5295427799459,323.52942749924944,319.3277466226358,320.27,22214200,333.1
2021-12-10 00:00:00+00:00,322.07758822911194,329.78868219769953,321.89490645180126,329.3464,38095700,342.54
2021-12-13 00:00:00+00:00,327.55809850324107,330.54831127283444,326.01972537418976,326.3274,28899400,339.4
2021-12-14 00:00:00+00:00,320.3854381068405,321.75074427727355,311.6263259852592,315.6934,44438700,328.34
2021-12-15 00:00:00+00:00,315.9529424264157,322.27950084267144,312.00124712386076,321.7603,35381100,334.65
2021-12-16 00:00:00+00:00,322.77953366882116,323.78909105570943,310.57831153585715,312.3859,35034800,324.9
2021-12-17 00:00:00+00:00,308.5206695985176,312.40506097591106,305.03048625694873,311.3282,47750300,323.8
2021-12-20 00:00:00+00:00,307.72270765215217,310.36678653371257,305.3382292425994,307.5881,28326500,319.91
2021-12-21 00:00:00+00:00,310.8378676464298,315.10685255889274,307.48229166793976,314.6838,24740600,327.29
2021-12-22 00:00:00+00:00,315.65493235294116,320.7604081092437,313.203150210084,320.3662,24831500,333.2
2021-12-23 00:00:00+00:00,319.9335226627626,323.4333213779916,319.9142929994921,321.7988,19617800,334.69
2021-12-27 00:00:00+00:00,322.5391328777924,329.28874449408676,322.5102883837057,329.2599,19947000,342.45
2021-12-28 00:00:00+00:00,329.9329178461538,330.5674966769231,327.2119207384616,328.1061,15661500,341.25
2021-12-29 00:00:00+00:00,328.15423588243897,331.0386856557977,326.5966330048253,328.7792,15042000,341.95
2021-12-30 00:00:00+00:00,328.7407416450548,329.9137512230343,325.7697583696805,326.2505,15994500,339.32
2021-12-31 00:00:00+00:00,325.47164801379637,326.28890865842055,322.9141029376784,323.366,18000800,336.32
2022-01-03 00:00:00+00:00,322.4333899178491,324.9813203883495,317.07792851381623,321.8565,28865100,334.75
2022-01-04 00:00:00+00:00,321.9334324427829,322.2891812406918,313.5589134433604,316.3376,32674300,329.01
2022-01-05 00:00:00+00:00,313.3088590934952,313.5107705291106,303.80940678930403,304.194,40054300,316.38
2022-01-06 00:00:00+00:00,301.08841737288134,306.42464830508476,299.4923555084746,301.7903,39646100,313.88
2022-01-07 00:00:00+00:00,302.04996315755955,304.3094487963317,298.1463411603617,301.9442,32720000,314.04
2022-01-10 00:00:00+00:00,297.5694106882617,302.5979674038248,292.95429171413116,302.1653,44289500,314.27
2022-01-11 00:00:00+00:00,301.30962676995364,304.4152177281097,297.954050161915,302.848,29386800,314.98
2022-01-12 00:00:00+00:00,307.3572762245892,310.9532227102775,304.8670352090992,306.0112,34372200,318.27
2022-01-13 00:00:00+00:00,308.1265428051181,308.52075094488185,292.29091338582674,293.0601,45366000,304.8
2022-01-14 00:00:00+00:00,292.53127474210186,298.84821960670536,292.05053312379107,298.2521,39846400,310.2
2022-01-18 00:00:00+00:00,292.3582061886668,297.8675051049067,290.11795025937556,290.9929,42333200,302.65
2022-01-19 00:00:00+00:00,294.49269028121194,301.81919228892633,291.0409655820394,291.6467,45933900,303.33
2022-01-20 00:00:00+00:00,297.16557868368693,299.646205056366,289.5410177785145,289.9833,35380700,301.6
2022-01-21 00:00:00+00:00,291.03127649900347,292.39658229909134,284.2239771577205,284.6278,57984400,296.03
2022-01-24 00:00:00+00:00,280.94541471808884,285.66629762796504,265.4174597293923,284.9548,85731500,296.37
2022-01-25 00:00:00+00:00,280.2915942181705,283.6279410620819,274.1861756421367,277.3783,72848600,288.49
2022-01-26 00:00:00+00:00,296.1272312459978,296.6175877119073,281.7434415793199,285.2817,90428900,296.71
2022-01-27 00:00:00+00:00,291.002482410619,295.463764107524,286.454667232524,288.2911,53481300,299.84
2022-01-28 00:00:00+00:00,288.66609019658733,296.5983262959839,283.10871751119186,296.3868,49743700,308.26
2022-01-31 00:00:00+00:00,297.0501894012477,300.34807627500163,294.56956312303043,299.002,46444500,310.98
2022-02-01 00:00:00+00:00,298.45394699766814,298.66547326402383,293.3773166051302,296.8675,40950400,308.76
2022-02-02 00:00:00+00:00,297.70401963567923,302.98256198558033,296.98290729279654,301.3865,36636000,313.46
2022-02-03 00:00:00+00:00,297.56942118506225,299.2424018721992,288.40648673195017,289.6468,43730000,301.25
2022-02-04 00:00:00+00:00,288.646802578937,296.9059412956789,288.41604666601296,294.1561,35096500,305.94
2022-02-07 00:00:00+00:00,294.3772411064961,295.9829176673866,288.34874288087724,289.3583,28533300,300.95
2022-02-08 00:00:00+00:00,289.6467908622275,293.7907831231941,288.39686280207513,292.8293,32421200,304.56
2022-02-09 00:00:00+00:00,297.93481245461265,299.915467934835,295.5503340124032,299.2232,31284700,311.21
2022-02-10 00:00:00+00:00,292.32936216681,297.2136969905417,289.1180081685296,290.7333,45386200,302.38
2022-02-11 00:00:00+00:00,291.51208798806937,292.5697194956616,282.8875837852495,283.676,39175600,295.04
2022-02-14 00:00:00+00:00,282.4548758474576,285.3297101694915,280.1280868644068,283.6375,36359500,295.0
2022-02-15 00:00:00+00:00,288.45451781542243,289.2140893932838,285.5796836156687,288.8968,27058300,300.47
2022-02-16 00:00:00+00:00,287.4708776360601,289.8795554323873,282.95219809015026,288.5596,29982100,299.5
2022-02-17 00:00:00+00:00,285.5343432050356,285.9582705603137,279.40666597874315,280.11,32461600,290.73
2022-02-18 00:00:00+00:00,282.34527320876606,283.12568498593413,275.8514764456639,277.4123,34264000,287.93
2022-02-22 00:00:00+00:00,274.58925865424715,280.8903595370499,274.1075231127485,277.2099,41736100,287.72
2022-02-23 00:00:00+00:00,279.5801005387662,281.0445769079816,269.86830987975884,270.0321,37811200,280.27
2022-02-24 00:00:00+00:00,262.55555446552836,284.3781786211345,261.6017179130317,283.829,56989700,294.59
2022-02-25 00:00:00+00:00,284.3588676600181,286.75791075981294,280.9963534358077,286.4496,32546700,297.31
2022-02-28 00:00:00+00:00,283.5592484219686,288.2128149670337,282.29710097392814,287.8756,34627500,298.79
2022-03-01 00:00:00+00:00,285.57283309035427,289.0124249059163,281.478080928971,284.1758,31217800,294.95
2022-03-02 00:00:00+00:00,284.57083441820185,290.4576430527333,282.9714723341884,289.2244,31873000,300.19
2022-03-03 00:00:00+00:00,291.82579432278993,292.0570274128143,283.3087088402271,285.1104,27314500,295.92
2022-03-04 00:00:00+00:00,283.53997799627405,284.85993371972677,276.68006211964394,279.2718,32356500,289.86
2022-03-07 00:00:00+00:00,277.9902911369258,279.107917511025,268.35558101538123,268.7217,43157200,278.91
2022-03-08 00:00:00+00:00,267.6522686242523,273.58725053471085,260.13719412724305,265.7735,48159500,275.85
2022-03-09 00:00:00+00:00,273.08623645060663,279.0212181629117,270.5234034384749,277.9614,35204500,288.5
2022-03-10 00:00:00+00:00,272.68157937602854,276.13080577051016,270.33070998984556,275.1577,30628000,285.59
2022-03-11 00:00:00+00:00,277.4411883600529,278.93456883636236,269.2227783839755,269.8394,27209300,280.07
2022-03-14 00:00:00+00:00,270.0995379829257,274.9747026479525,265.74464780784257,266.342,30660700,276.44
2022-03-15 00:00:00+00:00,270.10919477624935,277.3063258088107,268.5483711788264,276.6608,34245100,287.15
2022-03-16 00:00:00+00:00,278.54917182309185,283.80972482421276,272.8550567614389,283.6363,37826300,294.39
2022-03-17 00:00:00+00:00,282.57650037260345,284.8117538107174,278.7996928392385,284.436,30816600,295.22
2022-03-18 00:00:00+00:00,284.58043661418634,290.0047784841727,282.03687310854446,289.4556,43390600,300.43
2022-03-21 00:00:00+00:00,287.97186281588444,289.1762016312341,284.12761331728836,288.232,28351200,299.16
2022-03-22 00:00:00+00:00,288.84861343155956,293.8586627639281,287.85623827534033,292.953,27599700,304.06
2022-03-23 00:00:00+00:00,289.5327406591205,292.15338241677523,286.8446559150556,288.55,25715400,299.49
2022-03-24 00:00:00+00:00,288.21278271621173,293.087947122657,287.42273631042417,292.9916,24484500,304.1
2022-03-25 00:00:00+00:00,294.08028018638043,294.340417380137,288.35726192373556,292.5869,22566500,303.68
2022-03-28 00:00:00+00:00,293.21318849372386,299.44684711940783,293.21318849372386,299.3505,29578200,310.7
2022-03-29 00:00:00+00:00,302.44319344345456,304.2834231254557,297.7607242002473,303.8884,30393400,315.41
2022-03-30 00:00:00+00:00,302.29875287070666,304.4087550022303,300.1983854521124,302.3951,28163600,313.86
2022-03-31 00:00:00+00:00,302.43360390516034,303.628308170348,296.64314210372675,297.0478,33422100,308.31
2022-04-01 00:00:00+00:00,298.06912643332686,298.80136464675843,294.37903122616507,298.1173,27110500,309.42
2022-04-04 00:00:00+00:00,298.76276091373774,303.5993859573927,298.3966418865288,303.4645,24289600,314.97
2022-04-05 00:00:00+00:00,301.8265959630726,303.3681497458827,298.5507941746012,299.5239,23156700,310.88
2022-04-06 00:00:00+00:00,294.0417506644407,295.78563338898164,285.8715155792988,288.5596,40110400,299.5
2022-04-07 00:00:00+00:00,285.82335089093147,292.55801421840266,285.5246748349206,290.3613,31411200,301.37
2022-04-08 00:00:00+00:00,289.4652445701586,290.12040488938277,285.457204970199,286.122,24361900,296.97
2022-04-11 00:00:00+00:00,281.131267061628,281.92131346140366,274.589297482998,274.8398,34569300,285.26
2022-04-12 00:00:00+00:00,278.67442355527197,280.11963042615054,270.24405014181383,271.7567,30966700,282.06
2022-04-13 00:00:00+00:00,272.4022256032265,278.0385323969126,271.02446172032546,277.1136,21907200,287.62
2022-04-14 00:00:00+00:00,277.5663707572454,277.7783343851624,269.11672977164704,269.6081,28221600,279.83
2022-04-18 00:00:00+00:00,268.7217116034508,272.1420338442892,268.17253310280904,270.2729,20778000,280.52
2022-04-19 00:00:00+00:00,269.1745511882229,275.7165198422713,268.2399842376446,274.8783,22297700,285.3
2022-04-20 00:00:00+00:00,278.82855231177535,279.11759365833217,274.94576355636264,275.8996,22906700,286.36
2022-04-21 00:00:00+00:00,278.0384699049179,282.58605316762225,269.8296967273245,270.5523,29454600,280.81
2022-04-22 00:00:00+00:00,271.3905543188702,272.8550304711163,263.3937437506842,264.02,29405800,274.03
2022-04-25 00:00:00+00:00,263.30700991735534,270.8413537190083,260.87906280991734,270.4656,35678900,280.72
2022-04-26 00:00:00+00:00,267.3632706683443,268.19185593960475,260.13723632595656,260.3492,46518400,270.22
2022-04-27 00:00:00+00:00,271.7952123084528,280.3412014370454,268.96260711814136,272.8743,63477700,283.22
2022-04-28 00:00:00+00:00,274.77238731485,280.3508862894038,271.1786392707938,279.0502,33646600,289.63
2022-04-29 00:00:00+00:00,278.0673945121073,279.29100281060823,266.3997594767945,267.3825,37073900,277.52
2022-05-02 00:00:00+00:00,267.565535929975,274.53143137764965,266.12996411572396,274.0786,35151100,284.47
2022-05-03 00:00:00+00:00,273.5872671019945,273.75105719710416,269.91644202924266,271.4869,25978600,281.78
2022-05-04 00:00:00+00:00,272.2673472860197,280.2545241464929,266.6214056210773,279.3874,33599300,289.98
2022-05-05 00:00:00+00:00,275.10952802596,275.889939588967,264.3186520930232,267.2187,43260400,277.35
2022-05-06 00:00:00+00:00,264.77147768354376,269.04928912022706,261.3607901867287,264.6944,37780300,274.73
2022-05-09 00:00:00+00:00,260.195021966891,262.4110056391262,253.70122633607986,254.9152,47726000,264.58
2022-05-10 00:00:00+00:00,261.7655020222635,263.7502527829314,255.387322393321,259.6555,39336400,269.5
2022-05-11 00:00:00+00:00,255.97500683937824,261.4475227940894,249.82806110151603,251.0324,48975900,260.55
2022-05-12 00:00:00+00:00,248.27692287448602,250.38692505188956,240.88709789700414,246.0224,51033800,255.35
2022-05-13 00:00:00+00:00,247.94931357230396,253.43146470588238,246.02237117034315,251.5816,34925100,261.12
2022-05-16 00:00:00+00:00,250.4639544627151,256.1098952734226,246.43664514722755,251.9477,32550900,261.5
2022-05-17 00:00:00+00:00,256.3893354096395,258.5282415935837,252.87266533243385,257.0734,28828800,266.82
2022-05-18 00:00:00+00:00,253.98307895151132,254.56250802896724,244.1038131808879,245.3689,31356000,254.08
2022-05-19 00:00:00+00:00,245.19504341471125,248.83578903768668,243.24429907561034,244.4611,32692300,253.14
2022-05-20 00:00:00+00:00,248.42054656319291,249.67597616407983,237.99082372505544,243.901,39199300,252.56
2022-05-23 00:00:00+00:00,246.73060891233456,252.53455802800693,244.74123533857664,251.7137,33175400,260.65
2022-05-24 00:00:00+00:00,249.0483125722209,252.3703731222556,244.80882250982205,250.719,29043900,259.62
2022-05-25 00:00:00+00:00,249.289668330032,255.50887288587535,248.3142961869572,253.5195,28547900,262.52
2022-05-26 00:00:00+00:00,253.27815343738249,257.9522155208725,252.4669525799173,256.7837,25002100,265.9
2022-05-27 00:00:00+00:00,259.27519601815254,263.96857151222366,258.38673810569463,263.872,26910800,273.24
2022-05-31 00:00:00+00:00,263.1863720528193,265.349574171479,259.7097972192592,262.549,37827700,271.87
2022-06-01 00:00:00+00:00,265.76478790103516,268.169418431099,260.78169812789076,263.0801,25292200,272.42
2022-06-02 00:00:00+00:00,255.383404271979,265.2337000691966,252.63111574040354,265.1661,44008200,274.58
2022-06-03 00:00:00+00:00,261.04245738834163,264.07480290348866,259.207598637138,260.7624,28059000,270.02
2022-06-06 00:00:00+00:00,262.7325178046512,264.77983434418604,258.0584555162791,259.536,22400300,268.75
2022-06-07 00:00:00+00:00,257.4983087559633,263.76580059449543,256.82230809541284,263.1574,22860700,272.5
2022-06-08 00:00:00+00:00,262.39442953293144,263.6402019156096,260.36642797973445,261.139,17372300,270.41
2022-06-09 00:00:00+00:00,258.5991881339929,263.36016355224893,255.55718558480302,255.7117,26439700,264.79
2022-06-10 00:00:00+00:00,251.6460787145737,251.6460787145737,243.87207098699554,244.3163,31422800,252.99
2022-06-13 00:00:00+00:00,236.70648873937094,240.4824357467184,233.2492277965822,233.9542,46135800,242.26
2022-06-14 00:00:00+00:00,235.49929944783017,237.3148439527179,233.22986881672048,236.1077,28651500,244.49
2022-06-15 00:00:00+00:00,239.79678199475694,246.5471323879886,237.971579957102,243.1285,33111700,251.76
2022-06-16 00:00:00+00:00,237.5465721353635,238.93720171449564,234.68805577825856,236.5712,33169200,244.97
2022-06-17 00:00:00+00:00,236.31053979406417,241.9116886735312,235.66351052695336,239.1594,43084800,247.65
2022-06-21 00:00:00+00:00,241.67991075904467,246.01597245211633,240.95562428470086,245.0406,29928300,253.74
2022-06-22 00:00:00+00:00,243.2540130960376,248.35298959032912,241.78612592343856,244.4515,25939900,253.13
2022-06-23 00:00:00+00:00,246.80779745808545,250.47751467974967,244.93431024492003,249.985,25861400,258.86
2022-06-24 00:00:00+00:00,252.8339365707882,258.79240029884204,252.7470221890176,258.522,33923200,267.7
2022-06-27 00:00:00+00:00,259.0144744724225,259.1013888406508,254.25349852391557,255.8083,24615100,264.89
2022-06-28 00:00:00+00:00,254.92946299126638,257.75900813318776,247.53208558951962,247.6866,27295500,256.48
2022-06-29 00:00:00+00:00,248.75854080534847,252.988372742642,246.99128225620532,251.337,20069800,260.26
2022-06-30 00:00:00+00:00,248.2370573141767,250.63203067398666,244.22933979675273,248.0246,31730900,256.83
2022-07-01 00:00:00+00:00,247.59966914631326,250.86378585021956,245.88069644425613,250.6803,22837700,259.58
2022-07-05 00:00:00+00:00,247.37756633821573,253.96374295605858,246.00625097203726,253.8382,22941000,262.85
2022-07-06 00:00:00+00:00,254.70734100897792,258.8019727658616,253.40362570902673,257.083,23824400,266.21
2022-07-07 00:00:00+00:00,256.0304536512668,259.83537213114755,255.93388211624438,259.198,20859900,268.4
2022-07-08 00:00:00+00:00,255.71169770230887,258.9082146379735,254.2631250728536,258.4833,19658800,267.66
2022-07-11 00:00:00+00:00,256.54221520925483,257.3920444935919,253.19118382669845,255.4413,19455200,264.51
2022-07-12 00:00:00+00:00,256.7643838057319,256.82232672369616,243.3988840619703,244.973,35868500,253.67
2022-07-13 00:00:00+00:00,241.6122409979424,244.8570434670782,239.60355375514405,244.0555,29497400,252.72
2022-07-14 00:00:00+00:00,241.97923989688283,246.39255803683875,237.50797884918134,245.3689,25102800,254.08
2022-07-15 00:00:00+00:00,246.95268482393263,251.44326039264564,246.0352554066687,247.9184,29774100,256.72
2022-07-18 00:00:00+00:00,250.8445338249754,251.8971634375614,244.6156705211406,245.5331,20975000,254.25
2022-07-19 00:00:00+00:00,248.74895510345627,250.81558591299665,244.9826653103688,250.6321,25012600,259.53
2022-07-20 00:00:00+00:00,250.9893552064666,255.78895926716743,250.0332972547375,253.2781,22788300,262.27
2022-07-21 00:00:00+00:00,250.88313849871625,255.80828575743845,248.21776468811356,255.76,22404700,264.84
2022-07-22 00:00:00+00:00,256.14628999846366,256.23320436318943,250.1878274389307,251.4336,21881300,260.36
2022-07-25 00:00:00+00:00,252.05170227562493,252.5345599428196,248.0053550245335,249.9561,21056000,258.83
2022-07-26 00:00:00+00:00,250.95079429138548,250.97010859865026,241.01358320365222,243.2637,39348000,251.9
2022-07-27 00:00:00+00:00,252.20617886432984,260.79138689811714,249.9753767768103,259.5263,45994000,268.74
2022-07-28 00:00:00+00:00,260.50163769400524,268.31427253717294,258.6860933794001,266.9333,33459300,276.41
2022-07-29 00:00:00+00:00,268.1791256322576,272.331701218209,267.14581031203244,271.1149,32152800,280.74
2022-08-01 00:00:00+00:00,268.29501410021226,271.63638890687383,266.38289788137115,268.4785,21539600,278.01
2022-08-02 00:00:00+00:00,266.5373437158868,268.36254509133255,263.04145536714947,265.3978,22754200,274.82
2022-08-03 00:00:00+00:00,267.27136565298963,273.7802867561157,267.12650835840975,272.7856,23518900,282.47
2022-08-04 00:00:00+00:00,272.1385269874846,274.0699572712851,270.56441130618725,273.9251,18098700,283.65
2022-08-05 00:00:00+00:00,269.57941067830757,273.9251292813969,269.1255245130961,273.2105,16774600,282.91
2022-08-08 00:00:00+00:00,274.311417897403,276.11730542237444,269.74358474600456,270.7093,18739200,280.32
2022-08-09 00:00:00+00:00,270.0525975770457,273.37465785334746,268.092195727949,272.6214,23405200,282.3
2022-08-10 00:00:00+00:00,278.29014197676025,279.8739148637432,277.102312311523,279.2462,24687800,289.16
2022-08-11 00:00:00+00:00,280.87828952686226,281.22594702808163,276.68708520660584,277.1796,20065900,287.02
2022-08-12 00:00:00+00:00,278.5894971463808,281.9019,277.1022958651639,281.9019,22619700,291.91
2022-08-15 00:00:00+00:00,281.02308379050663,284.09405769584623,280.1635973830374,283.4084,18085700,293.47
2022-08-16 00:00:00+00:00,281.97918504663323,283.95890123330264,280.4630121622084,282.6745,18102900,292.71
2022-08-17 00:00:00+00:00,280.40023129891534,283.8938629513937,280.13893474873,281.9293,18253400,291.32
2022-08-18 00:00:00+00:00,280.8357553020643,282.5003112795947,279.7615360374952,280.8164,17186200,290.17
2022-08-19 00:00:00+00:00,279.58735418486805,279.92607199021495,276.35501855670105,276.926,20570000,286.15
2022-08-22 00:00:00+00:00,272.9871220018002,273.3548726624662,268.2837846048605,268.7967,25061100,277.75
2022-08-23 00:00:00+00:00,267.529,269.87099167993057,266.52252423672405,267.529,17527400,276.44
2022-08-24 00:00:00+00:00,266.532149312883,268.29348155118026,266.2418198230538,266.8999,18137000,275.79
2022-08-25 00:00:00+00:00,268.39029703783393,270.02582006813697,265.67087708804013,269.8613,16583400,278.85
2022-08-26 00:00:00+00:00,270.08383657726887,271.30322038867547,259.3416458577344,259.4481,27549300,268.09
2022-08-29 00:00:00+00:00,257.28031427440334,258.7803499604117,255.34478435697318,256.6803,20338500,265.23
2022-08-30 00:00:00+00:00,258.0739310339582,258.44168178879715,252.25766251663688,254.4932,22767100,262.97
2022-08-31 00:00:00+00:00,256.83513858186404,258.49969428615134,252.90601290779054,253.0415,24791800,261.47
2022-09-01 00:00:00+00:00,250.5253195852535,252.4802048387097,247.17685276497699,252.006,23263400,260.4
2022-09-02 00:00:00+00:00,253.26409447004608,256.2061,246.26715368663594,247.8059,22855400,256.06
2022-09-06 00:00:00+00:00,247.9414069101678,249.5188639486673,243.81872777887463,245.0865,21328200,253.25
2022-09-07 00:00:00+00:00,246.48977624084623,250.4866461893138,245.05748386221862,249.7705,24126700,258.09
2022-09-08 00:00:00+00:00,249.20915738047347,252.03503109237198,246.57683666254064,250.1866,20319900,258.52
2022-09-09 00:00:00+00:00,252.10275107766773,256.6802789571202,251.89952045299862,255.9351,22084700,264.46
2022-09-12 00:00:00+00:00,257.2125445715358,258.82871188824305,256.61253035814747,258.0545,18747700,266.65
2022-09-13 00:00:00+00:00,250.49629018611847,252.00600357157026,243.4799940037303,243.8671,33353300,251.99
2022-09-14 00:00:00+00:00,245.35747221076838,246.03490774324,241.80577449052416,244.0897,23913000,252.22
2022-09-15 00:00:00+00:00,241.71868878474203,243.29614589616105,236.1540394653191,237.4702,31530900,245.38
2022-09-16 00:00:00+00:00,236.3862728119637,237.3927483860423,234.2571898667974,236.8508,39791800,244.74
2022-09-19 00:00:00+00:00,234.6539817315557,237.23791430557824,233.08620241698017,236.6379,26826900,244.52
2022-09-20 00:00:00+00:00,234.26684933800786,235.66043079397815,231.91518063105798,234.6346,26660300,242.45
2022-09-21 00:00:00+00:00,236.39601098556187,239.67673509102323,231.19911173885754,231.2475,28625600,238.95
2022-09-22 00:00:00+00:00,230.20225097518468,235.9991630840734,229.91192148726034,233.212,31061200,240.98
2022-09-23 00:00:00+00:00,231.81847964862138,233.3572263407868,227.61837861466037,230.2507,34176000,237.92
2022-09-26 00:00:00+00:00,229.40869399873662,233.66686001263426,229.26352924826284,229.7958,27694200,237.45
2022-09-27 00:00:00+00:00,232.24422069286408,234.0055528107948,226.9408690410727,228.7893,27018700,236.41
2022-09-28 00:00:00+00:00,229.17642125108893,234.51848385531176,227.16347012486,233.2991,29029700,241.07
2022-09-29 00:00:00+00:00,231.1893934231579,232.21522437894737,226.85380598736842,229.8442,27484200,237.5
2022-09-30 00:00:00+00:00,230.60875407900386,232.78622563331902,225.22797992700728,225.3925,35694800,232.9
2022-10-03 00:00:00+00:00,227.82161135665032,233.8217557447869,227.09578743873058,232.9798,28880400,240.74
2022-10-04 00:00:00+00:00,237.18956993731922,242.28969247830284,237.08311576663453,240.8574,34888400,248.88
2022-10-05 00:00:00+00:00,238.06047483948637,242.50251548956666,236.2313992776886,241.167,20347100,249.2
2022-10-06 00:00:00+00:00,239.93795198751977,242.27026539973258,238.1475869200535,238.8347,20239900,246.79
2022-10-07 00:00:00+00:00,233.13461565061476,233.54107699795082,225.65379132940572,226.6893,37769600,234.24
2022-10-10 00:00:00+00:00,225.5376065648855,226.99893154198472,219.42133248854958,221.8601,29743600,229.25
2022-10-11 00:00:00+00:00,220.28266056519234,221.67624210993304,216.8858055498869,218.1439,30474000,225.41
2022-10-12 00:00:00+00:00,218.13428217054266,220.51498462901444,216.74070024363238,218.473,21903900,225.75
2022-10-13 00:00:00+00:00,212.76316002817623,228.48934310963114,212.0663691470287,226.6893,42551800,234.24
2022-10-14 00:00:00+00:00,227.94740066503323,229.59260140007,220.97949166958347,221.1924,30198600,228.56
2022-10-17 00:00:00+00:00,228.2183219972214,231.25710382688504,227.56024185576558,229.8732,28142300,237.53
2022-10-18 00:00:00+00:00,235.3992070440252,236.06696503144656,227.78289492662478,230.812,26329600,238.5
2022-10-19 00:00:00+00:00,229.39904847767252,231.88620488413397,226.73769434624492,228.8571,19985700,236.48
2022-10-20 00:00:00+00:00,228.16994930764346,233.53136729621005,227.29896082574635,228.5377,21811000,236.15
2022-10-21 00:00:00+00:00,227.17319313563522,235.16693333884024,226.9409294977697,234.3153,26299700,242.12
2022-10-24 00:00:00+00:00,235.90240009706775,239.85088135894844,233.52169815975734,239.2799,24911200,247.25
2022-10-25 00:00:00+00:00,239.28959865953883,242.94775073805155,237.9056945663449,242.58,34775500,250.66
2022-10-26 00:00:00+00:00,223.71823524987033,230.61839970603498,222.64401609891064,223.8634,82543200,231.32
2022-10-27 00:00:00+00:00,223.59241158985665,226.15698867916205,218.50196800882028,219.4407,40424600,226.75
2022-10-28 00:00:00+00:00,218.9471242972824,228.97316835545,218.76324897189127,228.2667,40647700,235.87
2022-10-31 00:00:00+00:00,226.22475702408133,227.3473644768018,223.69889025546033,224.6473,28357300,232.13
2022-11-01 00:00:00+00:00,227.03762782136127,228.1408797212605,220.00197754744272,220.8149,30592300,228.17
2022-11-02 00:00:00+00:00,222.06338139936395,223.8440691958201,212.94703409359383,213.0051,38407000,220.1
2022-11-03 00:00:00+00:00,212.99544892882147,213.30513380163362,207.08240338856476,207.3437,36633900,214.25
2022-11-04 00:00:00+00:00,210.53728228465607,214.4470530060075,206.5500903609016,214.2535,36789100,221.39
2022-11-07 00:00:00+00:00,214.83414207223416,221.0471930749989,214.14702895510595,220.5246,33498000,227.87
2022-11-08 00:00:00+00:00,221.32787993183902,224.1827869969852,218.5600717263075,221.4924,28192500,228.87
2022-11-09 00:00:00+00:00,220.04070764331212,221.26009143022583,217.0987023161552,217.2729,27852900,224.51
2022-11-10 00:00:00+00:00,227.8408754835789,235.48621769281425,227.42473660383573,235.1475,46268000,242.98
2022-11-11 00:00:00+00:00,235.15720835255553,239.9960331674153,234.13137749180524,239.1444,34620200,247.11
2022-11-14 00:00:00+00:00,234.1894165348789,236.0475250507141,231.4990302463258,233.7636,31123300,241.55
2022-11-15 00:00:00+00:00,237.74115289498695,239.0379580113237,232.2926358763483,234.1701,31390100,241.97
2022-11-16 00:00:00+00:00,235.6258218218674,236.60601902949577,233.32575510693752,234.5971,24093300,241.73
2022-11-17 00:00:00+00:00,230.7636796921549,236.0722730470043,230.61810583416087,234.5486,23123500,241.68
2022-11-18 00:00:00+00:00,236.32462781693062,236.54784109112015,231.97682143271703,234.1022,27613500,241.22
2022-11-21 00:00:00+00:00,234.305994674654,237.45039024581698,234.0730764841975,234.9077,26394700,242.05
2022-11-22 00:00:00+00:00,236.40219125413213,238.0714378116965,233.60717376239646,237.7997,19665700,245.03
2022-11-23 00:00:00+00:00,237.8773838557234,240.9538446562727,237.06217026819613,240.2745,19508500,247.58
2022-11-25 00:00:00+00:00,240.0125113418724,241.36149597963552,239.44962566568344,240.1872,9200800,247.49
2022-11-28 00:00:00+00:00,238.81872640635345,239.3719069738584,233.69452746525482,234.6262,24778200,241.76
2022-11-29 00:00:00+00:00,234.27682669662548,235.62581090999873,231.1809564515458,233.2384,17956300,240.33
2022-11-30 00:00:00+00:00,233.4713274986282,247.7957935329623,232.7822779807165,247.6114,47594200,255.14
2022-12-01 00:00:00+00:00,246.3788962621226,248.56250407946916,243.51594379049038,247.1747,26041500,254.69
2022-12-02 00:00:00+00:00,242.44843894596502,248.504312210807,242.32227491961416,247.495,21528500,255.02
2022-12-05 00:00:00+00:00,244.57379125499602,246.33038250999203,240.74034625099924,242.8172,23435300,250.2
2022-12-06 00:00:00+00:00,243.4189067477154,244.42821885607052,236.58664016808095,237.8871,22463700,245.12
2022-12-07 00:00:00+00:00,237.6056264516921,238.89638119245404,235.06293666161966,237.1592,20481500,244.37
2022-12-08 00:00:00+00:00,237.61533966046886,241.40025970897332,235.88786333063865,240.0998,22611800,247.4
2022-12-09 00:00:00+00:00,237.4794456034553,240.98292250835303,236.95537980604678,238.1782,20609700,245.42
2022-12-12 00:00:00+00:00,240.1483091758742,245.08811476773195,239.87657134370914,245.059,30665100,252.51
2022-12-13 00:00:00+00:00,253.96814861046238,256.1323465981628,245.60250437101038,249.3389,42196900,256.92
2022-12-14 00:00:00+00:00,249.54275566829946,254.84164512479583,246.8059666083508,249.6301,35410900,257.22
2022-12-15 00:00:00+00:00,246.23331896710974,246.69915529496805,240.04157777599292,241.6623,35560400,249.01
2022-12-16 00:00:00+00:00,241.21590089501,242.46783616821284,236.32461889738033,237.4698,86102000,244.69
2022-12-19 00:00:00+00:00,237.63477152838428,237.97444387190683,231.66624320648782,233.3549,29696400,240.45
2022-12-20 00:00:00+00:00,232.33591786600496,235.7423467369727,231.3848351612903,234.6651,25150800,241.8
2022-12-21 00:00:00+00:00,234.55835034570225,238.37238616372787,233.0249720778955,237.2175,23690600,244.43
2022-12-22 00:00:00+00:00,234.14101186447792,234.84947136319744,226.9690725555229,231.1616,28651700,238.19
2022-12-23 00:00:00+00:00,229.14291046789262,231.82146890629582,227.03694242030747,231.6856,21207000,238.73
2022-12-27 00:00:00+00:00,231.65655692943955,231.8797702017218,228.87124348835246,229.9679,16688600,236.96
2022-12-28 00:00:00+00:00,229.89996223937237,232.64645594167058,227.26022270924827,227.6096,17457100,234.53
2022-12-29 00:00:00+00:00,228.6965601427327,234.78154818472262,228.6965601427327,233.8984,19770700,241.01
2022-12-30 00:00:00+00:00,231.18100715119675,232.8793689433742,229.67674384955384,232.7435,21938500,239.82
2023-01-03 00:00:00+00:00,235.90732385007095,238.4985389014108,230.39492628767007,232.5106,25740000,239.58
2023-01-04 00:00:00+00:00,225.42596570929723,225.99855620253163,219.2924539851593,222.3398,50623400,229.1
2023-01-05 00:00:00+00:00,220.49590859610453,220.83558099050876,215.21642909450767,215.7502,39585600,222.31
2023-01-06 00:00:00+00:00,216.41984928644467,219.09840885608855,212.87755130485039,218.2929,43613600,224.93
2023-01-09 00:00:00+00:00,219.767970191969,224.41662807326526,219.7291505019373,220.4182,27369800,227.12
2023-01-10 00:00:00+00:00,221.03936321608037,224.4846114572864,220.62205145728643,222.0972,27033900,228.85
2023-01-11 00:00:00+00:00,224.4651939178012,228.98768863723117,224.29050528057004,228.813,28669300,235.77
2023-01-12 00:00:00+00:00,228.31800027671795,232.8210841893422,226.66816349838584,231.4721,27269500,238.51
2023-01-13 00:00:00+00:00,230.0067019186557,232.30676893784226,227.9880776992852,232.1709,21333300,239.23
2023-01-17 00:00:00+00:00,230.9480285666736,233.8012756313709,230.09399543166217,233.2578,29831300,240.35
2023-01-18 00:00:00+00:00,234.44183591026672,235.227934710148,228.5703572197956,228.8518,30028700,235.81
2023-01-19 00:00:00+00:00,226.88171092139868,228.5703676799034,223.87318451256843,225.0863,28623000,231.93
2023-01-20 00:00:00+00:00,227.92986038631255,233.6363560819249,227.59018802347848,233.1317,35389800,240.22
2023-01-23 00:00:00+00:00,233.98567153104128,237.9355748206777,232.57845782834528,235.422,31934000,242.58
2023-01-24 00:00:00+00:00,235.34442654106758,236.75164063791107,233.34521203106922,234.898,40234400,242.04
2023-01-25 00:00:00+00:00,227.56108098582766,236.12082482024852,224.0867178421512,233.5102,66526600,240.61
2023-01-26 00:00:00+00:00,236.46045832661292,240.982952625,234.85914596774194,240.6821,33454500,248.0
2023-01-27 00:00:00+00:00,241.64290871212123,242.45812234848486,239.54664507575757,240.8374,26498900,248.16
2023-01-30 00:00:00+00:00,237.29508624284125,238.35292291211732,235.05324889786164,235.5482,25867400,242.71
2023-01-31 00:00:00+00:00,236.26635351680721,240.63356892377223,235.7811073604778,240.4977,26541100,247.81
2023-02-01 00:00:00+00:00,240.6820621167161,247.65019601186944,238.22671688625124,245.2919,31259900,252.75
2023-02-02 00:00:00+00:00,251.1828536885865,256.87964431972784,249.65918055555554,256.7923,39940400,264.6
2023-02-03 00:00:00+00:00,251.88158590284496,256.40408027869165,249.51358455583508,250.7267,29077300,258.35
2023-02-06 00:00:00+00:00,249.8435298204619,250.67815317209957,247.26202038400126,249.1933,22518000,256.77
2023-02-07 00:00:00+00:00,252.8423396509194,260.8391955935117,252.40561814920017,259.6649,50841400,267.56
2023-02-08 00:00:00+00:00,265.1384849098339,268.59343734862966,258.3547440257938,258.8594,54686000,266.73
2023-02-09 00:00:00+00:00,265.72081238145813,265.8955010090281,255.04539625218115,255.8412,42375100,263.62
2023-02-10 00:00:00+00:00,253.81282723299122,256.2972872862029,252.9684990117826,255.3365,25818500,263.1
2023-02-13 00:00:00+00:00,259.74258794043936,266.497215096565,259.2670466607696,263.314,44630900,271.32
2023-02-14 00:00:00+00:00,264.62414616967334,266.8562785501708,261.3341771392879,264.1389,37047900,272.17
2023-02-15 00:00:00+00:00,261.0547767117184,263.39952183647705,258.97272087479575,262.0277,28922400,269.32
2023-02-16 00:00:00+00:00,256.87116626358954,259.5175171924471,254.80856921609762,255.0518,29603600,262.15
2023-02-17 00:00:00+00:00,252.36658805704099,253.04763440285203,249.06837789661319,251.0726,30000100,258.06
2023-02-21 00:00:00+00:00,247.5894909565837,248.572143368821,244.7777429651324,245.8285,28397400,252.67
2023-02-22 00:00:00+00:00,247.2100417120592,247.45327249811143,243.56157992127552,244.6999,22491100,251.51
2023-02-23 00:00:00+00:00,248.64020919260508,249.88555066923104,243.69776020724572,247.8716,29219100,254.77
2023-02-24 00:00:00+00:00,243.19186310889978,244.20370315383997,241.38222610544898,242.4719,24990900,249.22
2023-02-27 00:00:00+00:00,245.6242236568596,245.9744760553246,242.63734903661657,243.3865,21190000,250.16
2023-02-28 00:00:00+00:00,242.32597688637642,244.68045098628824,241.99518300457063,242.6665,22491000,249.42
2023-03-01 00:00:00+00:00,243.9702252324684,244.13562217890933,239.13479685710806,239.6018,27565300,246.27
2023-03-02 00:00:00+00:00,239.87417102066823,244.59284767631715,238.95962338019194,244.3107,24808200,251.11
2023-03-03 00:00:00+00:00,245.3615376395472,248.69866470288693,244.58319896588193,248.3776,30760100,255.29
2023-03-06 00:00:00+00:00,249.48671376182506,253.07680062288318,249.0488982909643,249.9148,24109800,256.87
2023-03-07 00:00:00+00:00,249.36018461538464,250.7125476923077,246.52897846153846,247.2684,21473200,254.15
2023-03-08 00:00:00+00:00,247.1613938667718,247.64785543555382,244.01885213243992,246.8306,17340200,253.7
2023-03-09 00:00:00+00:00,248.89323145212427,252.5319644895371,244.76803677869373,245.488,26653400,252.32
2023-03-10 00:00:00+00:00,244.2815789854781,245.94527780683052,240.8958059455328,241.859,28333900,248.59
2023-03-13 00:00:00+00:00,240.70123968178956,250.92666421313805,239.0764576677694,247.0447,33339700,253.92
2023-03-14 00:00:00+00:00,249.79799091222822,254.00101845162771,248.93208940526858,253.7286,33620300,260.79
2023-03-15 00:00:00+00:00,252.9405400316456,259.26453999397233,252.19138926687765,258.2527,46028000,265.44
2023-03-16 00:00:00+00:00,258.0289735481535,269.0716523678494,256.1512316871832,268.7214,54768800,276.2
2023-03-17 00:00:00+00:00,270.7255799806749,275.65830006441684,268.83810917940093,271.8639,69527400,279.43
2023-03-20 00:00:00+00:00,269.4802855012306,269.9667471329391,262.54334263306765,264.8589,43466600,272.23
2023-03-21 00:00:00+00:00,267.4371154649719,267.5538662429688,262.2222473811089,266.3669,34558700,273.78
2023-03-22 00:00:00+00:00,265.9972449226927,273.4303793455507,264.8102784310845,264.9173,34873300,272.29
2023-03-23 00:00:00+00:00,270.41421843981846,273.44973819779585,267.7484094215947,270.1418,36610900,277.66
2023-03-24 00:00:00+00:00,269.73326529564815,273.0314754000784,267.8263355597533,272.9731,28172000,280.57
2023-03-27 00:00:00+00:00,272.90494337506334,273.83894959837903,268.059786091613,268.8965,26840200,276.38
2023-03-28 00:00:00+00:00,268.3224368855139,268.6629599389601,264.68370482868875,267.7776,21878600,275.23
2023-03-29 00:00:00+00:00,271.4066689672382,273.52764164557414,270.87156118141957,272.9147,25087000,280.51
2023-03-30 00:00:00+00:00,276.53392615384615,276.7576984615384,273.85838769230764,276.3588,25053400,284.05
2023-03-31 00:00:00+00:00,276.0475403191121,281.437535643427,275.3373062781825,280.4938,32766000,288.3
2023-04-03 00:00:00+00:00,278.76192460397584,280.4645400167113,276.2615122549872,279.4527,24883300,287.23
2023-04-04 00:00:00+00:00,279.45274616268546,282.58555903962673,277.9349858869002,279.4041,25824300,287.18
2023-04-05 00:00:00+00:00,278.1101141239362,279.3749143630865,275.2594489695436,276.641,22064800,284.34
2023-04-06 00:00:00+00:00,275.5415744993141,284.171403127572,274.3935251440329,283.7044,29770300,291.6
2023-04-10 00:00:00+00:00,281.3790738518953,281.7585138394554,277.00092014927947,281.5542,23103000,289.39
2023-04-11 00:00:00+00:00,278.01283606760245,278.2366084290917,274.01412126012093,275.1719,27276600,282.83
2023-04-12 00:00:00+00:00,277.0788001693182,279.2386896892307,274.32542749303326,275.814,27403400,283.49
2023-04-13 00:00:00+00:00,275.91132914366545,282.0504754002208,275.5027013421198,281.9921,24222700,289.84
2023-04-14 00:00:00+00:00,279.22891381841055,280.6688399245125,276.00853854057453,278.3922,20987900,286.14
2023-04-17 00:00:00+00:00,282.07960313711914,283.70438476454297,278.4116829362881,280.9802,23836200,288.8
2023-04-18 00:00:00+00:00,283.6752546485418,283.86011008079896,279.2387242743697,280.5619,20161800,288.37
2023-04-19 00:00:00+00:00,278.24630890275614,281.2234539261571,276.8355702478766,280.6397,17150300,288.45
2023-04-20 00:00:00+00:00,277.52628621858725,281.20393516479675,277.360889308308,278.363,23244400,286.11
2023-04-21 00:00:00+00:00,277.2928076882699,278.5186907719765,275.3956076777716,278.0225,21676400,285.76
2023-04-24 00:00:00+00:00,274.45193545799765,277.2344961138517,271.1731839159599,274.1406,26611000,281.77
2023-04-25 00:00:00+00:00,271.9417557730012,273.97516520223655,267.91385384140585,267.9625,45772200,275.42
2023-04-26 00:00:00+00:00,288.66628774079965,291.4585770762095,284.8037829806683,287.3723,64599200,295.37
2023-04-27 00:00:00+00:00,287.95609983925465,296.9361816094216,287.2555950857855,296.5762,46462600,304.83
2023-04-28 00:00:00+00:00,295.77839941417693,300.56518183948447,295.0973531341535,298.9404,36469600,307.26
2023-05-01 00:00:00+00:00,298.6582216520487,300.2440863987433,296.8875015054326,297.2864,21294100,305.56
2023-05-02 00:00:00+00:00,299.42686971611926,300.8084207786254,295.68111507481746,297.1405,26404400,305.41
2023-05-03 00:00:00+00:00,298.3176893429698,300.25380636662294,295.85619383048623,296.1578,22360800,304.4
2023-05-04 00:00:00+00:00,297.9480263252676,299.42686971611926,295.18492420025535,297.1405,22519900,305.41
2023-05-05 00:00:00+00:00,297.44208849831006,303.5228586576534,296.03134982134236,302.2386,28197100,310.65
2023-05-08 00:00:00+00:00,301.732626116961,301.800730730601,297.80201698687836,300.2927,21318600,308.65
2023-05-09 00:00:00+00:00,299.66032312703584,301.645086306189,298.0160830423453,298.6874,21340800,307.0
2023-05-10 00:00:00+00:00,300.26351391886266,304.5249169094809,299.3392370145048,303.8536,30078000,312.31
2023-05-11 00:00:00+00:00,301.703470768437,302.6958523878623,297.96744584824734,301.7132,31680200,310.11
2023-05-12 00:00:00+00:00,302.1413187526297,302.23861107874546,298.2982718710554,300.6041,19774700,308.97
2023-05-15 00:00:00+00:00,300.73054766367227,301.5088861888451,299.2614336974084,301.0808,16336500,309.46
2023-05-16 00:00:00+00:00,301.44081655546285,305.2157588407006,301.44081655546285,303.2991,26730300,311.74
2023-05-17 00:00:00+00:00,304.49836450000004,306.58497150000005,302.98703700000004,306.1657,24315000,314.0
2023-05-18 00:00:00+00:00,306.6824508256938,311.0799259575537,305.89266039181217,310.5729,27276000,318.52
2023-05-19 00:00:00+00:00,308.83732008544325,310.7971704781052,308.476551605202,310.3974,27546700,318.34
2023-05-22 00:00:00+00:00,310.650970670652,314.54142067999254,310.07569109533597,313.1666,24115700,321.18
2023-05-23 00:00:00+00:00,312.04528905982363,314.66817387553135,307.38454949882635,307.3943,30797200,315.26
2023-05-24 00:00:00+00:00,306.8775441612235,308.6033829855026,304.8104377728214,306.0195,23384900,313.85
2023-05-25 00:00:00+00:00,315.17516596710846,318.74384901202745,312.0160039273441,317.7883,43301700,325.92
2023-05-26 00:00:00+00:00,315.9357063534501,325.0816755084262,315.799199351137,324.5844,36630600,332.89
2023-05-30 00:00:00+00:00,326.86600087255823,327.3632763563902,322.27351552187434,322.9463,29503100,331.21
2023-05-31 00:00:00+00:00,323.99939536222183,327.5583282012242,319.16314690155,320.1967,45950600,328.39
2023-06-01 00:00:00+00:00,317.7980180798605,325.2083974171628,316.618207685369,324.2821,26773900,332.58
2023-06-02 00:00:00+00:00,325.9104923971377,329.0794051878354,324.2529072450805,327.0318,25873800,335.4
2023-06-05 00:00:00+00:00,326.8562639935703,330.11293102339704,326.3102359885694,327.5583,21307100,335.94
2023-06-06 00:00:00+00:00,326.96353257911767,327.0025345810357,323.8823744275953,325.3547,20396200,333.68
2023-06-07 00:00:00+00:00,323.3753642927824,326.1445065650318,314.453655915641,315.3117,40717100,323.38
2023-06-08 00:00:00+00:00,315.8577338498432,318.49036915698207,315.28245428272766,317.1448,23277700,325.26
2023-06-09 00:00:00+00:00,316.88150994216466,321.7567601028183,316.31598092352885,318.6366,22529000,326.79
2023-06-12 00:00:00+00:00,320.3819859334036,323.81416254331776,317.0473143408166,323.5704,24260300,331.85
2023-06-13 00:00:00+00:00,326.12500901911517,328.5723847856652,322.14680458583865,325.9495,22951300,334.29
2023-06-14 00:00:00+00:00,325.99824970652753,330.5809851663011,324.5064230568566,328.9234,26003800,337.34
2023-06-15 00:00:00+00:00,329.0598691525424,341.1114869750071,328.7868551565642,339.4149,38899100,348.1
2023-06-16 00:00:00+00:00,342.5546003797505,342.7008578944294,333.41838096281367,333.7889,46552000,342.33
2023-06-20 00:00:00+00:00,330.8442631770448,333.5451520662624,327.4803401922793,329.6157,26375400,338.05
2023-06-21 00:00:00+00:00,327.977590685334,329.303658775033,323.7848754017268,325.2377,25117800,333.56
2023-06-22 00:00:00+00:00,325.7837694386389,331.6340705778459,325.02323029054196,331.2343,23556800,339.71
2023-06-23 00:00:00+00:00,326.0177669034685,329.5279474300042,325.1304712703719,326.6613,23146900,335.02
2023-06-26 00:00:00+00:00,325.39365553256243,327.724024814364,320.2941445100426,320.4014,21520600,328.6
2023-06-27 00:00:00+00:00,323.5801143258511,327.7630791015333,321.08398616134144,326.2225,24354100,334.57
2023-06-28 00:00:00+00:00,326.3102902962632,329.5474568646717,325.4814976507369,327.4706,20259500,335.85
2023-06-29 00:00:00+00:00,326.3589830025369,327.7240529920907,324.3211285181316,326.6905,16997000,335.05
2023-06-30 00:00:00+00:00,329.32311072120746,334.178859326364,328.7868332648147,332.0435,26832800,340.54
2023-07-03 00:00:00+00:00,330.72726017929523,332.39459593479097,328.17262878783396,329.5572,12508700,337.99
2023-07-05 00:00:00+00:00,326.72954661540734,333.1258754398935,326.37852857016117,329.7132,18172400,338.15
2023-07-06 00:00:00+00:00,328.8843516570457,334.43238593196,327.12926172825036,332.7553,28161200,341.27
2023-07-07 00:00:00+00:00,330.8540052428681,333.26237902852733,328.59188897455664,328.8064,21214800,337.22
2023-07-10 00:00:00+00:00,326.25178898833747,326.8660705994034,319.41668725250884,323.5509,32791400,331.83
2023-07-11 00:00:00+00:00,322.8000793876139,324.5551695310855,318.8413760640057,324.1749,26698200,332.47
2023-07-12 00:00:00+00:00,328.20186992882566,333.1258730278766,327.2950733185054,328.7869,29995300,337.2
2023-07-13 00:00:00+00:00,331.0880443938598,335.1637542111714,330.56151728827405,334.1107,20567200,342.66
2023-07-14 00:00:00+00:00,338.9176677586606,342.66186018132316,335.71950339763646,336.6263,28352700,345.24
2023-07-17 00:00:00+00:00,337.05534749081653,338.3326632314234,333.66217285164726,337.1041,20363900,345.73
2023-07-18 00:00:00+00:00,337.2015179309577,357.6288140031711,333.63283518039447,350.5207,64738600,359.49
2023-07-19 00:00:00+00:00,352.724384364087,353.41666995606624,343.64666765799257,346.2208,39732900,355.08
2023-07-20 00:00:00+00:00,344.74843512555134,349.03865520800304,336.7530249718915,338.2156,33778400,346.87
2023-07-21 00:00:00+00:00,340.4387699624749,341.5600776682084,331.3513022951392,335.193,69405400,343.77
2023-07-24 00:00:00+00:00,337.22103698820666,338.2643404711541,333.76936004462345,336.4995,26678100,345.11
2023-07-25 00:00:00+00:00,338.4496559376602,343.1103956322297,336.4605536412331,342.2231,41637700,350.98
2023-07-26 00:00:00+00:00,332.92113416822093,336.07054625632827,324.79896615152325,329.3427,58383700,337.77
2023-07-27 00:00:00+00:00,331.9850898887276,332.8138825532171,320.8402661768263,322.4686,39635300,330.72
2023-07-28 00:00:00+00:00,325.3449645624612,331.5267821526731,324.85743951591456,329.9277,28484900,338.37
2023-07-31 00:00:00+00:00,328.5138500119076,329.2743890211955,325.04267196951656,327.5388,25446000,335.92
2023-08-01 00:00:00+00:00,326.82699255812577,330.0934098888031,325.37416813343646,327.9483,18311900,336.34
2023-08-02 00:00:00+00:00,325.3059569679389,325.3059569679389,318.2173429129771,319.3289,27761300,327.5
2023-08-03 00:00:00+00:00,317.86636686462987,321.64956166044203,317.81761435437454,318.5099,18253700,326.66
2023-08-04 00:00:00+00:00,323.59960513759233,326.77826824699497,319.0753729818781,319.6019,23741500,327.78
2023-08-07 00:00:00+00:00,320.1772127654418,322.84885013480357,319.3484201508588,321.8738,17741500,330.11
2023-08-08 00:00:00+00:00,318.80239563257163,320.54773539334457,314.9411970556663,317.9151,22327600,326.05
2023-08-09 00:00:00+00:00,318.3246125065947,318.9486445830618,313.03984085901374,314.1904,22373300,322.23
2023-08-10 00:00:00+00:00,317.8858045334902,320.0699165577679,313.16656248103305,314.8729,20113700,322.93
2023-08-11 00:00:00+00:00,312.2695125011682,314.36586999781946,311.24571000280366,313.0008,24355500,321.01
2023-08-14 00:00:00+00:00,313.37131751635593,315.9747009998765,312.09400202444135,315.9552,18836100,324.04
2023-08-15 00:00:00+00:00,314.94115702479337,316.9790115702479,312.89355197912136,313.8296,16966300,321.86
2023-08-16 00:00:00+00:00,313.4583458177279,316.99550046816483,312.48123127340824,313.0675,20698900,320.4
2023-08-17 00:00:00+00:00,313.2042385761172,314.50380068164606,308.9733333754102,309.628,21257200,316.88
2023-08-18 00:00:00+00:00,307.2927421258847,311.0937175682507,304.42002546764405,309.2372,24755000,316.48
2023-08-21 00:00:00+00:00,310.6539979122654,315.383231862806,309.78436604945944,314.5136,24040000,321.88
2023-08-22 00:00:00+00:00,318.0507276871551,318.61745402220436,314.1031856292254,315.0803,16084600,322.46
2023-08-23 00:00:00+00:00,316.40917629357796,321.6660516207951,316.057415119266,319.5164,21166400,327.0
2023-08-24 00:00:00+00:00,325.2325336906585,325.35955856486544,312.63752885583017,312.6473,23281400,319.97
2023-08-25 00:00:00+00:00,314.1129572976655,317.9139322063285,311.5040619233389,315.5884,21684100,322.98
2023-08-28 00:00:00+00:00,318.20704403459996,318.6858300432499,314.35721367933274,316.2919,14808500,323.7
2023-08-29 00:00:00+00:00,314.51354376541514,321.45105513839405,314.51354376541514,320.8941,19284600,328.41
2023-08-30 00:00:00+00:00,321.14824625140665,322.26215686304323,318.97905190243006,321.2655,15222100,328.79
2023-08-31 00:00:00+00:00,321.6660446668294,323.33691020868935,319.30142793507446,320.259,26411000,327.76
2023-09-01 00:00:00+00:00,323.7277530091888,324.3921907624901,319.30142503499053,321.1384,14942000,328.66
2023-09-05 00:00:00+00:00,321.47062959076595,327.18674868835257,321.138410703043,325.9165,18553900,333.55
2023-09-06 00:00:00+00:00,325.7503571377073,326.805640555155,322.62359145638067,325.2618,17535800,332.88
2023-09-07 00:00:00+00:00,323.7082178230427,325.45725253553996,321.4999393592191,322.3598,18381000,329.91
2023-09-08 00:00:00+00:00,322.5356621892482,328.4667460436175,321.9200801747091,326.62,19530100,334.27
2023-09-11 00:00:00+00:00,329.52202000355095,330.67501485470797,327.75344315558976,330.206,16583300,337.94
2023-09-12 00:00:00+00:00,328.134613997649,329.0824151279501,323.893936775477,324.1773,17565500,331.77
2023-09-13 00:00:00+00:00,323.72780610902817,329.1410204576564,323.5910100785574,328.3691,16544400,336.06
2023-09-14 00:00:00+00:00,331.38840155004425,333.0592674402126,328.867445996457,330.9487,20267000,338.7
2023-09-15 00:00:00+00:00,329.20936613166975,329.67838101871473,322.105744821634,322.6627,37679800,330.22
2023-09-18 00:00:00+00:00,320.2981357199295,322.8386334407099,318.8910908284204,321.5293,16834200,329.06
2023-09-19 00:00:00+00:00,318.70545589228664,321.8517647740758,317.08344572341394,321.1287,16505900,328.65
2023-09-20 00:00:00+00:00,321.96898023505935,322.047149390529,313.1749502447236,313.429,21436500,320.77
2023-09-21 00:00:00+00:00,311.9535790817764,317.90420645948745,307.7910712609145,312.2174,35560400,319.53
2023-09-22 00:00:00+00:00,313.9663625753131,314.0933874325731,308.9146817135106,309.755,21447900,317.01
2023-09-25 00:00:00+00:00,309.3446413396737,310.39992486930777,307.79102947660135,310.2729,17836000,317.54
2023-09-26 00:00:00+00:00,307.91807216313197,308.65090799000455,302.9250173960403,304.9965,26297600,312.14
2023-09-27 00:00:00+00:00,305.1528139646408,307.10704268039257,302.6025454905847,305.6316,19410100,312.79
2023-09-28 00:00:00+00:00,303.8728465055478,308.2600907282235,302.36809013518683,306.4622,19683600,313.64
2023-09-29 00:00:00+00:00,310.47812897862235,312.1587659002376,307.77152184323046,308.5239,24147300,315.75
2023-10-02 00:00:00+00:00,309.0417287507768,314.52334029210687,307.96690295835924,314.4354,20570000,321.8
2023-10-03 00:00:00+00:00,313.4876315676952,314.0348156641884,304.08779048150865,306.2179,21033500,313.39
2023-10-04 00:00:00+00:00,306.8432261474793,312.7156835214447,306.81391271632805,311.6604,20720100,318.96
2023-10-05 00:00:00+00:00,311.78747907377254,312.6571110157816,307.6933691445391,312.0513,16965600,319.36
2023-10-06 00:00:00+00:00,309.3056034192997,321.6563310364848,309.06132478763067,319.7705,25673600,327.26
2023-10-09 00:00:00+00:00,317.3179295524832,322.7409149536111,315.7838598083803,322.2719,19891200,329.82
2023-10-10 00:00:00+00:00,323.3857840250921,323.52258004202326,320.17107762721156,320.8746,20557100,328.39
2023-10-11 00:00:00+00:00,323.63009146260754,325.2032457974851,321.6074644606221,324.8124,20063200,332.42
2023-10-12 00:00:00+00:00,323.00470251238073,325.9946725329146,321.1970408986593,323.5812,19313100,331.16
2023-10-13 00:00:00+00:00,324.77328192719614,326.19009779696694,318.89105328166477,320.2297,21072400,327.73
2023-10-16 00:00:00+00:00,323.47368826659454,328.44720004208756,323.0339868326119,325.0273,22158000,332.64
2023-10-17 00:00:00+00:00,322.04712748900795,325.82856012768775,319.9170181473228,324.4606,18338500,332.06
2023-10-18 00:00:00+00:00,324.8807320226591,327.90978633788734,320.78662312562477,322.5552,23153600,330.11
2023-10-19 00:00:00+00:00,324.5486050947724,329.17035702040323,323.3369830254739,323.7376,25052100,331.32
2023-10-20 00:00:00+00:00,324.12842832216,324.3238512260079,318.00192028652765,319.194,25027700,326.67
2023-10-23 00:00:00+00:00,318.0214097261023,325.1152599568809,316.96612622069716,321.7833,24374700,329.32
2023-10-24 00:00:00+00:00,323.7179780352767,324.2456197743019,320.10265500862255,322.9656,31153600,330.53
2023-10-25 00:00:00+00:00,337.124048116946,338.2770432383245,329.8934007455896,332.8736,55053800,340.67
2023-10-26 00:00:00+00:00,332.7464955930343,333.8115501540151,319.4577414376773,320.386,37828500,327.89
2023-10-27 00:00:00+00:00,322.86791092750366,329.0139604984688,320.8843686971286,322.2621,29856500,329.81
2023-10-30 00:00:00+00:00,325.7797533574457,331.68152508078623,324.2359124099493,329.5905,22828100,337.31
2023-10-31 00:00:00+00:00,331.09526476590463,331.24183194818255,327.0304682440626,330.3722,20265300,338.11
2023-11-01 00:00:00+00:00,332.01372121247147,339.4691045164273,331.8769251885456,338.15,28158800,346.07
2023-11-02 00:00:00+00:00,339.29321641019754,340.8468283618512,336.87974375574186,340.3485,24348100,348.32
2023-11-03 00:00:00+00:00,341.62854699546483,346.2796120748299,339.38118361678,344.726,23637700,352.8
2023-11-06 00:00:00+00:00,345.36108762236,349.35748555240804,345.2633761815276,348.3706,23828300,356.53
2023-11-07 00:00:00+00:00,351.1749605858043,354.1649310348654,349.4454678750729,352.2791,25833900,360.53
2023-11-08 00:00:00+00:00,353.4027859030837,355.5426667400881,352.29864647577097,354.888,26767800,363.2
2023-11-09 00:00:00+00:00,354.0085542155314,356.44156912029723,352.1129522415371,352.4354,24847300,360.69
2023-11-10 00:00:00+00:00,353.2171037709308,361.6300592149755,352.8067157004896,361.2099,28042100,369.67
2023-11-13 00:00:00+00:00,359.7930561415949,360.03733473600965,357.52615078542595,358.2883,19986500,366.68
2023-11-14 00:00:00+00:00,362.51926475814946,363.4377524239069,358.9430255489238,361.7962,27683900,370.27
2023-11-15 00:00:00+00:00,363.5193470933535,365.3306776043498,359.4365102118105,361.943,26860100,369.67
2023-11-16 00:00:00+00:00,363.20610073105246,368.4834375947045,362.44240448733285,368.3072,27182300,376.17
2023-11-17 00:00:00+00:00,365.8007075111532,366.54482179532243,359.3288714343653,362.1193,40157000,369.85
2023-11-20 00:00:00+00:00,363.46061289741414,370.95070957503174,363.2452114243323,369.5506,52465100,377.44
2023-11-21 00:00:00+00:00,367.81765416677837,368.3561579328276,363.3627593749162,365.272,28423100,373.07
2023-11-22 00:00:00+00:00,370.09886462882093,371.85144919941774,367.13219912663754,369.952,23345300,377.85
2023-11-24 00:00:00+00:00,369.44289024189914,370.0695126937445,367.29866653949074,369.5408,10176600,377.43
2023-11-27 00:00:00+00:00,368.90445111328273,372.683768437178,368.3365744169461,370.6962,22179200,378.61
2023-11-28 00:00:00+00:00,370.441624888947,374.99442931800365,370.255596320878,374.7007,20453100,382.7
2023-11-29 00:00:00+00:00,375.7384688821433,376.2671815494259,369.5505724798733,370.9311,28963400,378.85
2023-11-30 00:00:00+00:00,370.5786789765379,372.1452352563933,367.6218039983109,370.9899,30554400,378.91
2023-12-01 00:00:00+00:00,368.88486994739793,370.25560680355665,363.54878718592295,366.6819,33040500,374.51
2023-12-04 00:00:00+00:00,361.3849360947067,361.7961571002872,355.314530774232,361.4241,32063300,369.14
2023-12-05 00:00:00+00:00,358.7903765569634,365.2817947492752,357.97772541071623,364.7335,23065000,372.52
2023-12-06 00:00:00+00:00,365.7321226898048,366.3587451626898,360.33729483731014,361.0912,21182100,368.8
2023-12-07 00:00:00+00:00,360.53315419598334,363.68584886103247,358.6630775468392,363.1963,23118900,370.95
2023-12-08 00:00:00+00:00,361.4828390027523,366.63289245116636,360.5331143173984,366.4077,20154400,374.23
2023-12-11 00:00:00+00:00,360.7779443037975,363.83272932938326,358.4476916240237,363.539,27708800,371.3
2023-12-12 00:00:00+00:00,363.0983850900155,366.59376390832847,362.7165369838132,366.5546,24838300,374.38
2023-12-13 00:00:00+00:00,368.1603111787803,369.7464494270374,363.0200483372065,366.5448,30955500,374.37
2023-12-14 00:00:00+00:00,365.50694059519583,365.94753453392724,356.5188242450742,358.2812,43277500,365.93
2023-12-15 00:00:00+00:00,359.1820008227012,364.61599320260024,358.6239151188196,362.9809,78502300,370.73
2023-12-18 00:00:00+00:00,361.72758785723875,365.20338414061456,360.9736827478868,364.8607,21802900,372.65
2023-12-19 00:00:00+00:00,363.72499710657456,365.458,362.10948593473717,365.458,20603700,373.26
2023-12-20 00:00:00+00:00,367.1616480492148,368.17011870919,362.78508120446816,362.8732,26316700,370.62
2023-12-21 00:00:00+00:00,364.77258439792257,366.583914871232,362.30525856400925,365.7321,17708000,373.54
2023-12-22 00:00:00+00:00,365.86921210956274,367.3378585936249,364.9194873832025,366.7504,17107500,374.58
2023-12-26 00:00:00+00:00,367.16159317781455,369.0610424865211,365.6929468051033,366.8287,12673100,374.66
2023-12-27 00:00:00+00:00,365.87904285026866,367.22040678482637,365.0174368193119,366.2511,14905400,374.07
2023-12-28 00:00:00+00:00,367.52391879663185,368.59113533361756,366.3392105308037,367.4358,14327000,375.28
2023-12-29 00:00:00+00:00,368.14073609190507,369.2764894266567,365.6734098819274,368.1799,18730800,376.04
2024-01-02 00:00:00+00:00,366.04540160703215,368.0427605630005,359.1036001375145,363.1179,25258600,370.87
2024-01-03 00:00:00+00:00,361.29683468969233,365.457999827307,360.80728584997297,362.8536,23083500,370.6
2024-01-04 00:00:00+00:00,362.92213666358646,365.3013440234821,359.4952947871936,360.2492,20901500,367.94
2024-01-05 00:00:00+00:00,361.25769926308635,364.2831113310673,358.8393278042148,360.0632,21004600,367.75
2024-01-08 00:00:00+00:00,361.5807636446129,367.3574398035709,361.29682532493524,366.8581,23134000,374.69
2024-01-09 00:00:00+00:00,364.2341109422815,368.13091952686335,363.43125088214157,367.9351,20830000,375.79
2024-01-10 00:00:00+00:00,368.5029751652429,376.1399366826032,368.4540202837213,374.7692,25514200,382.77
2024-01-11 00:00:00+00:00,377.9316636767803,382.5138403244677,372.42913530925824,376.5903,27850800,384.63
2024-01-12 00:00:00+00:00,377.4323887275723,380.5557105259093,376.6099466239349,380.3501,21661200,388.47
2024-01-16 00:00:00+00:00,385.43154068721657,385.79380677992157,379.51779149819356,382.1124,27202300,390.27
2024-01-17 00:00:00+00:00,379.8703443551493,381.95582255886205,376.76660449328574,381.3292,22234100,389.47
2024-01-18 00:00:00+00:00,383.53214000558563,385.7546917206185,381.96558373067256,385.6372,23392100,393.87
2024-01-19 00:00:00+00:00,387.4877255474452,390.3369,385.2749646324027,390.3369,29331100,398.67
2024-01-22 00:00:00+00:00,391.65863267004613,392.24609124612243,385.36303492976214,388.222,27016900,396.51
2024-01-23 00:00:00+00:00,387.4778428177488,391.031966808724,385.6958853346704,390.562,20525900,398.9
2024-01-24 00:00:00+00:00,393.14682052364867,397.15132940431243,392.0796042204889,394.1455,24867000,402.56
2024-01-25 00:00:00+00:00,395.8687962457085,398.5025691530615,394.1162112999234,396.4073,21021200,404.87
2024-01-26 00:00:00+00:00,395.91770295100633,397.68007865966877,394.01825357611466,395.4869,17803300,403.93
2024-01-29 00:00:00+00:00,397.5724025041491,401.41046539588007,395.8785635238699,401.1559,24510200,409.72
2024-01-30 00:00:00+00:00,403.6427882963362,404.41627542279554,397.954231075161,400.0495,33477600,408.59
2024-01-31 00:00:00+00:00,398.45353492630414,406.6387903616882,388.90733391015647,389.2696,47871100,397.58
2024-02-01 00:00:00+00:00,393.4307598197038,399.47179156966666,393.4013868938531,395.34,30657700,403.78
2024-02-02 00:00:00+00:00,395.36938705559066,404.0246095155877,395.12461266475367,402.6245,28256700,411.22
2024-02-05 00:00:00+00:00,401.3321654135338,402.5658285714286,395.5456977443609,397.171,25352300,405.65
2024-02-06 00:00:00+00:00,397.39614807763445,399.4424621347012,394.48822810180275,397.0143,18382600,405.49
2024-02-07 00:00:00+00:00,398.923564245864,405.6401744233788,398.8844003381234,405.3954,22340500,414.05
2024-02-08 00:00:00+00:00,405.3953541450339,406.8737914950134,403.90712581922674,405.4541,21225300,414.11
2024-02-09 00:00:00+00:00,406.570282665557,412.0238563547735,406.4136270479134,411.7595,22032800,420.55
2024-02-12 00:00:00+00:00,411.7693176708568,411.9455552521312,406.0807601863892,406.5801,21202900,415.26
2024-02-13 00:00:00+00:00,396.47584509746014,401.49861658298875,394.95824357649144,397.827,27824900,406.32
2024-02-14 00:00:00+00:00,400.27921035190116,402.01541787101024,396.84603164179833,401.6721,20401200,409.49
2024-02-15 00:00:00+00:00,400.3478348091303,401.3189338351043,396.5713385970091,398.798,21825500,406.56
2024-02-16 00:00:00+00:00,400.17134229569865,400.49504202841166,395.737636865812,396.3458,22296500,404.06
2024-02-20 00:00:00+00:00,395.5414086744954,396.76754388142706,390.41125896869335,395.1,24307900,402.79
2024-02-21 00:00:00+00:00,392.5300743174698,394.6095999129743,389.63639483315933,394.5017,18518900,402.18
2024-02-22 00:00:00+00:00,402.3587738880117,404.9483717891413,400.76970244868215,403.7909,27009900,411.65
2024-02-23 00:00:00+00:00,407.73414108544137,407.9205136569674,401.1620556684701,402.5059,16295900,410.34
2024-02-26 00:00:00+00:00,403.6044598763311,404.29109556853314,399.5827365362909,399.7593,16193500,407.54
2024-02-27 00:00:00+00:00,400.2007632153725,400.52446294296647,396.1398029964661,399.7005,14835800,407.48
2024-02-28 00:00:00+00:00,400.387117781811,401.4857349896988,397.5817202688119,399.9359,13183100,407.72
2024-02-29 00:00:00+00:00,400.83835861135293,406.29220863552854,398.17028809592887,405.7429,31947300,413.64
2024-03-01 00:00:00+00:00,403.4181578772563,407.9303360722022,403.0356036389892,407.5674,17823400,415.5
2024-03-04 00:00:00+00:00,405.5466559722356,409.38200674828886,404.44803887014365,406.9984,17596000,414.92
2024-03-05 00:00:00+00:00,406.05677211473983,406.34123550229725,392.9910744517571,394.9627,26919200,402.65
2024-03-06 00:00:00+00:00,395.2765992638465,397.4247883409188,390.78403945882764,394.4134,22344100,402.09
2024-03-07 00:00:00+00:00,398.3664570953708,401.9565812778022,394.56053309869486,401.3288,18718500,409.14
2024-03-08 00:00:00+00:00,400.1712801437644,402.5843141401211,396.6105836369454,398.4645,18002200,406.22
2024-03-11 00:00:00+00:00,396.0515097399387,397.93485355483045,393.5992391476318,396.797,16120800,404.52
2024-03-12 00:00:00+00:00,399.83784240030826,407.63606340782127,399.0236885089579,407.3516,22457000,415.28
2024-03-13 00:00:00+00:00,410.11772464466395,410.19619730185497,403.59468501565885,407.175,17115900,415.1
2024-03-14 00:00:00+00:00,412.2168769860308,419.6521614129157,410.009833455623,417.1018,34157300,425.22
2024-03-15 00:00:00+00:00,411.2850065846982,414.5318127851688,404.9091031698766,408.4698,45079900,416.42
2024-03-18 00:00:00+00:00,406.3412118997412,412.69749688009205,405.8801850570306,409.3526,20106000,417.32
2024-03-19 00:00:00+00:00,409.8528488526613,413.61953611684584,407.61637828955173,413.3645,19837900,421.41
2024-03-20 00:00:00+00:00,413.9432664675587,417.827662996496,412.6288494602921,417.1116,17860100,425.23
2024-03-21 00:00:00+00:00,421.62381782145934,422.5949170459044,419.0047926403801,421.1726,21296200,429.37
2024-03-22 00:00:00+00:00,421.4962719130475,421.6532172318888,417.9355749918365,420.5546,17648500,428.74
2024-03-25 00:00:00+00:00,417.1214618455281,419.25003293998014,413.56076457692853,414.7869,18060500,422.86
2024-03-26 00:00:00+00:00,417.4843970117397,417.85714217953284,413.30572749911073,413.6,16725600,421.65
2024-03-27 00:00:00+00:00,416.33673409107087,416.34654317442994,411.01040182711245,413.3842,16705000,421.43
2024-03-28 00:00:00+00:00,412.92311796919563,413.8157444357292,411.11824687202886,412.6877,21871200,420.72
2024-04-01 00:00:00+00:00,415.8560369079304,419.72081526721155,414.1590656994136,416.4642,16316000,424.57
2024-04-02 00:00:00+00:00,412.08939194191345,414.31605381548974,409.8627300683371,413.394,17912000,421.44
2024-04-03 00:00:00+00:00,411.716646014984,415.1792523581877,411.0888646949697,412.4229,16502300,420.45
2024-04-04 00:00:00+00:00,416.87615698525894,420.48589899731985,409.5978184718101,409.9019,19370900,417.88
2024-04-05 00:00:00+00:00,411.9912952646174,418.3671992174281,410.3335602368866,417.3961,16554800,425.52
2024-04-08 00:00:00+00:00,417.0527267387362,419.12244297793166,415.2184284603971,416.4838,14272400,424.59
2024-04-09 00:00:00+00:00,418.29854533170686,419.5737261518251,413.57056721403774,418.1416,12496900,426.28
2024-04-10 00:00:00+00:00,414.1296282379625,415.93449930539145,411.68716684780037,415.1792,16216600,423.26
2024-04-11 00:00:00+00:00,417.6903834318697,421.1726079896245,414.2964406234665,419.7601,17966400,427.93
2024-04-12 00:00:00+00:00,415.95415278502014,417.06257913249584,411.7558653804219,413.8452,19253800,421.9
2024-04-15 00:00:00+00:00,418.45547127937346,418.6712711004739,405.5369092616769,405.7429,20273500,413.64
2024-04-16 00:00:00+00:00,406.65509091851993,410.41196912537987,405.8311280741956,406.6649,16765600,414.58
2024-04-17 00:00:00+00:00,409.2839129273504,410.88279316239317,402.4960287393162,403.9772,15855500,411.84
2024-04-18 00:00:00+00:00,402.79037681252635,404.0263212753853,396.237909342766,396.5518,21029900,404.27
2024-04-19 00:00:00+00:00,396.3163594983964,397.73867645820803,390.1758738650029,391.5001,30565800,399.12
2024-04-22 00:00:00+00:00,392.4418006783719,395.1589167248604,388.1944676526337,393.305,20286900,400.96
2024-04-23 00:00:00+00:00,396.52237532693766,400.4067722354442,395.3649035208676,399.7888,15734500,407.57
2024-04-24 00:00:00+00:00,401.74075408986454,404.59519689287634,399.0138293502175,401.2503,15065300,409.06
2024-04-25 00:00:00+00:00,386.5072500200481,392.2553719526864,380.6218009422614,391.4216,40586500,399.04
2024-04-26 00:00:00+00:00,404.3009126845836,405.1150664500886,398.0132914353219,398.5626,29694700,406.32
2024-04-29 00:00:00+00:00,397.5130244251087,398.56259613673086,391.568721086389,394.5703,19582100,402.25
2024-04-30 00:00:00+00:00,393.82484403976065,394.48205255181983,381.7400546836874,381.897,28781400,389.33
2024-05-01 00:00:00+00:00,385.11438380260296,394.05045786195376,382.85829485238264,387.3999,23562500,394.94
2024-05-02 00:00:00+00:00,390.06793653227436,392.29459804192646,387.11540298863866,390.2445,17709400,397.84
2024-05-03 00:00:00+00:00,394.5997223921703,399.37674498352425,394.1877409777209,398.8961,17446700,406.66
2024-05-06 00:00:00+00:00,400.95605853847263,406.02735421966435,398.611687807709,405.6448,16996600,413.54
2024-05-07 00:00:00+00:00,406.74343211022625,406.7532411931402,401.279772927151,401.525,20018200,409.34
2024-05-08 00:00:00+00:00,400.3773472913723,404.35983505383155,398.94522115019237,402.7021,11792300,410.54
2024-05-09 00:00:00+00:00,402.7315105185293,404.8404633100505,401.2895753540939,404.4481,14689700,412.32
2024-05-10 00:00:00+00:00,405.05626509620487,407.4496812991272,403.9380296571346,406.8219,13402300,414.74
2024-05-13 00:00:00+00:00,410.0294967949337,410.3630056318283,402.9767658029585,405.8214,15440200,413.72
2024-05-14 00:00:00+00:00,404.15377698770885,409.51934458181296,403.69275015603995,408.6071,15109300,416.56
2024-05-15 00:00:00+00:00,410.66093050959626,416.46855458069393,410.0418436796823,415.7512,22239500,423.08
2024-05-16 00:00:00+00:00,414.4933687736051,418.050661317371,413.0684864011022,413.6974,17530100,420.99
2024-05-17 00:00:00+00:00,415.22053850693703,415.5939559458366,410.78866311368125,412.9309,15352200,420.21
2024-05-20 00:00:00+00:00,412.9308650021159,419.3772286641275,412.7146759768656,417.972,16272100,425.34
2024-05-21 00:00:00+00:00,419.43628249114295,425.4699229908633,417.4905808316241,421.608,21453300,429.04
2024-05-22 00:00:00+00:00,422.6397486922791,424.9195603990524,419.73102341122365,423.0623,18073700,430.52
2024-05-23 00:00:00+00:00,425.4698847798595,426.08897161592506,418.05066952224826,419.6033,17211700,427.0
2024-05-24 00:00:00+00:00,419.7900475032545,423.59300984749854,417.0582037520922,422.7086,11855300,430.16
2024-05-28 00:00:00+00:00,422.18775249581705,423.357138771147,419.21023954266593,422.8658,15718000,430.32
2024-05-29 00:00:00+00:00,418.31598232169074,423.47503916396766,418.31598232169074,421.7357,15517100,429.17
2024-05-30 00:00:00+00:00,416.95008481443074,416.95008481443074,407.0643486531458,407.4869,28394500,414.67
2024-05-31 00:00:00+00:00,409.5308375087322,409.5308375087322,397.5028652205333,407.9389,47995300,415.13
2024-06-03 00:00:00+00:00,408.33198177597217,409.2163915264075,401.83648349777525,406.3568,17484700,413.52
2024-06-04 00:00:00+00:00,405.2856541399284,409.22619065061167,402.58329119619293,408.8626,14348900,416.07
2024-06-05 00:00:00+00:00,410.5724993066201,416.7338874271833,409.0886562345228,416.6651,16988000,424.01
2024-06-06 00:00:00+00:00,416.6651344176953,417.9426153137661,413.2945502072929,417.1663,14861300,424.52
2024-06-07 00:00:00+00:00,418.81719235578623,418.89580656364274,415.6726240415241,416.5079,13621700,423.85
2024-06-10 00:00:00+00:00,417.34311248743774,420.66456226423907,416.5471437539439,420.4582,13982900,427.87
2024-06-11 00:00:00+00:00,418.10962201164836,425.3224748497735,417.88360618702046,425.1849,14551100,432.68
2024-06-12 00:00:00+00:00,427.779131646488,435.7191651475989,425.7449894005351,433.4197,22366200,441.06
2024-06-13 00:00:00+00:00,433.2133454753386,435.70934615018797,431.7589828773948,433.9307,15960600,441.58
2024-06-14 00:00:00+00:00,430.68791334252205,435.4637261992453,429.1549363761665,434.9036,13582000,442.57
2024-06-17 00:00:00+00:00,434.9232241876129,443.12858111381223,433.0856173071347,440.6031,20790000,448.37
2024-06-18 00:00:00+00:00,441.91992336111485,442.3424747098625,437.1834175449209,438.6083,17112500,446.34
2024-06-20 00:00:00+00:00,438.56900655149207,438.79502239623065,433.62613829481717,437.9794,19877400,445.7
2024-06-21 00:00:00+00:00,439.63027392503,442.77484202499,438.7753444728534,441.9887,34187100,449.78
2024-06-24 00:00:00+00:00,442.00830290169097,444.90720128666203,438.67702645252086,439.9152,15913700,447.67
2024-06-25 00:00:00+00:00,440.4851708615146,443.6002584055882,439.0111546734671,443.1384,16413400,450.95
2024-06-26 00:00:00+00:00,441.222238809271,445.74255573248405,440.4262699597487,444.3275,16507000,452.16
2024-06-27 00:00:00+00:00,444.34710608369215,448.26798925692833,443.94420831401123,445.0055,14806300,452.85
2024-06-28 00:00:00+00:00,445.22168618189954,447.4916711623224,438.67705416042065,439.2077,28362300,446.95
2024-07-01 00:00:00+00:00,440.88809247914526,449.4472136076019,437.9400599435115,448.8183,17662800,456.73
2024-07-02 00:00:00+00:00,445.3494210938861,451.62873001001566,445.2609801232364,451.3241,13979800,459.28
2024-07-03 00:00:00+00:00,450.2529921153721,453.03396936866545,449.9483620982269,452.7883,9932800,460.77
2024-07-05 00:00:00+00:00,451.6484137372744,460.23701523868596,451.01950012618704,459.4607,16000300,467.56
2024-07-08 00:00:00+00:00,458.46823005319146,459.5983092827728,456.4144338881262,458.1636,12962300,466.24
2024-07-09 00:00:00+00:00,458.91037385211297,459.2346574139357,450.06627671149414,451.5796,17207200,459.54
2024-07-10 00:00:00+00:00,453.2305320064343,458.3797622820375,450.9114130273459,458.1734,18196100,466.25
2024-07-11 00:00:00+00:00,454.96007044204976,456.72889010336485,443.72806559269856,446.8235,23111200,454.7
2024-07-12 00:00:00+00:00,446.4598884841803,448.4547238981369,442.8436351229191,445.6934,16324300,453.55
2024-07-15 00:00:00+00:00,445.4477328178694,449.3391359106529,443.61012580183274,446.0963,14429400,453.96
2024-07-16 00:00:00+00:00,446.3517843566471,446.4303985584624,438.92274228510416,441.7332,17175700,449.52
2024-07-17 00:00:00+00:00,434.92320997700216,437.1440610006314,431.5722798926768,435.8371,21778000,443.52
2024-07-18 00:00:00+00:00,436.6429297590662,436.9475597906306,426.875115198583,432.7417,20794800,440.37
2024-07-19 00:00:00+00:00,425.5976628766214,433.49839067511607,424.51671753105626,429.5382,20940400,437.11
2024-07-22 00:00:00+00:00,434.13712080191453,436.8984447554974,431.30700941888296,435.2672,15808800,442.94
2024-07-23 00:00:00+00:00,436.21055634483525,440.622778462403,435.4244143194335,437.1441,13107100,444.85
2024-07-24 00:00:00+00:00,432.8203256703194,433.83248354394965,420.1830924131499,421.4704,26805800,428.9
2024-07-25 00:00:00+00:00,421.37214684512435,422.3548244263863,410.2777169526769,411.1523,29943800,418.4
2024-07-26 00:00:00+00:00,410.9557694170762,421.49007321466365,410.04187925553174,417.9033,23583800,425.27
2024-07-29 00:00:00+00:00,424.1039862207953,424.66411243643523,417.343164530265,419.338,15125800,426.73
2024-07-30 00:00:00+00:00,420.3108523597844,421.61781353447464,410.1303126832498,415.594,32687600,422.92
2024-07-31 00:00:00+00:00,413.21585645990194,414.47368356161104,405.0694606214891,411.1031,42891400,418.35
2024-08-01 00:00:00+00:00,413.50085309390806,420.0553118266164,405.9342365658938,409.8846,30296400,417.11
2024-08-02 00:00:00+00:00,405.34460968689564,407.8111300154227,397.33578869984575,401.4139,29437900,408.49
2024-08-05 00:00:00+00:00,382.4285887637606,394.09297026445654,378.90077666708845,388.305,40709200,395.15
2024-08-06 00:00:00+00:00,393.0710442681614,398.64282632066266,391.59702785215586,392.6878,24946500,399.61
2024-08-07 00:00:00+00:00,401.56133736917405,402.97639298245616,390.5848295911453,391.5282,20650900,398.43
2024-08-08 00:00:00+00:00,395.4687306265365,398.8294876555167,393.01203689190197,395.7144,20203000,402.69
2024-08-09 00:00:00+00:00,397.03117186591794,400.9815352322546,395.29183277178464,398.9867,19276700,406.02
2024-08-12 00:00:00+00:00,400.008669354244,401.6792209631031,397.23751903837166,399.763,16762900,406.81
2024-08-13 00:00:00+00:00,402.4948655757107,407.7620168232651,402.47521202627956,406.8383,19414300,414.01
2024-08-14 00:00:00+00:00,407.6145845607638,410.48400256201126,405.30529267619823,409.6389,18267000,416.86
2024-08-15 00:00:00+00:00,413.271528204641,414.56115588912905,411.1648081704392,414.4824,20752100,421.03
2024-08-16 00:00:00+00:00,414.05907548928235,414.7875674433053,410.81039515377444,411.9622,22775600,418.47
2024-08-19 00:00:00+00:00,412.444666600242,415.1912787346096,409.98354461604157,414.9747,15234000,421.53
2024-08-20 00:00:00+00:00,415.142009086629,419.23731560263656,415.08294216572506,418.1938,16387600,424.8
2024-08-21 00:00:00+00:00,417.48503307398505,419.7689542132315,415.1617339840619,417.5441,16067300,424.14
2024-08-22 00:00:00+00:00,417.76069395259293,420.1529045433762,408.162318125376,409.0877,19361900,415.55
2024-08-23 00:00:00+00:00,410.49544526500154,412.73998844502023,405.68149081311924,410.3084,18493800,416.79
2024-08-26 00:00:00+00:00,409.8949123050134,410.7907606375003,404.9431352584101,407.0597,13152800,413.49
2024-08-27 00:00:00+00:00,406.4394403924222,407.9161132611638,403.8700296008119,407.4042,13492900,413.84
2024-08-28 00:00:00+00:00,408.4280400584511,408.5461738918656,400.97576406721873,404.2146,14882700,410.6
2024-08-29 00:00:00+00:00,408.48709642718825,415.4865258762587,404.2145895623548,406.6954,17045200,413.12
2024-08-30 00:00:00+00:00,409.1368491154049,410.99745701922615,405.7208123819341,410.6529,24308300,417.14
2024-09-03 00:00:00+00:00,411.4109809911098,413.3503450468933,400.7001784901328,403.0727,20313600,409.44
2024-09-04 00:00:00+00:00,399.59759819271216,404.8447101100514,398.0815470946442,402.5411,15135800,408.9
2024-09-05 00:00:00+00:00,401.2809745096599,406.67575332402856,399.81414596341733,402.039,14195500,408.39
2024-09-06 00:00:00+00:00,402.69854164799597,404.26381491162556,394.56699626587005,395.453,19609500,401.7
2024-09-09 00:00:00+00:00,400.9068619244799,402.29493449916197,395.8960183747412,399.4105,15295100,405.72
2024-09-10 00:00:00+00:00,401.85190854659584,409.8554754659585,401.35968425881214,407.7586,19594300,414.2
2024-09-11 00:00:00+00:00,409.03845641074133,417.39642631429655,403.21051979954615,416.4612,19266900,423.04
2024-09-12 00:00:00+00:00,416.7269842529274,420.7238460234192,413.2223468384075,420.3596,17395700,427.0
2024-09-13 00:00:00+00:00,419.207823809192,425.11451648668105,418.8435777607469,423.8938,15874600,430.59
2024-09-16 00:00:00+00:00,423.90360796587385,426.7880426415357,421.56062007233277,424.6321,13834700,431.34
2024-09-17 00:00:00+00:00,433.38379879122147,434.978605492359,425.5475880868666,428.3828,18874200,435.15
2024-09-18 00:00:00+00:00,428.2351396207145,429.2491216754486,423.71652056126834,424.1103,18898000,430.81
2024-09-19 00:00:00+00:00,434.36829969682464,434.6341008456997,430.1056368278283,431.8678,21706600,438.69
2024-09-20 00:00:00+00:00,430.42067502929217,432.4092614698922,427.4673288303811,428.501,55167100,435.27
2024-09-23 00:00:00+00:00,427.5264255772646,429.6725239648451,423.6969197388757,426.7684,15128900,433.51
2024-09-24 00:00:00+00:00,426.26623808747115,426.61079509285366,419.4735428385022,422.4958,17015800,429.17
2024-09-25 00:00:00+00:00,423.145557110458,426.3843931221217,421.9051518293953,425.3901,13396400,432.11
2024-09-26 00:00:00+00:00,428.323816359463,428.5305506016554,422.4565016762885,424.6026,14492000,431.31
2024-09-27 00:00:00+00:00,424.8092701836363,425.134138229522,420.8222532568572,421.3637,14896100,428.02
2024-09-30 00:00:00+00:00,421.5508020985358,423.72643385080175,418.7549676295607,423.6083,16807300,430.3
2024-10-01 00:00:00+00:00,421.7870214766217,421.81655493593854,412.29693654947823,414.1477,19092900,420.69
2024-10-02 00:00:00+00:00,416.00834559489846,416.2446132908206,410.22963153213624,410.6431,16582300,417.13
2024-10-03 00:00:00+00:00,411.1353491837518,413.025490865223,407.84729021702594,410.0623,13686400,416.54
2024-10-04 00:00:00+00:00,411.7357980291304,413.2223154713262,408.5166509854348,409.5897,19169700,416.06
2024-10-07 00:00:00+00:00,409.5306382770914,410.62337627826344,402.63949772915953,403.1711,20919800,409.54
2024-10-08 00:00:00+00:00,404.5099506402064,409.1959262183213,401.82240582334646,408.2607,19229300,414.71
2024-10-09 00:00:00+00:00,409.39278228812344,413.8424898241748,407.8570425190438,410.9679,14974300,417.46
2024-10-10 00:00:00+00:00,408.77258636254334,410.85961736485194,406.7249333036745,409.3731,13848400,415.84
2024-10-11 00:00:00+00:00,409.6684992265565,410.64310348049577,406.8234423640469,409.8457,14144900,416.32
2024-10-14 00:00:00+00:00,411.2731053729064,417.4455983012836,411.02699321467765,412.6218,16653100,419.14
2024-10-15 00:00:00+00:00,415.61450312843294,415.90983770358696,408.8021189282132,412.228,18900200,418.74
2024-10-16 00:00:00+00:00,408.7135737191195,409.88506769201194,404.0965092377199,409.6488,15508900,416.12
2024-10-17 00:00:00+00:00,415.7917911787291,415.9296140094068,409.127072866673,410.2395,14820000,416.72
2024-10-18 00:00:00+00:00,410.65296224889994,413.12392867562653,409.78664732638225,411.6571,17145300,418.16
2024-10-21 00:00:00+00:00,409.64876662686856,412.44460075457283,407.3156233583266,412.2674,14206100,418.78
2024-10-22 00:00:00+00:00,411.9819719608898,423.8839577694089,411.5389700077191,420.8617,25482200,427.51
2024-10-23 00:00:00+00:00,424.1595485963259,424.3761273009891,415.9590912788506,417.9969,19654400,424.6
2024-10-24 00:00:00+00:00,418.7155692251548,419.3554608857392,415.83113450898213,418.1249,13581600,424.73
2024-10-25 00:00:00+00:00,420.12331634240337,425.79374070769586,419.93627109424267,421.4917,16899100,428.15
2024-10-28 00:00:00+00:00,424.94715525445986,425.2228009095385,419.67050985724006,419.956,14882400,426.59
2024-10-29 00:00:00+00:00,421.3440277809932,426.43362736890845,419.1782407223058,425.2326,17644100,431.95
2024-10-30 00:00:00+00:00,430.637243160012,431.68075879129776,425.3802870552332,425.8036,29749100,432.53
2024-10-31 00:00:00+00:00,408.90058213855053,409.6881410409746,399.9814775685985,400.0307,53971000,406.35
2024-11-01 00:00:00+00:00,402.649349811146,409.0384216682506,401.1628323220508,403.9882,24230400,410.37
2024-11-04 00:00:00+00:00,403.4270612055036,404.03741937521426,399.26284337021985,402.1079,19672300,408.46
2024-11-05 00:00:00+00:00,402.019353232392,408.4478038448452,401.7338630826812,405.0613,17626000,411.46
2024-11-06 00:00:00+00:00,406.0062790994336,413.9114011138084,404.1358268170784,413.6456,26681800,420.18
2024-11-07 00:00:00+00:00,414.7285379968502,420.2119171191501,413.3503098512094,418.814,19901800,425.43
2024-11-08 00:00:00+00:00,418.70566703270697,419.86731634874803,415.22071908458366,415.9689,16891400,422.54
2024-11-11 00:00:00+00:00,415.9492636252721,418.2036511423172,409.5306581182269,411.5094,24503300,418.01
2024-11-12 00:00:00+00:00,411.74563559322036,417.83937255513797,410.71196454152187,416.4513,19401200,423.03
2024-11-13 00:00:00+00:00,415.0829625211665,422.65337325493886,411.70630337723424,418.5876,21502200,425.2
2024-11-14 00:00:00+00:00,418.39069198154095,421.51139431937975,413.468448546464,420.2513,30246900,426.89
2024-11-15 00:00:00+00:00,413.29124261204817,416.2248996626506,407.2073498024096,408.5462,28247600,415.0
2024-11-18 00:00:00+00:00,408.41824063883007,411.8933446218972,405.69131768327884,409.2944,24727000,415.76
2024-11-19 00:00:00+00:00,406.68558033461784,411.44046729696737,405.14984044615716,411.2928,18133500,417.79
2024-11-20 00:00:00+00:00,410.3871392380081,410.80060770174975,404.19495676911595,409.0286,19191700,415.49
2024-11-21 00:00:00+00:00,413.80285937462156,414.0790567539419,404.7179384334052,407.2629,20780200,412.87
2024-11-22 00:00:00+00:00,405.78325999040766,411.7313676738609,405.47747004316545,411.3368,24814600,417.0
2024-11-25 00:00:00+00:00,412.6980681248358,415.36139998567296,409.21600832159316,413.1025,27691100,418.79
2024-11-26 00:00:00+00:00,413.8916778055561,423.21334027430544,413.16172751699804,422.1776,23458900,427.99
2024-11-27 00:00:00+00:00,419.33670891746846,421.427917834937,416.288673278328,417.2455,18332400,422.99
2024-11-29 00:00:00+00:00,414.38486709252345,419.10981534973786,412.12596698625606,417.7091,16271900,423.46
2024-12-02 00:00:00+00:00,415.8446963501786,427.1194665645737,415.5882273864216,425.1269,20207200,430.98
2024-12-03 00:00:00+00:00,424.0024697588126,426.59675250463823,421.9309892393321,425.344,18302000,431.2
2024-12-04 00:00:00+00:00,427.149119576151,433.6989432696264,426.754551883773,431.4795,26009400,437.42
2024-12-05 00:00:00+00:00,431.972729402196,438.6211953233022,430.24649566897114,436.6089,21697800,442.62
2024-12-06 00:00:00+00:00,436.2932475144848,440.0416407782312,435.7704452961201,437.546,18821000,443.57
2024-12-09 00:00:00+00:00,436.58914627146765,442.24132839558763,434.5176659118425,439.9627,19144400,446.02
2024-12-10 00:00:00+00:00,438.3548042947691,443.5137764283942,435.6026948774051,437.3092,18469500,443.33
2024-12-11 00:00:00+00:00,438.01948867458077,444.23393024343534,438.01948867458077,442.8924,19200200,448.99
2024-12-12 00:00:00+00:00,443.01071137556727,449.9649664916808,443.01071137556727,443.4546,20834800,449.56
2024-12-13 00:00:00+00:00,442.3498104232343,445.29920372705527,439.5286516108838,441.1957,20177800,447.27
2024-12-16 00:00:00+00:00,441.1956695010961,446.03898726721144,439.2326954981288,445.457,23598800,451.59
2024-12-17 00:00:00+00:00,444.8849535294636,449.10682799146247,443.46450978523967,448.2881,22733500,454.46
2024-12-18 00:00:00+00:00,445.190719650655,446.50265720524015,431.0849248908297,431.4499,24444500,437.39
2024-12-19 00:00:00+00:00,435.6224643067982,437.1612783195662,430.3944423403428,431.0948,22963700,437.03
2024-12-20 00:00:00+00:00,427.22799717361426,437.7136327164452,422.80883939074664,430.6706,64263700,436.6
2024-12-23 00:00:00+00:00,430.80876475588747,431.70640631820794,426.951865295807,429.339,19152500,435.25
2024-12-24 00:00:00+00:00,428.7470586461202,433.6298331550316,428.29330586347396,433.3635,7164500,439.33
2024-12-26 00:00:00+00:00,433.1169265892127,434.9516662345073,430.70019963707745,432.1601,8194200,438.11
2024-12-27 00:00:00+00:00,428.69782653938177,429.3094065036119,420.5598673379324,424.6831,18117700,430.53
2024-12-30 00:00:00+00:00,420.27379570651794,421.7435604241697,416.1702915283761,419.0605,13158700,424.83
2024-12-31 00:00:00+00:00,420.3132283985765,420.934672505338,414.94710785765125,415.7757,13246500,421.5
2025-01-02 00:00:00+00:00,419.7509126307994,420.28357893592624,409.21595681829046,412.8953,16896500,418.58
2025-01-03 00:00:00+00:00,415.361428246132,418.27136510688547,413.8423425628912,417.6006,16662900,423.35
2025-01-06 00:00:00+00:00,422.18746289587466,428.42163290872963,419.70168624517936,422.0395,20573600,427.85
2025-01-07 00:00:00+00:00,423.1738596491228,424.801451417004,415.08522177237967,416.6339,18139100,422.37
2025-01-08 00:00:00+00:00,417.7090389721123,421.1713700701904,415.8151142688902,418.7941,15054600,424.56
2025-01-10 00:00:00+00:00,418.8631607327843,418.94207426423196,409.38367276763336,413.2603,20201100,418.95
2025-01-13 00:00:00+00:00,409.6006826817517,412.81640907020784,406.69074622594025,411.5242,17604800,417.19
2025-01-14 00:00:00+00:00,412.13583724829795,414.0396264488657,405.1421245892174,410.0249,16935900,415.67
2025-01-15 00:00:00+00:00,413.4379096244517,422.3354114611433,412.58958905022166,420.5204,19637800,426.31
2025-01-16 00:00:00+00:00,422.8779474539545,423.65721868905746,418.62648033586134,418.8139,15300000,424.58
2025-01-17 00:00:00+00:00,428.1946808055381,428.57938426683455,422.3550795468849,423.2034,26197500,429.03
2025-01-21 00:00:00+00:00,424.35751253208866,425.0480059276546,419.81998450408406,422.6806,26085700,428.5
2025-01-22 00:00:00+00:00,431.6175390228597,441.1956684311968,430.0787252353205,440.1402,27803800,446.2
2025-01-23 00:00:00+00:00,435.9972657876475,440.6827567661346,435.5040562109646,440.6433,18389300,446.71
2025-01-24 00:00:00+00:00,439.1143610953475,440.58412566995446,435.40542498761425,438.0293,15549500,444.06
2025-01-27 00:00:00+00:00,418.25157810889175,429.2896082474227,417.7485043492268,428.6583,35647800,434.56
2025-01-28 00:00:00+00:00,428.6978171288015,442.29067474508054,425.5215470617174,441.1267,23491700,447.2
2025-01-29 00:00:00+00:00,440.62358766531776,440.8110073112834,434.4190109646644,436.3228,23581400,442.33
2025-01-30 00:00:00+00:00,413.08276454131425,417.1172190317839,407.54895288079234,409.3541,54586300,414.99
2025-01-31 00:00:00+00:00,413.2899637064521,414.9767407314605,409.27523710306946,409.4232,34161900,415.06
2025-02-03 00:00:00+00:00,406.01016509296215,409.7684224520588,403.1100924851553,405.3394,25679100,410.92
2025-02-04 00:00:00+00:00,407.0853541552489,408.298649814487,404.17541741154787,406.7697,20532100,412.37
2025-02-05 00:00:00+00:00,406.74996593191224,408.2098663795398,404.8264484502408,407.6772,16316700,413.29
2025-02-06 00:00:00+00:00,408.37751719494014,412.52047751430905,408.37751719494014,410.1728,16309800,415.82
2025-02-07 00:00:00+00:00,410.82390175472847,412.9644315924344,402.55770818791945,404.1853,22886800,409.75
2025-02-10 00:00:00+00:00,408.0914645262238,409.817698030178,405.33935511134825,406.6217,20817900,412.22
2025-02-11 00:00:00+00:00,404.0767455084581,406.88804012006614,403.7413629933891,405.8523,18140600,411.44
2025-02-12 00:00:00+00:00,401.67975290680613,405.17167679200077,398.8783224452376,403.4849,19121700,409.04
2025-02-13 00:00:00+00:00,401.47257636283916,405.41825278900956,400.8412681346519,404.9645,23891700,410.54
2025-02-14 00:00:00+00:00,402.2518917023725,403.3566812232206,400.3678310016404,402.8832,22758500,408.43
2025-02-18 00:00:00+00:00,402.4590723562152,405.0237625231911,400.97944341372914,404.0768,21423100,409.64
2025-02-19 00:00:00+00:00,402.34067157219664,409.8473218386094,402.11379515152976,409.1371,24114200,414.77
2025-02-20 00:00:00+00:00,410.47144640617114,414.4448028909235,407.7533542835172,411.3017,23508700,416.13
2025-02-21 00:00:00+00:00,412.4976659660469,413.19942794150074,403.1573129124715,403.4736,27524800,408.21
2025-02-24 00:00:00+00:00,403.77007060396045,404.620092049505,394.6867019009901,399.3124,26443700,404.0
2025-02-25 00:00:00+00:00,396.44607067102294,397.2565562804726,392.09712349836644,393.2832,29387400,397.9
2025-02-26 00:00:00+00:00,393.39195687088784,398.91709704050237,389.6755835188752,395.092,19619000,399.73
2025-02-27 00:00:00+00:00,396.6140903497822,401.03222523119257,387.6196770565308,387.9755,21127400,392.53
2025-02-28 00:00:00+00:00,388.10404017229655,393.0163742008615,382.084701292224,392.3838,32845700,396.99
2025-03-03 00:00:00+00:00,394.19254232541374,394.19254232541374,381.6794346932997,383.9824,23007700,388.49
2025-03-04 00:00:00+00:00,378.9514510691953,388.02493651733096,376.5792980108592,384.101,29342900,388.61
2025-03-05 00:00:00+00:00,384.82252201885194,397.00945810682765,384.2986715625156,396.367,23433100,401.02
2025-03-06 00:00:00+00:00,389.70518373352814,397.48386841442215,388.1237484743884,392.2849,23304600,396.89
2025-03-07 00:00:00+00:00,387.7679867788768,390.21921181765026,381.06665380997185,388.7465,22034100,393.31
2025-03-10 00:00:00+00:00,381.3630949074074,381.9165972222222,372.84311284722224,375.749,32840100,380.16
2025-03-11 00:00:00+00:00,374.60252411617824,381.52130424497307,372.53677404915237,376.0357,30380200,380.45
2025-03-12 00:00:00+00:00,378.50671289169514,380.7503745662327,374.5531240378845,378.823,24253600,383.27
2025-03-13 00:00:00+00:00,378.71426362172303,380.8492015312723,373.0705157219421,374.3752,20473000,378.77
2025-03-14 00:00:00+00:00,375.37347294626306,385.70222325509576,375.1066057134033,384.0516,19952800,388.56
2025-03-17 00:00:00+00:00,382.2131060715205,388.15337182660153,381.0962175019296,384.1899,22474300,388.7
2025-03-18 00:00:00+00:00,382.57891011420526,382.875429278786,376.67817873904886,379.0701,19486900,383.52
2025-03-19 00:00:00+00:00,381.0567704244237,385.1586187819092,379.54452271672426,383.3202,19185500,387.82
2025-03-20 00:00:00+00:00,381.2642632871472,387.24406520783793,378.8328066384035,382.3515,18470500,386.84
2025-03-21 00:00:00+00:00,378.77348833001076,387.19463054746205,378.3583616009814,386.7202,39675900,391.26
2025-03-24 00:00:00+00:00,390.81218108273123,390.81218108273123,385.28704174977105,388.5191,21004500,393.08
2025-03-25 00:00:00+00:00,389.349387589837,391.76107652596414,388.0842392954752,390.575,15775000,395.16
2025-03-26 00:00:00+00:00,390.41683719260453,390.7232402800215,384.0614441213426,385.4452,16108400,389.97
2025-03-27 00:00:00+00:00,385.60332135029955,387.688839018895,382.90499754211686,386.0481,13766800,390.58
2025-03-28 00:00:00+00:00,383.57712456177404,384.6149414572334,372.5564975290391,374.4048,21632000,378.8
2025-03-31 00:00:00+00:00,368.21746816910417,372.6949071845281,362.9789633607715,371.0344,35184700,375.39
2025-04-01 00:00:00+00:00,370.3029856223344,378.40784210732886,368.8994616944452,377.7555,19689500,382.19
2025-04-02 00:00:00+00:00,373.5844837415607,380.6119877217773,372.2501475427854,377.7061,16092600,382.14
2025-04-03 00:00:00+00:00,370.4413069389724,373.10009483530325,365.0644273270617,368.7808,30198000,373.11
2025-04-04 00:00:00+00:00,359.9050234104046,370.24365671409515,355.3089770564696,355.6648,49209900,359.84
2025-04-07 00:00:00+00:00,346.8087879729503,366.69533840049183,340.78944939920643,353.7078,50425000,357.86
2025-04-08 00:00:00+00:00,363.9871412060018,369.3146019432536,346.1861082045352,350.4461,35868900,354.56
2025-04-09 00:00:00+00:00,349.43792560116776,388.6674081692233,349.0030308586648,385.9592,50199700,390.49
2025-04-10 00:00:00+00:00,377.6269618775403,379.4456123770814,363.53242050609674,376.9252,38024400,381.35
2025-04-11 00:00:00+00:00,376.22341972454626,385.5242351396576,374.49372504054577,383.9428,23839200,388.45
2025-04-14 00:00:00+00:00,388.65752859905626,390.07093652819674,379.7520702483174,383.3103,19251200,387.81
2025-04-15 00:00:00+00:00,384.00214384154714,387.3429259222772,379.7026166074715,381.2544,17199900,385.73
2025-04-16 00:00:00+00:00,376.25307659643175,377.18216975323594,363.7300869190818,367.2982,21967800,371.61
2025-04-17 00:00:00+00:00,369.41343092337814,369.97681729294686,362.6330265457611,363.5127,21120200,367.78
2025-04-21 00:00:00+00:00,358.61026961461346,360.2510089552239,351.5432296836712,354.9532,20807300,359.12
2025-04-22 00:00:00+00:00,359.1637142031514,363.50277718226926,355.68455664358544,362.5638,19485000,366.82
2025-04-23 00:00:00+00:00,371.696623200406,375.97638275594966,368.69189593739145,370.046,20545500,374.39
2025-04-24 00:00:00+00:00,371.3407935450555,383.94285667441255,370.8367110198812,382.8062,22232300,387.3
2025-04-25 00:00:00+00:00,382.50967410999107,387.6098030981243,380.1375210922547,387.3034,18973200,391.85
2025-04-28 00:00:00+00:00,387.4121176602924,388.18306737907756,382.15384521934755,386.6214,16579400,391.16
2025-04-29 00:00:00+00:00,386.75979189929956,390.5157009440666,385.85046655161915,389.468,14974000,394.04
2025-04-30 00:00:00+00:00,385.7713508576634,392.0575558063048,379.97934441127364,390.6738,36461100,395.26
2025-05-01 00:00:00+00:00,426.1078470874471,431.91962167136813,419.9699014809591,420.4641,58938100,425.4
2025-05-02 00:00:00+00:00,426.7305741821356,434.34123203455243,425.0008792156773,430.2295,30757400,435.28
2025-05-05 00:00:00+00:00,427.8474892908728,434.40056262466464,427.096307430589,431.1092,20136100,436.17
2025-05-06 00:00:00+00:00,427.18517934042603,432.6510146984838,426.16713044010066,428.2823,15104200,433.31
2025-05-07 00:00:00+00:00,428.80621459790007,433.0365543509865,426.10789040959963,428.3219,23295300,433.35
2025-05-08 00:00:00+00:00,432.8487846726157,438.52218458589135,430.60512303443875,433.086,23491300,438.17
2025-05-09 00:00:00+00:00,434.8947644337063,435.6261783557085,430.82256800309983,433.6395,15324200,438.73
2025-05-12 00:00:00+00:00,440.76582148867027,444.15602368561633,434.67729509415483,444.0473,22821900,449.26
2025-05-13 00:00:00+00:00,442.58447986373955,445.440947653293,440.1925587389233,443.9287,23618800,449.14
2025-05-14 00:00:00+00:00,442.9402937342694,448.6334612531461,442.9402937342694,447.6846,19902800,452.94
2025-05-15 00:00:00+00:00,446.35770053185615,451.72464761547457,446.02102857458124,448.6946,21992300,453.13
2025-05-16 00:00:00+00:00,447.625130363,449.91251903933784,444.33762802298196,449.8234,23849800,454.27
2025-05-19 00:00:00+00:00,446.4666092618824,455.09135235687665,446.3873923333406,454.3784,21336500,458.87
2025-05-20 00:00:00+00:00,451.13055378353005,453.85363599100765,449.87298490953134,453.6853,15441800,458.17
2025-05-21 00:00:00+00:00,450.12052335992223,453.2991028525974,447.3875391232296,448.1401,19216900,452.57
2025-05-22 00:00:00+00:00,450.4968190542144,455.744941135734,449.4570967550454,450.4077,18025600,454.86
2025-05-23 00:00:00+00:00,445.5754576613799,449.2491430427829,444.51593114976237,445.7735,16883500,450.18
2025-05-27 00:00:00+00:00,452.0118089995442,456.4380550261564,451.6553328094815,456.1806,20974300,460.69
2025-05-28 00:00:00+00:00,456.7054169669407,457.9926921112471,452.4574089907294,452.8832,17086300,457.36
2025-05-29 00:00:00+00:00,457.03220756300686,457.2005435510595,450.8532865897793,454.1903,13974800,458.68
2025-05-30 00:00:00+00:00,455.2200645929273,457.1608792770875,451.0809802154835,455.8538,34770500,460.36
2025-06-02 00:00:00+00:00,452.66537747905704,457.5867296382882,452.4178245535424,457.4481,16626500,461.97
2025-06-03 00:00:00+00:00,456.95298248482624,459.5968476618355,456.3489533619889,458.4383,15743800,462.97
2025-06-04 00:00:00+00:00,459.4582275206415,461.13168528898177,458.4878200573436,459.3295,14162700,463.87
2025-06-05 00:00:00+00:00,460.40882422169,465.05291701590824,459.48792735631196,463.1022,20131700,467.68
2025-06-06 00:00:00+00:00,465.4885386559802,468.7067261320634,464.1913615502359,465.7757,15285600,470.38
2025-06-09 00:00:00+00:00,465.1023548387097,468.7958438392385,464.0329263881544,468.1225,16469900,472.75
2025-06-10 00:00:00+00:00,466.57785716257536,468.17209802089525,462.38926161556094,466.3105,15375900,470.92
2025-06-11 00:00:00+00:00,465.419249875164,470.8159030214549,465.0627737040329,467.9938,16399200,472.62
2025-06-12 00:00:00+00:00,470.37028557228473,475.71742788648277,468.88496826278526,474.1826,18950600,478.87
2025-06-13 00:00:00+00:00,471.7467068153108,474.48959293835276,468.1324344871147,470.3109,16814500,474.96
2025-06-16 00:00:00+00:00,470.5584682973661,475.98482802521187,470.3505238552406,474.45,15626100,479.14
2025-06-17 00:00:00+00:00,470.74664111789804,474.0539481884361,469.43956167684706,473.3608,15414100,478.04
2025-06-18 00:00:00+00:00,473.32112610361486,476.2917607862735,469.8157771780776,475.5392,17526500,480.24
2025-06-20 00:00:00+00:00,477.50972184750736,478.72768206954333,472.2021878718056,472.727,37576200,477.4
2025-06-23 00:00:00+00:00,473.52905223868305,482.975670164609,467.88484655967073,481.2428,24864000,486.0
2025-06-24 00:00:00+00:00,484.1639545612209,487.0355681581686,482.0349996531391,485.3126,22305600,490.11
2025-06-25 00:00:00+00:00,487.2237513153351,489.71908472992465,484.5996903833262,487.4515,17495100,492.27
2025-06-26 00:00:00+00:00,488.154553792341,493.16502489094387,487.9862178068148,492.5808,21578900,497.45
2025-06-27 00:00:00+00:00,492.6798408678469,494.4127113763762,488.2040838972456,491.0856,34539200,495.94
2025-06-30 00:00:00+00:00,492.17482167226234,495.85840918357087,490.48155967109625,492.5412,28369000,497.41
2025-07-01 00:00:00+00:00,491.6103351122854,493.1748693831928,486.174073626664,487.2336,19945400,492.05
2025-07-02 00:00:00+00:00,485.1937672728013,488.6694098841353,483.91639434726835,486.283,16319600,491.09
2025-07-03 00:00:00+00:00,488.9764351936493,495.23457308154923,488.6100568679336,493.9572,13984800,498.84
2025-07-07 00:00:00+00:00,492.51142806799004,493.8680179116772,490.38247320380935,492.8481,13981600,497.72
2025-07-08 00:00:00+00:00,492.37283121098625,493.32343437638434,489.2734688071362,491.7589,11846600,496.62
2025-07-09 00:00:00+00:00,495.40292039880046,501.81949230402574,494.8484018390896,498.5815,18659500,503.51
2025-07-10 00:00:00+00:00,498.12593217077455,499.5023262582755,492.87781082994337,496.5713,16492100,501.48
2025-07-11 00:00:00+00:00,493.5907737642057,500.08656182746563,492.9273319955496,498.3933,16459500,503.32
2025-07-14 00:00:00+00:00,496.6109824181941,499.0370011351438,496.12577867480417,498.0963,12058800,503.02
2025-07-15 00:00:00+00:00,498.09620769443677,503.3245246134989,497.8684590407655,500.8688,14927200,505.82
2025-07-16 00:00:00+00:00,500.2351068865947,501.76003278351334,496.9773106522685,500.6708,15154400,505.62
2025-07-17 00:00:00+00:00,500.73022588235295,508.344953451241,500.67081318350597,506.6913,17503100,511.7
2025-07-18 00:00:00+00:00,509.4440371571414,509.60247100480336,502.4630457445348,505.0574,21209700,510.05
2025-07-21 00:00:00+00:00,501.7500913284711,507.07742943379213,500.6014459377328,505.0673,14066800,510.06
2025-07-22 00:00:00+00:00,505.9684059492945,506.1961546104063,500.3242,500.3242,13868600,505.27
2025-07-23 00:00:00+00:00,501.7897863087355,501.8293947773144,495.7990054361793,500.9184,16396600,505.87
2025-07-24 00:00:00+00:00,503.78995353311933,508.64199035194173,502.3343424874726,505.8793,16107000,510.88
2025-07-25 00:00:00+00:00,507.4537376185007,513.2167691187634,505.36439114675596,508.6816,19125700,513.71
2025-07-28 00:00:00+00:00,509.04803449756105,509.9590292682927,505.12679613658537,507.4835,14308000,512.5
2025-07-29 00:00:00+00:00,510.4838265680784,512.5533689759446,506.552686204811,507.5528,16469200,512.57
2025-07-30 00:00:00+00:00,510.12730838204345,510.8996734276363,504.45339593172787,508.2162,26380400,513.24
2025-07-31 00:00:00+00:00,549.7951985323338,550.0130450890348,526.6935614058108,528.2779,51617300,533.5
2025-08-01 00:00:00+00:00,529.7632042891759,530.5553735666176,515.7616123103928,518.9798,28977600,524.11
2025-08-04 00:00:00+00:00,523.0991397020388,532.9814525614219,522.9605100627288,530.397,25349000,535.64
2025-08-05 00:00:00+00:00,531.9218958900994,532.0407212884888,522.0791920568452,522.5842,19171600,527.75
2025-08-06 00:00:00+00:00,525.7033613936829,526.4955307082714,518.9006074046556,519.8017,21355700,524.94
2025-08-07 00:00:00+00:00,521.6434610244988,522.9208339643653,512.4840038975501,515.7418,16079100,520.84
2025-08-08 00:00:00+00:00,517.4846185349783,519.5244545743622,514.3258433089419,516.9301,15531000,522.04
2025-08-11 00:00:00+00:00,517.1875121413649,522.4257314391399,514.6327662456638,516.6627,20194400,521.77
2025-08-12 00:00:00+00:00,518.623338183055,525.7825682261356,517.5836159776284,524.0596,18667000,529.24
2025-08-13 00:00:00+00:00,526.9015407507012,527.4857656460102,514.2862438587729,515.4844,19619200,520.58
2025-08-14 00:00:00+00:00,517.4450169346195,520.8018345391212,515.0487046623795,517.3658,20269100,522.48
2025-08-15 00:00:00+00:00,517.6529503200876,520.950355153123,513.9990692888864,515.0784,25213300,520.17
2025-08-18 00:00:00+00:00,516.4844499245794,517.7024101489075,508.9885483813576,512.0384,23760600,517.1
2025-08-19 00:00:00+00:00,509.95900700315826,510.11744086941167,503.57214176981773,504.7802,21481000,509.77
2025-08-20 00:00:00+00:00,504.87917805505015,505.99811713991926,499.5023291782013,500.7698,27723000,505.72
2025-08-21 00:00:00+00:00,499.57958832897026,503.48743557234644,498.61750410915437,500.1251,18443300,504.24
2025-08-22 00:00:00+00:00,500.1350185813142,506.5621379078525,498.3100340811861,503.0907,24324200,507.23
2025-08-25 00:00:00+00:00,502.4956596795304,504.0429293420061,500.00614246618807,500.145,21638600,504.26
2025-08-26 00:00:00+00:00,500.24416762807743,500.8591081148912,494.4419065831408,497.9431,30835700,502.04
2025-08-27 00:00:00+00:00,497.903381221139,503.15021167265263,495.8205184710107,502.6047,17277900,506.74
2025-08-28 00:00:00+00:00,502.9519091888392,506.91926732399344,501.37488433011544,505.4811,18015600,509.64
2025-08-29 00:00:00+00:00,504.5090235962818,505.4413526219188,500.3730533442539,502.5551,20961600,506.69
2025-09-02 00:00:00+00:00,496.3858469531993,501.870718641115,492.75571487765285,500.9979,18128000,505.12
2025-09-03 00:00:00+00:00,499.6788303532205,503.64618842188577,498.22082626298595,501.2261,16345100,505.35
2025-09-04 00:00:00+00:00,500.18464911313663,504.0032311061677,499.04403371262083,503.8247,15509500,507.97
2025-09-05 00:00:00+00:00,504.9156802727273,507.7920145151516,488.35196239393946,490.9605,31994800,495.0
2025-09-08 00:00:00+00:00,494.04513445202736,497.1099182657568,490.99026903251706,494.1344,16771000,498.2
2025-09-09 00:00:00+00:00,497.3380551373367,498.15136348588504,493.638493990891,494.3427,14410500,498.41
2025-09-10 00:00:00+00:00,498.8754009353079,499.1233607950117,492.66648604832426,496.2867,21611800,500.37
2025-09-11 00:00:00+00:00,498.15138096045985,499.06387328596236,493.81704241432305,496.9215,18881600,501.01
2025-09-12 00:00:00+00:00,502.5154220141204,508.3672743577172,499.73827174936264,505.7389,23624900,509.9
2025-09-15 00:00:00+00:00,504.6380145451723,511.26350234399257,502.86262185656625,511.1544,17143800,515.36
2025-09-16 00:00:00+00:00,512.6620220022002,513.0091658415841,504.44959060191735,504.886,19711900,509.04
2025-09-17 00:00:00+00:00,506.45310372142274,507.11763621034476,501.8013762989687,505.858,15816600,510.02
2025-09-18 00:00:00+00:00,507.315992117219,508.88309854656313,503.517246785328,504.3008,18913700,508.45
2025-09-19 00:00:00+00:00,506.3935433436951,515.0622200297338,506.14558348425464,513.7034,52474100,517.93
2025-09-22 00:00:00+00:00,511.38249696180384,513.5149517581883,508.35738666925835,510.2518,20009300,514.45
2025-09-23 00:00:00+00:00,509.60710625846866,510.39065941912304,503.17006826777686,505.0744,19799600,509.23
2025-09-24 00:00:00+00:00,506.21502307556597,508.2978859394296,502.783258547486,505.9869,13533700,510.15
2025-09-25 00:00:00+00:00,504.15203621087517,505.84808181764396,500.918639323117,502.8924,15786500,507.03
2025-09-26 00:00:00+00:00,505.89762478395187,509.74596181128544,502.4856971102335,507.2862,16213100,511.46
2025-09-29 00:00:00+00:00,507.3258975903614,512.6322388457054,504.72727813447335,510.4006,17617800,514.6
2025-09-30 00:00:00+00:00,509.0516365826817,513.9314862670141,505.5008516497731,513.7232,19728200,517.95
2025-10-01 00:00:00+00:00,510.59896811683427,516.262371589925,507.5143473110003,515.4689,22632300,519.71
2025-10-02 00:00:00+00:00,513.4157950362585,517.3434794276186,506.51259216659554,511.5313,21222900,515.74
2025-10-03 00:00:00+00:00,512.8801401565672,516.242475633517,510.797277471731,513.1281,15112300,517.35
2025-10-06 00:00:00+00:00,514.3778786650774,526.6965251489869,513.9712244735797,524.2566,21388600,528.57
2025-10-07 00:00:00+00:00,523.9788277415167,525.4765052101224,517.1847279667162,519.704,14615200,523.98
2025-10-08 00:00:00+00:00,519.0097121691912,522.6497627036297,518.8212626864819,520.5669,13363400,524.85
2025-10-09 00:00:00+00:00,518.077389636294,520.0511500325422,513.1777030245023,518.1369,18343600,522.4
2025-10-10 00:00:00+00:00,515.3994666744951,519.3073142202912,505.47115349342414,506.7903,24133800,510.96
2025-10-13 00:00:00+00:00,512.1958412430697,512.1958412430697,507.50444036183256,509.8551,14284200,514.05
2025-10-14 00:00:00+00:00,506.06625614813953,511.0750455049944,501.8707751621006,509.379,14684300,513.57
2025-10-15 00:00:00+00:00,510.75761427263706,512.9694161209903,505.83809087899033,509.2401,14694700,513.43
2025-10-16 00:00:00+00:00,508.39708430249607,512.6322389124529,503.9833985848596,507.435,15559600,511.61
2025-10-17 00:00:00+00:00,504.88594893882157,511.2733949374975,503.17006670625796,509.3889,19867800,513.58
2025-10-20 00:00:00+00:00,510.410490038507,514.4671133148862,509.24011950889144,512.5727,14665600,516.79
2025-10-21 00:00:00+00:00,513.2769056909941,514.4571946142256,508.85330182745435,513.4356,15586200,517.66
2025-10-22 00:00:00+00:00,516.8971220559418,520.943826954701,513.485194396204,516.2921,18962700,520.54
2025-10-23 00:00:00+00:00,518.196394794068,519.6742354483634,514.3778132376673,516.3119,14023500,520.56
2025-10-24 00:00:00+00:00,518.5237915796107,521.0629007944844,516.4607653425259,519.3371,15532400,523.61
2025-10-27 00:00:00+00:00,527.4403782548164,530.2175286913005,524.6929830015804,527.1825,18734700,531.52
2025-10-28 00:00:00+00:00,545.5116866825317,549.2013293633663,536.3570087405685,537.6464,29986700,542.07
2025-10-29 00:00:00+00:00,540.493036022528,541.8121826036378,532.3500334428954,537.1307,36023000,541.55
2025-10-30 00:00:00+00:00,526.1509821211199,530.6043411727785,517.859204465916,521.4695,41023100,525.76
2025-10-31 00:00:00+00:00,524.5640630192541,525.0004723894866,510.89651501516005,513.5844,34006400,517.81
2025-11-03 00:00:00+00:00,515.5681139353616,520.6760875925962,510.39071150997046,512.8108,22374700,517.03
2025-11-04 00:00:00+00:00,507.58377253514277,511.3428441661967,503.69576177162514,510.1328,20958700,514.33
2025-11-05 00:00:00+00:00,509.11119427793983,510.62870865013014,502.4460331138102,503.0213,23024300,507.16
2025-11-06 00:00:00+00:00,501.53354585395294,501.57321943270966,491.76392708509354,493.0434,27406500,497.1
2025-11-07 00:00:00+00:00,492.89463913489794,495.30480911799043,489.2248329878024,492.7657,24019800,496.82
2025-11-10 00:00:00+00:00,495.95943642687746,502.71386359683794,494.7295554150197,501.8708,26101500,506.0
2025-11-11 00:00:00+00:00,500.6805628686011,505.441392309507,498.2505561748054,504.5289,17980000,508.68
2025-11-12 00:00:00+00:00,505.2033258363658,507.4944748914192,495.0468901983801,506.9688,26574900,511.14
2025-11-13 00:00:00+00:00,506.1456132627313,509.3095812553399,497.1992210077689,499.1829,25273100,503.29
2025-11-14 00:00:00+00:00,494.16421741542206,507.4251121564938,493.380664173429,506.0167,28505700,510.18
2025-11-17 00:00:00+00:00,504.3007658673077,507.94081663086956,500.7896542316105,503.3486,19092800,507.49
2025-11-18 00:00:00+00:00,491.3275063245509,498.87540450798923,482.8076054841126,489.7604,33815100,493.79
2025-11-19 00:00:00+00:00,486.1004813598292,491.14894381671866,478.88980904910494,483.1448,23245300,487.12
2025-11-20 00:00:00+00:00,489.6038765733754,490.458454994461,472.502371193278,475.4139,26802500,478.43
2025-11-21 00:00:00+00:00,475.4834797297297,475.90083200033894,465.3179708527493,469.1437,31769200,472.12
2025-11-24 00:00:00+00:00,472.0054957805907,473.893517763713,465.06949923206747,471.0118,34421000,474.0
2025-11-25 00:00:00+00:00,471.0814080169395,476.12938311075703,461.9592797962221,473.983,28019800,476.99
2025-11-26 00:00:00+00:00,483.24419357981463,485.2315851349125,478.16640815653966,482.4393,25709100,485.5
2025-11-28 00:00:00+00:00,484.5261012581045,489.5243914331009,483.5820901912562,488.9083,14386700,492.01
2025-12-01 00:00:00+00:00,485.3607828820314,486.7718309364342,481.5946757509142,483.6715,23964000,486.74
2025-12-02 00:00:00+00:00,483.6515780571429,490.38883500000003,483.25409977142857,486.9109,19562700,490.0
2025-12-03 00:00:00+00:00,473.3171889058673,481.18725973248485,472.2042495970527,474.7183,34615100,477.73
2025-12-04 00:00:00+00:00,476.7355085101073,478.28567399550786,473.48612316571,477.8087,22318200,480.84
2025-12-05 00:00:00+00:00,479.478134638629,480.35258701051407,475.8610816458316,480.1141,22608700,483.16
2025-12-08 00:00:00+00:00,481.8331448922651,489.1964305934586,481.326360046434,487.9245,21965900,491.02
2025-12-09 00:00:00+00:00,486.0166083086054,489.0175695784725,485.42039083777087,488.9182,14696100,492.02
2025-12-10 00:00:00+00:00,480.978616459796,481.19722955324306,472.08503834002005,475.5431,35756200,478.56
2025-12-11 00:00:00+00:00,473.6252208472087,482.9659612033838,472.86007509462837,480.4221,24669200,483.47
2025-12-12 00:00:00+00:00,476.795167713623,479.4085879359706,473.3371059745471,475.5133,21248100,478.53
2025-12-15 00:00:00+00:00,477.0733133819132,477.68940472600144,469.5410998525757,471.8266,23727700,474.82
2025-12-16 00:00:00+00:00,468.93494321249403,474.87724356724533,467.9114366296522,473.3867,20705600,476.39
2025-12-17 00:00:00+00:00,473.9034196085021,476.9739393430227,472.0054608081996,473.1184,24527200,476.12
2025-12-18 00:00:00+00:00,475.17540123765446,486.51347047398656,474.87729249349144,480.9289,28573500,483.98
2025-12-19 00:00:00+00:00,484.28762206124463,484.77453304041813,479.44832314578525,482.8567,70836100,485.92
2025-12-22 00:00:00+00:00,483.05543504083147,485.6489812546399,479.64705821578815,481.863,16963000,484.92
2025-12-23 00:00:00+00:00,481.92258885488343,484.75462188353697,481.6841018629968,483.7808,14683600,486.85
2025-12-24 00:00:00+00:00,482.61815194459246,486.0762131551986,481.77351055694436,484.9434,5855900,488.02
2025-12-26 00:00:00+00:00,483.64170415615837,485.0428152959751,482.8964322732771,484.6354,8842200,487.71
2025-12-29 00:00:00+00:00,481.80332151919526,485.27131968794913,481.12760840895095,484.0292,10893400,487.1
2025-12-30 00:00:00+00:00,482.8665716008862,486.59293063100023,482.43928243209973,484.4068,13944500,487.48
2025-12-31 00:00:00+00:00,484.76459660063676,485.0627053637152,480.25321731938294,480.5712,15601600,483.62
2026-01-02 00:00:00+00:00,481.3363171121072,481.6046149828731,467.19602562692944,469.9585,25571600,472.94
2026-01-05 00:00:00+00:00,471.0714720228402,473.0688007549963,466.54021877973986,469.8691,25250300,472.85
2026-01-06 00:00:00+00:00,470.81309255814926,475.7219500449312,466.78862437566613,475.4934,23037700,478.51
2026-01-07 00:00:00+00:00,476.7354886466585,486.6128247254224,474.9368992802035,480.4221,25564200,483.47
2026-01-08 00:00:00+00:00,478.20616786095246,479.61721590010666,472.8600844450022,475.0959,18162600,478.11
2026-01-09 00:00:00+00:00,471.0714081747622,476.79509570605916,469.2231340761142,476.2585,18491000,479.28
2026-01-12 00:00:00+00:00,473.6650151012197,477.95778130265313,472.68125618005786,474.1718,23519900,477.18
2026-01-13 00:00:00+00:00,471.6875201393758,472.7805855142669,463.0125558459218,467.7028,28545800,470.67
2026-01-14 00:00:00+00:00,463.5193666245809,465.24839740519826,454.28793216944575,456.484,28184300,459.38
2026-01-15 00:00:00+00:00,461.1940702754784,461.32325072263825,453.0258912319887,453.7811,23225800,456.66
2026-01-16 00:00:00+00:00,454.9437973078763,460.2700073718088,453.6023078328187,456.961,34246700,459.86
2026-01-20 00:00:00+00:00,448.37540396902233,453.9202263486756,446.44763418111415,451.6546,26130000,454.52
2026-01-21 00:00:00+00:00,449.74667654409944,449.8361091576411,435.914432316318,441.3102,37980500,444.11
2026-01-22 00:00:00+00:00,444.79809096511065,449.9851827725318,441.89649937935013,448.2959,25349400,451.14
2026-01-23 00:00:00+00:00,449.02136186715313,468.1301338341024,447.68980937439636,463.0126,38000200,465.95
2026-01-26 00:00:00+00:00,462.3766314599813,471.26027265671513,459.0874980862465,467.3153,29291200,470.28
2026-01-27 00:00:00+00:00,470.7136732906072,479.82586325065546,470.1770775895793,477.5503,29213900,480.58
2026-01-28 00:00:00+00:00,480.1637393372506,480.6903981022777,474.9865843074559,478.5937,36875400,481.63
2026-01-29 00:00:00+00:00,437.2161853033449,439.7103615916955,418.3657772595156,430.7671,128855300,433.5
2026-01-30 00:00:00+00:00,436.40141941016526,436.8287086383602,423.7616078226312,427.5774,58566800,430.29
2026-02-02 00:00:00+00:00,427.5276902945414,428.0245382053523,419.58806067978367,420.701,42219900,423.37
2026-02-03 00:00:00+00:00,419.34961595535134,419.38936379222304,405.98440580725185,408.6177,61424100,411.21
2026-02-04 00:00:00+00:00,408.4090101161302,417.1535339337019,406.6601053526159,411.5789,45012400,414.19
2026-02-05 00:00:00+00:00,404.87139027103916,405.72596860314474,389.8467107577412,391.1882,66289200,393.67
2026-02-06 00:00:00+00:00,396.6535194371043,399.25700221618393,390.442921204567,398.6111,53515300,401.14
2026-02-09 00:00:00+00:00,402.29776138781426,412.27446763539643,398.3428519390715,410.9926,45480500,413.6
2026-02-10 00:00:00+00:00,416.9746688944274,421.0090742033054,410.09829334333483,410.6647,44857900,413.27
2026-02-11 00:00:00+00:00,413.55634825531075,413.83458309963646,398.4819818680911,401.8208,42491000,404.37
2026-02-12 00:00:00+00:00,402.44677856858453,403.639213468047,395.5008452792156,399.3067,40802400,401.84
2026-02-13 00:00:00+00:00,401.90026786604204,402.9833962922357,395.54061472141933,398.79,34091600,401.32
2026-02-17 00:00:00+00:00,396.7032219976818,397.9950264879302,392.04278887517,394.3581,32078800,396.86
2026-02-18 00:00:00+00:00,395.6200673273273,400.0221392592593,393.82147811811814,397.0808,23223400,399.6
2026-02-19 00:00:00+00:00,399.07279963358934,402.7977048486674,395.0690245093611,396.8518,28234000,398.46
2026-02-20 00:00:00+00:00,394.5112205447725,398.5050353800065,393.56505493542784,395.6267,34015200,397.23
2026-02-23 00:00:00+00:00,393.40569875412905,393.7642457200822,381.5537296017895,382.9182,43238300,384.47
2026-02-24 00:00:00+00:00,382.5896149100257,387.78854704370184,380.16942236503854,387.43,33884700,389.0
2026-02-25 00:00:00+00:00,388.95374449076377,399.8495885097354,388.58523788317524,398.9831,43625500,400.6
2026-02-26 00:00:00+00:00,403.0765319277108,405.8453114457831,397.1306277108433,400.0986,34405900,401.72
2026-02-27 00:00:00+00:00,389.30240696644086,395.21843310587155,388.30644296990374,391.1549,51367200,392.74
2026-03-02 00:00:00+00:00,391.2743655852465,399.57074461422656,389.0533661573203,396.9414,35474900,398.55
2026-03-03 00:00:00+00:00,391.55324946896735,405.0585200158443,391.085146433788,402.2997,38199200,403.93
2026-03-04 00:00:00+00:00,399.6504616041461,409.3710699358341,398.6943361944719,403.5646,35808000,405.2
2026-03-05 00:00:00+00:00,402.78766681601246,409.9486463036915,402.76774754066423,409.0224,39001300,410.68
2026-03-06 00:00:00+00:00,407.5484313380282,411.3828923855634,406.8612162411972,407.3094,31123900,408.96
2026-03-09 00:00:00+00:00,403.2857218729391,408.55437115849634,401.87145306660807,407.7576,30131900,409.41
2026-03-10 00:00:00+00:00,408.3750657260449,408.5443795839905,401.3037222471412,404.1223,31706400,405.76
2026-03-11 00:00:00+00:00,403.9331151526378,407.3592312759336,399.9691784751037,403.2459,25512100,404.88
2026-03-12 00:00:00+00:00,402.9968196386801,404.48080565371026,400.0886054347285,400.238,27263900,401.86
2026-03-13 00:00:00+00:00,399.38150297054733,403.16616559221336,392.6587469978511,393.9535,26848000,395.55
2026-03-16 00:00:00+00:00,396.46338768846107,399.01305551693963,393.19662578322294,398.3358,27733700,399.95
2026-03-17 00:00:00+00:00,398.654428865076,402.76775934503394,396.14460009764406,397.7979,26228300,399.41
2026-03-18 00:00:00+00:00,395.52714727532606,396.39363587636234,389.4218885117027,390.2087,25908500,391.79
2026-03-19 00:00:00+00:00,388.52554107757965,390.90589494370477,385.4978106369853,387.4499,25138800,389.02
2026-03-20 00:00:00+00:00,385.2288419435934,385.4379943436248,378.5857633330715,380.3287,50853200,381.87
2026-03-23 00:00:00+00:00,382.35056757180155,385.647208308094,380.1395275613577,381.4542,29680100,383.0
2026-03-24 00:00:00+00:00,380.8167731287224,380.9263291624188,370.3491920910018,371.2356,42733600,372.74
2026-03-25 00:00:00+00:00,375.39866701164294,375.5381019404915,368.1380910737386,369.5424,31181200,371.04
2026-03-26 00:00:00+00:00,369.3233248025794,373.2075839221794,363.71604817608,364.4929,36836600,365.97
2026-03-27 00:00:00+00:00,360.439294223169,360.987074305575,355.07104941558987,355.33,37883400,356.77
2026-03-30 00:00:00+00:00,360.43933385335407,363.8853689324716,354.8420167595275,357.5112,44797000,358.96
2026-03-31 00:00:00+00:00,363.0786822270848,371.39498176513484,361.60465548261607,368.676,45244400,370.17
2026-04-01 00:00:00+00:00,371.9825714270244,372.4805533963235,366.7139221918402,367.8792,29417200,369.37
2026-04-02 00:00:00+00:00,365.72792525839446,372.1319735125582,362.68027554490436,371.9527,24099100,373.46
2026-04-06 00:00:00+00:00,371.9825379478653,372.2215692716156,368.00864219051704,371.375,16146600,372.88
2026-04-07 00:00:00+00:00,368.84527039673367,370.94675422385774,365.08052685809446,370.7874,21443300,372.29
2026-04-08 00:00:00+00:00,383.42621648278265,383.4461357625625,369.91098515213855,372.8192,33064800,374.33
2026-04-09 00:00:00+00:00,370.99650065671324,371.99246441686546,365.5684981638835,371.5642,30435300,373.07
2026-04-10 00:00:00+00:00,371.4745836492572,374.1238473966619,368.53649039555637,369.3731,28111100,370.87
2026-04-13 00:00:00+00:00,372.1020296745324,382.9879138434321,369.52248347165494,382.8186,35745800,384.37
2026-04-14 00:00:00+00:00,386.35434694614736,393.09702308768533,384.9599973747805,391.5234,37504500,393.11
2026-04-15 00:00:00+00:00,396.39365643694373,412.69758647682505,395.12878220660474,409.5603,45063400,411.22
2026-04-16 00:00:00+00:00,418.1654144291629,419.12153979917196,410.4765729120069,418.5638,41642400,420.26
2026-04-17 00:00:00+00:00,423.1054068260838,429.8381231533385,418.9920756971546,421.0836,48568200,422.79
2026-04-20 00:00:00+00:00,419.45016860812785,421.6213697658287,414.61974401416035,416.3826,27582200,418.07
2026-04-21 00:00:00+00:00,418.5438219539796,425.45581063749523,415.5160920407393,422.448,32048500,424.16
2026-04-22 00:00:00+00:00,424.4698628222304,431.94955185715605,421.96003374526475,431.1727,29378200,432.92
2026-04-23 00:00:00+00:00,418.19529063138907,421.95007461214675,409.7495165844859,414.072,38308000,415.75
2026-04-24 00:00:00+00:00,415.28707600678257,423.23486809382507,414.12179821958455,422.9062,27457400,424.62
2026-04-27 00:00:00+00:00,420.67524799209076,425.3861574172591,415.38667948307517,423.1054,30867300,424.82
2026-04-28 00:00:00+00:00,422.8563889924286,428.18479580663944,420.1971654047757,427.5175,30438100,429.25
2026-04-29 00:00:00+00:00,422.86631565754135,425.09727459831316,418.59363090043826,422.7468,38288300,424.46
2026-04-30 00:00:00+00:00,409.1519709205945,412.74740096130273,396.4036317180833,406.1342,70909400,407.78
2026-05-01 00:00:00+00:00,411.13391911977607,415.4265237501206,408.7834441945758,412.7673,31372400,414.44
2026-05-04 00:00:00+00:00,409.87899502925393,419.0817017262221,409.1419817223539,411.9506,28066500,413.62
2026-05-05 00:00:00+00:00,413.6436974865088,415.097804676941,407.15001332101707,409.7196,25700900,411.38
2026-05-06 00:00:00+00:00,406.3532553869939,416.73119882114213,403.4749198280027,412.2892,30285900,413.96
2026-05-07 00:00:00+00:00,418.41436387337507,426.252599201464,417.0698127052784,419.0717,34942400,420.77
2026-05-08 00:00:00+00:00,415.70533786615914,416.94033300009636,412.32902052418575,413.4445,33383800,415.12
2026-05-11 00:00:00+00:00,406.2238324892163,411.02437891969174,403.8633978335676,410.9945,35657900,412.66
2026-05-12 00:00:00+00:00,412.8071177771783,413.8230009564215,404.9987607916227,406.1242,38594200,407.77
2026-05-13 00:00:00+00:00,401.5726127193307,404.67006020335134,399.41137122726485,403.5745,29667100,405.21
2026-05-14 00:00:00+00:00,402.8474786898859,410.1777730014898,399.2620086461666,407.7775,27077500,409.43
2026-05-15 00:00:00+00:00,412.5979759598976,426.44187454256735,411.243465019435,420.2171,50771200,421.92
2026-05-18 00:00:00+00:00,414.93843063228974,423.40412277470836,413.9325072130141,421.8305,32564100,423.54
2026-05-19 00:00:00+00:00,428.1648279430789,430.95352652005175,414.80895368693405,415.7352,33018700,417.42
2026-05-20 00:00:00+00:00,412.4984080701088,420.39640255545527,409.6399914026504,419.3606,27864000,421.06
2026-05-21 00:00:00+00:00,423.9518644563221,425.5388767329214,414.9288512610657,418.3025,31393500,419.09
2026-05-22 00:00:00+00:00,418.7516773538477,423.60254533291925,415.54770899730033,417.7835,22390300,418.57
2026-05-26 00:00:00+00:00,415.6475484195851,418.9812727231209,412.2439556426219,415.2483,30398000,416.03
2026-05-27 00:00:00+00:00,410.23771911212344,415.1584557249134,408.8104060581094,411.8946,28901500,412.67
2026-05-28 00:00:00+00:00,412.20402432375465,428.6830025831987,411.894606803438,426.1877,47250500,426.99
2026-05-29 00:00:00+00:00,431.73723947228143,449.4838308901919,431.5475964818763,449.394,79654400,450.24
2026-06-01 00:00:00+00:00,463.96658288022235,465.44380201511336,457.4089276665508,459.6547,53628900,460.52
2026-06-02 00:00:00+00:00,446.0403342412363,452.6478955836034,439.60245347714755,440.4808,37036800,441.31
2026-06-03 00:00:00+00:00,437.62612357841533,439.56247819066783,423.45280631347407,426.537,39037000,427.34
2026-06-04 00:00:00+00:00,434.9911190678659,435.33048021259197,425.60878153720364,427.2457,26899500,428.05
2026-06-05 00:00:00+00:00,427.53517271221824,428.66304950440394,413.6213652050783,415.8871,34782200,416.67
2026-06-08 00:00:00+00:00,413.3618907465877,416.3762166027105,407.7923747607714,410.9664,32086700,411.74
2026-06-09 00:00:00+00:00,408.26144012295174,411.20589712699234,397.73126337968813,402.652,35317300,403.41
2026-06-10 00:00:00+00:00,397.80116410811354,404.27897004227907,396.413775780149,396.6134,32576000,397.36
2026-06-11 00:00:00+00:00,394.46744987959215,396.10436852487584,383.27851206640366,389.6066,47224100,390.34
2026-06-12 00:00:00+00:00,390.69450349081234,391.0039210011773,381.55171512002863,390.0058,34865800,390.74
2026-06-15 00:00:00+00:00,396.0544614768861,400.99516103412043,392.1118830423254,399.0089,32266400,399.76
2026-06-16 00:00:00+00:00,395.0463171926974,396.0943442602138,389.9559000076175,393.09,31506800,393.83
2026-06-17 00:00:00+00:00,389.5166912987253,389.6364658098229,376.61098772795646,378.198,41987800,378.91
2026-06-18 00:00:00+00:00,377.1100688508171,380.65339833157617,372.5785995993674,378.6871,59714200,379.4
2026-06-22 00:00:00+00:00,375.0340171285458,380.91295032939513,366.3803073065825,366.6498,45171100,367.34
2026-06-23 00:00:00+00:00,371.68033110124617,376.5112371717388,369.9735440391507,373.2374,40647600,373.94
2026-06-24 00:00:00+00:00,370.8718192989657,378.16808379576423,364.09457772122806,364.7733,44509900,365.46
2026-06-25 00:00:00+00:00,362.08832182637525,363.54557835218094,348.5438211036476,352.167,66179000,352.83
2026-06-26 00:00:00+00:00,356.4789253291149,375.90236054374344,354.7621571600933,372.2692,186201600,372.97
2026-06-29 00:00:00+00:00,376.7907215725642,379.7850849228098,359.2237899177904,367.8775,51229900,368.57
2026-06-30 00:00:00+00:00,370.33283918556646,373.4469767438743,366.75956596161063,372.3191,44945700,373.02
2026-07-01 00:00:00+00:00,380.11448199229727,388.09945128552096,374.1856422920787,383.558,48065800,384.28
2026-07-02 00:00:00+00:00,383.75759231734486,391.46308704448256,382.97905787600195,389.7563,42128900,390.49
2026-07-06 00:00:00+00:00,386.3127362879454,388.4187715131613,380.50367230180484,386.0133,34224500,386.74
2026-07-07 00:00:00+00:00,391.75254193498614,394.8267548554675,387.49056493159145,388.1094,29297500,388.84
2026-07-08 00:00:00+00:00,383.30840348254816,384.58599834872444,380.6134768117077,382.6197,25908300,383.34
2026-07-09 00:00:00+00:00,373.746420569258,383.927255099386,372.648487433656,383.6378,31083200,384.36
2026-07-10 00:00:00+00:00,387.07132672033237,391.1736040612828,380.7831643728901,384.3764,24644600,385.1
2026-07-13 00:00:00+00:00,387.0213882068595,392.91030165733133,383.4281528811478,390.2553,28914900,390.99
2026-07-14 00:00:00+00:00,382.10066478060946,387.46057432000623,377.9385003896812,384.2067,27863900,384.93
2026-07-15 00:00:00+00:00,387.0713127922554,398.21034283547755,385.6739434319945,394.8866,36253700,395.63
2026-07-16 00:00:00+00:00,397.5615426402393,405.2271112864622,391.31330569683365,400.3463,37047400,401.1
2026-07-17 00:00:00+00:00,394.1180458077294,397.6414128281956,388.6583241074602,393.08,33049800,393.82
2026-07-20 00:00:00+00:00,390.6745434412986,402.4224276964379,388.91785046856745,401.5341,27915800,402.29
2026-07-21 00:00:00+00:00,398.0606081860465,400.7156098604651,395.5752870697674,397.0026,24126600,397.75
2026-07-22 00:00:00+00:00,398.8292391965979,400.24657119434346,386.23295059691554,389.6066,28142500,390.34
2026-07-23 00:00:00+00:00,389.23723494417953,391.0438339011479,376.6808731327638,380.863,30351800,381.58
2026-07-24 00:00:00+00:00,386.32274755043227,388.2990272046109,379.9347729106628,380.9828,27659400,381.7
2026-07-27 00:00:00+00:00,389.3470586276021,393.45931734772546,387.26098563608326,388.3689,27856200,389.1
2026-07-28 00:00:00+00:00,392.4212570077539,399.5678034523961,390.5647519257659,392.6109,32367500,393.35
2026-07-29 00:00:00+00:00,392.6608262405899,400.49607658626513,388.009582086342,389.8062,47209000,390.54
2026-07-30 00:00:00+00:00,437.0772023054755,457.8281386743516,431.6274614409222,450.2524,110160700,451.1
2026-07-31 00:00:00+00:00,449.154458598726,465.96281656050945,448.4857175159235,463.8468,60846000,464.72
2026-08-03 00:00:00+00:00,475.23534621347284,490.7261839536553,474.1074694965652,486.7337,66762100,487.65
2026-08-04 00:00:00+00:00,479.99637913191697,498.5015420953309,478.2696298370569,491.884,50455500,492.81
2026-08-05 00:00:00+00:00,495.42737758175036,497.3038452057605,484.76744448365,486.5441,33388900,487.46
2026-08-06 00:00:00+00:00,487.63205065418316,500.6176058256312,487.6021070219661,498.9208,36441500,499.86
2026-08-07 00:00:00+00:00,498.27196564931296,504.2307477949559,497.7928675873518,499.0505,28846200,499.99
2026-08-10 00:00:00+00:00,502.4940230486504,512.7646878690274,501.32622150930723,505.1091,31206100,506.06
2026-08-11 00:00:00+00:00,503.3824229808856,504.3805440979734,498.611404041206,502.8634,23049800,503.81
2026-08-12 00:00:00+00:00,499.050494391081,500.5576570273947,490.5964099344069,491.5047,29001500,492.43
2026-08-13 00:00:00+00:00,492.3431829174046,500.39801999677985,492.08367143777167,495.9464,23039000,496.88
2026-08-14 00:00:00+00:00,495.4273962696811,499.07053833669767,492.9919807509084,494.4692,16217600,495.4
2026-08-17 00:00:00+00:00,489.21900413448526,491.73426893723325,477.5110453502654,479.4474,29635800,480.35
2026-08-18 00:00:00+00:00,480.6351691132197,483.3600393455557,476.2534180802691,480.725,24087600,481.63
2026-08-19 00:00:00+00:00,479.1679667981251,488.38062398050835,478.4593008610188,483.4,19961900,484.31
2026-08-20 00:00:00+00:00,483.3,484.16,479.5,481.15,20020800,481.15
2026-08-21 00:00:00+00:00,479.88,486.36,478.53,483.24,22510800,483.24
2026-08-24 00:00:00+00:00,483.21,490.61,481.86,487.31,17230800,487.31
2026-08-25 00:00:00+00:00,485.44,492.44,484.3,491.71,19519000,491.71
2026-08-26 00:00:00+00:00,487.85,497.4,487.31,496.37,20758900,496.37
2026-08-27 00:00:00+00:00,494.88,506.48,490.08,505.06,28688800,505.06
2026-08-28 00:00:00+00:00,505.33,517.78,504.87,513.53,29207300,513.53
2026-08-31 00:00:00+00:00,510.38,512.19,506.39,507.29,27208900,507.29
2026-09-01 00:00:00+00:00,497.52,505.97,496.78,501.02,21046900,501.02
2026-09-02 00:00:00+00:00,499.85,500.27,493.81,496.82,15336100,496.82
2026-09-03 00:00:00+00:00,501.66,515.65,500.8,510.12,24125900,510.12
2026-09-04 00:00:00+00:00,510.0,511.0,499.36,499.7,18101800,499.7
2026-09-08 00:00:00+00:00,493.01,495.19,490.15,493.95,18882300,493.95
2026-09-09 00:00:00+00:00,493.07,494.39,489.8,491.65,12889600,491.65
2026-09-10 00:00:00+00:00,488.32,494.52,486.0,492.44,16038800,492.44
2026-09-11 00:00:00+00:00,495.65,498.97,492.58,495.63,14510500,495.63
2026-09-14 00:00:00+00:00,497.06,509.95,495.34,505.41,23091900,505.41
2026-09-15 00:00:00+00:00,500.06,505.9,495.54,497.12,17794600,497.12
2026-09-16 00:00:00+00:00,493.03,495.97,487.23,490.3,16670300,490.3
2026-09-17 00:00:00+00:00,497.8,501.47,493.17,497.75,17841600,497.75
2026-09-18 00:00:00+00:00,497.97,498.65,491.1,493.78,39544100,493.78
