date,Open,High,Low,Close,Volume,Raw_Close
2020-07-13 00:00:00+00:00,269.8389875847282,271.9951304641029,264.80187081546546,265.3065,3657909,289.16
2020-07-14 00:00:00+00:00,264.04955931815863,269.123377251476,262.9852503122548,268.8573,4053101,293.03
2020-07-15 00:00:00+00:00,271.75660430944083,272.2715096281162,269.1508824544194,271.2428,6601428,295.63
2020-07-16 00:00:00+00:00,269.56371767818985,270.76565256640777,268.96733777182214,270.4537,3082869,294.77
2020-07-17 00:00:00+00:00,271.32537630857723,271.9034061580105,269.51329860598884,271.1694,2245953,295.55
2020-07-20 00:00:00+00:00,270.96757909130565,274.04123022717357,270.297798396027,273.4265,2539891,298.01
2020-07-21 00:00:00+00:00,275.12383437029104,275.57341310317116,273.10531761042097,273.9953,3310876,298.63
2020-07-22 00:00:00+00:00,273.61915866546803,275.7661267805414,273.5182328139047,275.5551,4121139,300.33
2020-07-23 00:00:00+00:00,275.18804918784116,275.821129419694,271.01338968794227,272.2612,3487108,296.74
2020-07-24 00:00:00+00:00,270.536300305271,271.40793255545753,269.1049883997015,270.4996,2850971,294.82
2020-07-27 00:00:00+00:00,271.1052133346803,272.6099261743611,270.4262575411658,272.4723,2253331,296.97
2020-07-28 00:00:00+00:00,271.7473829160031,272.8025165859113,270.47204743672285,270.784,3135561,295.13
2020-07-29 00:00:00+00:00,271.5822296618681,274.57330421827925,271.49047890860396,274.0595,2370847,298.7
2020-07-30 00:00:00+00:00,271.3437603911159,273.4723785155069,269.4445192197843,273.0595,2951740,297.61
2020-07-31 00:00:00+00:00,274.74771991002996,275.3441,270.88501194268576,275.3441,4460643,300.1
2020-08-03 00:00:00+00:00,276.7661474386569,277.8416497692639,276.28904352130866,277.0781,3769021,301.99
2020-08-04 00:00:00+00:00,276.37168419178266,278.2434,276.37168419178266,278.2434,2129215,303.26
2020-08-05 00:00:00+00:00,279.482045797149,280.2068769457644,279.2067934622317,279.9775,2620744,305.15
2020-08-06 00:00:00+00:00,279.45452953125005,281.94097570312505,279.15175195312503,281.8584,4088158,307.2
2020-08-07 00:00:00+00:00,280.9684161764706,282.225401874024,280.13495208328993,282.0052,3319618,307.36
2020-08-10 00:00:00+00:00,282.48224649412987,283.0511012194331,280.68393155607447,282.9043,2118154,308.34
2020-08-11 00:00:00+00:00,283.9869528984796,284.5334204260912,279.90404407062283,280.6197,3571230,305.85
2020-08-12 00:00:00+00:00,282.82176114372334,285.1705809605212,282.77588575667653,284.4641,2953661,310.04
2020-08-13 00:00:00+00:00,283.78512338858195,285.14303474524246,283.10616771025167,283.9778,4074194,309.51
2020-08-14 00:00:00+00:00,283.64749723756904,284.4457289134438,282.9043160220994,283.9778,2098031,309.51
2020-08-17 00:00:00+00:00,284.83107446459053,285.22560275353453,284.5099467875431,284.8953,2183360,310.51
2020-08-18 00:00:00+00:00,285.28067322599304,285.84952800809873,283.7667854994215,285.4917,2415819,311.16
2020-08-19 00:00:00+00:00,285.8495382455461,286.51931890007745,283.7943208946553,284.2806,2498298,309.84
2020-08-20 00:00:00+00:00,282.6932545106493,285.59257840229077,282.61067883019115,285.1797,2409269,310.82
2020-08-21 00:00:00+00:00,284.86781372743883,286.3541763216106,284.583386317443,286.1982,2316223,311.93
2020-08-24 00:00:00+00:00,288.42315670739447,289.17092554427165,287.5194115487147,289.1067,2349556,315.1
2020-08-25 00:00:00+00:00,289.64797112903227,290.170950455408,288.5561370967742,290.1159,2890833,316.2
2020-08-26 00:00:00+00:00,290.62057923488715,293.26300154963525,290.1618253607989,293.0795,2605983,319.43
2020-08-27 00:00:00+00:00,293.80432615990253,294.9815803317087,292.1982288738401,293.6667,2295927,320.07
2020-08-28 00:00:00+00:00,294.648417240416,295.69437599875835,293.55658309793574,295.5751,3538745,322.15
2020-08-31 00:00:00+00:00,295.4191073266463,296.19898881378106,294.3364483209769,294.5383,5067980,321.02
2020-09-01 00:00:00+00:00,295.26310828961175,297.364200604901,294.4648767113141,297.2908,3010783,324.02
2020-09-02 00:00:00+00:00,299.05247828070816,302.4747822139077,297.98816928271583,301.6215,5273074,328.74
2020-09-03 00:00:00+00:00,300.03414797706074,300.49290175825564,288.84055571590625,291.1802,6891967,317.36
2020-09-04 00:00:00+00:00,291.5564479575631,293.2354871990344,281.58313836477987,288.8498,5133935,314.82
2020-09-08 00:00:00+00:00,283.83097414834896,284.9686835646862,280.61969756997746,280.9133,4278260,306.17
2020-09-09 00:00:00+00:00,284.5604464607156,288.7029940296596,283.77597731975277,286.4551,3339835,312.21
2020-09-10 00:00:00+00:00,288.1433065199674,288.74886162999184,280.592217799511,281.4455,3588984,306.75
2020-09-11 00:00:00+00:00,283.0969870186983,284.05119498012897,279.07830348882663,281.6565,3690254,306.98
2020-09-14 00:00:00+00:00,284.50081805961986,286.95056388076017,284.0695893944754,285.3174,3056093,310.97
2020-09-15 00:00:00+00:00,287.61115698243594,288.335988111463,285.8220168538247,286.7854,2570928,312.57
2020-09-16 00:00:00+00:00,287.92306907262855,289.180054524429,285.3815729401561,285.6293,2316222,311.31
2020-09-17 00:00:00+00:00,281.1977587608153,284.67511292977736,280.7206547587413,283.1337,2848323,308.59
2020-09-18 00:00:00+00:00,283.91353348196725,283.9502337836066,277.59190652459023,279.8398,3421015,305.0
2020-09-21 00:00:00+00:00,275.68354059796485,276.8579504623952,272.3438125459909,276.8029,4536837,301.69
2020-09-22 00:00:00+00:00,278.1057624302684,280.0600538557459,275.8670436142285,279.6013,2741533,304.74
2020-09-23 00:00:00+00:00,280.09675872077395,280.34448580690673,272.655771059527,273.1237,2755784,297.68
2020-09-24 00:00:00+00:00,271.8666584924623,276.59182231155773,270.70142391959797,273.876,3130664,298.5
2020-09-25 00:00:00+00:00,273.0273192347006,278.9590057636508,272.24285025059356,278.2617,2683969,303.28
2020-09-28 00:00:00+00:00,282.060242683876,283.52825513685303,281.15190997859645,282.9227,2437913,308.36
2020-09-29 00:00:00+00:00,282.7277831378971,283.3451329446446,280.70987854569273,281.3088,2307331,305.3
2020-09-30 00:00:00+00:00,281.9906177929466,286.3304021699659,281.8155484641639,283.4741,4304504,307.65
2020-10-01 00:00:00+00:00,285.786893875969,286.662240629845,283.57549155038754,285.2709,3005650,309.6
2020-10-02 00:00:00+00:00,280.77436484089725,284.33103669796554,280.30904896322374,282.6172,3125089,306.72
2020-10-05 00:00:00+00:00,284.43239438605485,287.74949769289924,284.43239438605485,287.556,2364454,312.08
2020-10-06 00:00:00+00:00,287.71262137657607,289.6199556479916,283.04158738840505,283.5386,3389808,307.72
2020-10-07 00:00:00+00:00,286.1987477504793,289.15004823322687,286.19229782747607,288.4037,1707831,313.0
2020-10-08 00:00:00+00:00,290.2096518351965,291.029713398993,289.3711619216519,290.956,1731711,315.77
2020-10-09 00:00:00+00:00,292.52242653022796,294.0242449792203,291.9511476552201,293.5452,2794077,318.58
2020-10-12 00:00:00+00:00,295.90404263561095,299.6652692098109,295.4617621957247,298.2813,2194283,323.72
2020-10-13 00:00:00+00:00,298.2076212031712,298.2905487952744,295.5051031182963,296.374,2229739,321.65
2020-10-14 00:00:00+00:00,296.8991572331373,297.89428816793895,293.8676935521212,294.5219,1907791,319.64
2020-10-15 00:00:00+00:00,290.90076733070225,294.57722376746227,290.4540640523711,294.1718,2487096,319.26
2020-10-16 00:00:00+00:00,295.4525532148343,296.88996466973884,293.8400724160632,293.923,1669931,318.99
2020-10-19 00:00:00+00:00,295.1300905242385,295.6737269694751,288.7078091288156,289.4818,2229583,314.17
2020-10-20 00:00:00+00:00,290.6887992264037,293.62812111537363,290.0430698283504,290.6243,3066561,315.41
2020-10-21 00:00:00+00:00,290.6243080008894,292.5707104238344,289.86874561364505,290.0991,2607729,314.84
2020-10-22 00:00:00+00:00,290.3018592791484,292.2368364405977,288.394524648577,291.6932,2362400,316.57
2020-10-23 00:00:00+00:00,292.8633693436172,292.8633693436172,290.4676835888557,292.6883,1429454,317.65
2020-10-26 00:00:00+00:00,289.6107581141758,290.3202496472097,284.12832354073123,287.298,3335822,311.8
2020-10-27 00:00:00+00:00,287.64819905396274,287.91541020690545,286.1539358583518,286.349,2196107,310.77
2020-10-28 00:00:00+00:00,281.15217340620524,281.71423818442366,276.07055496050924,276.4898,5650454,300.07
2020-10-29 00:00:00+00:00,276.7201743890776,282.1841815618507,275.2182634798668,279.4015,5365171,303.23
2020-10-30 00:00:00+00:00,277.862666479888,279.060509252218,273.0805095657395,276.2594,5892432,299.82
2020-11-02 00:00:00+00:00,279.5304850614882,281.3180353829415,277.0058005868583,279.4752,4080396,303.31
2020-11-03 00:00:00+00:00,282.4790369208838,286.32134890170414,282.0367564051059,284.4048,3378343,308.66
2020-11-04 00:00:00+00:00,288.57876947498494,294.5311269921739,287.48228256392383,290.8086,5750173,315.61
2020-11-05 00:00:00+00:00,295.71979495944555,298.12469514279496,295.3327995276422,296.503,3950281,321.79
2020-11-06 00:00:00+00:00,296.18046055633255,297.54415854545454,294.3238041724942,296.4661,3640619,321.75
2020-11-09 00:00:00+00:00,308.0851914292731,308.85918222003926,299.71871954813355,300.161,8097281,325.76
2020-11-10 00:00:00+00:00,299.248791971476,300.65856089014574,296.7517502920022,299.774,4120821,325.34
2020-11-11 00:00:00+00:00,301.69060227085436,302.6857334493178,300.5388300735586,301.8841,2773482,327.63
2020-11-12 00:00:00+00:00,301.06403397412197,301.70902639556374,297.3691488170055,299.0922,2539783,324.6
2020-11-13 00:00:00+00:00,300.79677097960547,303.819020661986,300.2807771313942,303.1556,1998446,329.01
2020-11-16 00:00:00+00:00,305.58818608108106,306.94267012612613,304.44102102252253,306.8321,3018755,333.0
2020-11-17 00:00:00+00:00,304.74043527796226,306.37134438944895,303.37673726383775,305.3025,3052136,331.34
2020-11-18 00:00:00+00:00,305.5697097397043,306.03963270194305,301.57075747280953,301.5984,2647827,327.32
2020-11-19 00:00:00+00:00,301.08246374395327,303.2293670996988,299.8385497824698,302.8608,2962161,328.69
2020-11-20 00:00:00+00:00,302.60272160249934,302.83123314282216,300.7506724248828,300.8336,3517557,326.49
2020-11-23 00:00:00+00:00,302.48300152244076,303.6992728822849,300.43745423543027,302.612,2222635,328.42
2020-11-24 00:00:00+00:00,305.0076442080661,307.98382296098754,304.15994004314734,307.5139,2659731,333.74
2020-11-25 00:00:00+00:00,307.44938040457396,307.44938040457396,306.0488257900897,307.0071,2256860,333.19
2020-11-27 00:00:00+00:00,308.01610556203985,308.315566304543,306.9979390375292,307.8825,984710,334.14
2020-11-30 00:00:00+00:00,307.2006774891775,307.4126035714286,304.1047138528139,306.5004,4175707,332.64
2020-12-01 00:00:00+00:00,309.52266124293783,311.25492667261375,308.96981057389235,309.8728,3237145,336.3
2020-12-02 00:00:00+00:00,308.8776622058693,310.61914177620844,308.35245408148126,310.527,2270336,337.01
2020-12-03 00:00:00+00:00,310.4348,311.7155704490813,309.4857398830548,310.4348,2851086,336.91
2020-12-04 00:00:00+00:00,310.9830325314146,313.13454252670607,310.93235456578674,313.1069,2907285,339.81
2020-12-07 00:00:00+00:00,312.4250440709948,312.9410378913851,311.35619972875764,312.5264,1943081,339.18
2020-12-08 00:00:00+00:00,311.3377821201787,313.9269654868297,311.3009254174506,313.4294,1948194,340.16
2020-12-09 00:00:00+00:00,314.00987391884684,314.1415444813134,309.8358525894287,310.6467,2545788,337.14
2020-12-10 00:00:00+00:00,309.3567421864799,311.4390538016203,308.5293091892694,310.4993,2738559,336.98
2020-12-11 00:00:00+00:00,308.9605421512405,310.3334544049918,307.5415590164908,310.1031,2387889,336.55
2020-12-14 00:00:00+00:00,312.139415886093,313.08847598280653,308.573529891645,308.6841,2654634,335.01
2020-12-15 00:00:00+00:00,311.1074646449182,312.9503,309.8174798963609,312.9503,2762601,339.64
2020-12-16 00:00:00+00:00,313.1253322024929,314.2402474600188,312.32369891815614,313.4294,2943154,340.16
2020-12-17 00:00:00+00:00,314.9128597994211,315.35514020057894,314.16651162246717,315.134,2626995,342.01
2020-12-18 00:00:00+00:00,315.4841808448802,315.58553678370123,312.084149806247,313.8717,6025650,340.64
2020-12-21 00:00:00+00:00,310.3610874466268,313.63211989752347,307.85483159692575,312.9042,3918085,339.59
2020-12-22 00:00:00+00:00,313.14742220181313,313.22143701487227,311.2970518753333,312.287,2381325,337.54
2020-12-23 00:00:00+00:00,313.212185169178,314.33165921671946,312.42577778040913,312.5368,3682167,337.81
2020-12-24 00:00:00+00:00,313.05490372095767,313.8043037032669,312.4997926229508,313.7858,1447667,339.16
2020-12-28 00:00:00+00:00,316.1727814854871,316.8389148110257,315.5714111221537,316.5151,2798845,342.11
2020-12-29 00:00:00+00:00,317.92141500922696,318.0509409473037,315.3679036585723,315.849,2555542,341.39
2020-12-30 00:00:00+00:00,316.6724296855346,317.2552964341086,316.01092218516897,316.2746,2009135,341.85
2020-12-31 00:00:00+00:00,316.24680368355206,318.6060259332538,315.7009444179348,317.9769,3507320,343.69
2021-01-04 00:00:00+00:00,319.20746043712944,319.27222341385715,310.2794215025219,313.6656,5402614,339.03
2021-01-05 00:00:00+00:00,313.0826703393307,316.77415927152316,313.0734184873703,315.7287,3299716,341.26
2021-01-06 00:00:00+00:00,314.36864474994906,320.57663676346374,313.91530405149564,317.6438,4804950,343.33
2021-01-07 00:00:00+00:00,319.8734965275785,323.07463697411464,319.6884595075475,322.39,3638857,348.46
2021-01-08 00:00:00+00:00,323.7037999885851,324.38751185605844,320.70619992009586,324.2034,3758462,350.42
2021-01-11 00:00:00+00:00,321.372307448367,323.64826287306465,321.2261281975124,322.0847,2987858,348.13
2021-01-12 00:00:00+00:00,322.2420259363511,323.0284334070542,320.0863442813649,322.1125,2298388,348.16
2021-01-13 00:00:00+00:00,322.06622959057967,323.8703407844598,321.33533326075127,322.9174,3039926,349.03
2021-01-14 00:00:00+00:00,323.6760705620238,324.10933482912174,321.5481444156964,321.8257,3497443,347.85
2021-01-15 00:00:00+00:00,320.3638666473637,321.09476292671627,317.82885929872305,319.5312,3622148,345.37
2021-01-19 00:00:00+00:00,321.77944441252515,322.50756523700085,320.4471775926458,322.057,3433790,348.1
2021-01-20 00:00:00+00:00,324.11088510614184,327.24726299067544,323.78707028030504,326.4331,2920573,352.83
2021-01-21 00:00:00+00:00,327.01595555555554,327.36289999999997,325.9445911111111,326.7384,2582562,353.16
2021-01-22 00:00:00+00:00,325.09160365444734,326.6274112190964,324.7307813952828,325.5727,1812174,351.9
2021-01-25 00:00:00+00:00,326.3220851526901,327.22081009249143,321.93670712648236,326.8957,3548997,353.33
2021-01-26 00:00:00+00:00,327.72841508503404,328.1123670153061,326.2203629251701,326.4054,2430244,352.8
2021-01-27 00:00:00+00:00,323.3892822798048,323.407785986521,316.40413299442247,318.4858,5010372,344.24
2021-01-28 00:00:00+00:00,320.08638496240604,324.8054780160747,319.7255626652839,321.1596,3432188,347.13
2021-01-29 00:00:00+00:00,319.47570005585277,320.31761858427893,313.239951834323,314.7295,5803647,340.18
2021-02-01 00:00:00+00:00,317.921403589091,320.90050005784195,315.85824050669515,319.9013,3334009,345.77
2021-02-02 00:00:00+00:00,322.9359368050408,325.9797965159377,322.88967753891774,324.4995,2955229,350.74
2021-02-03 00:00:00+00:00,325.3876630208779,326.40536682901825,323.70382581104565,324.8233,3392809,351.09
2021-02-04 00:00:00+00:00,325.77626250915444,328.47780370683347,325.59122544082027,328.4593,1988342,355.02
2021-02-05 00:00:00+00:00,330.1985851756256,330.4124879856357,328.7330918752104,329.773,2091756,356.44
2021-02-08 00:00:00+00:00,331.14233685910824,332.2063,330.34667746678923,332.2063,3371070,359.07
2021-02-09 00:00:00+00:00,331.41989620380184,332.4468519426947,331.0035627961425,331.938,1891240,358.78
2021-02-10 00:00:00+00:00,333.5569999219273,333.63101473343744,329.64346676332815,331.8084,2400011,358.64
2021-02-11 00:00:00+00:00,332.79834071042814,333.159162908524,330.14083896219586,332.345,2237200,359.22
2021-02-12 00:00:00+00:00,331.632618598532,334.16762592161746,331.54935193463507,334.0381,2144471,361.05
2021-02-16 00:00:00+00:00,335.05586687366576,335.25940764603143,333.04821470987775,333.7236,4408452,360.71
2021-02-17 00:00:00+00:00,332.16927389340054,333.9641333518113,331.14435363153075,333.7976,3220093,360.79
2021-02-18 00:00:00+00:00,331.4383629004871,333.0019259679889,329.81928871816285,332.3728,3017068,359.25
2021-02-19 00:00:00+00:00,333.5015483811596,333.72359285535015,331.3458666108927,331.7622,2487098,358.59
2021-02-22 00:00:00+00:00,329.21796297608006,331.3921486016247,328.95891107175987,329.1532,3290986,355.77
2021-02-23 00:00:00+00:00,327.2287812447364,330.8092482735388,323.38001048509346,329.5695,5251055,356.22
2021-02-24 00:00:00+00:00,328.57952217070186,333.6032777820968,327.7005962350066,333.2147,3301220,360.16
2021-02-25 00:00:00+00:00,332.169240819868,333.31647046256256,323.8888333181611,325.2211,7049193,351.52
2021-02-26 00:00:00+00:00,327.0252186418376,327.94836845132875,321.69615179209933,323.4355,7579472,349.59
2021-03-01 00:00:00+00:00,328.0243890734949,332.502285119513,327.97812981682114,331.3273,3725252,358.12
2021-03-02 00:00:00+00:00,331.5679114900802,331.7992078176445,328.58881479105105,328.7646,5462610,355.35
2021-03-03 00:00:00+00:00,328.16324887355273,329.03292311640905,324.3329814635259,324.4255,6317636,350.66
2021-03-04 00:00:00+00:00,324.2682192729688,326.6089382514292,316.33475475111163,320.4287,6604466,346.34
2021-03-05 00:00:00+00:00,323.6020589526213,327.26579270180616,316.95922856899824,326.3036,8721265,352.69
2021-03-08 00:00:00+00:00,327.1732445007978,329.7360075222247,324.4254444381126,324.703,5663478,350.96
2021-03-09 00:00:00+00:00,328.20949244106,331.6419299800489,327.7283960744092,329.2457,6075087,355.87
2021-03-10 00:00:00+00:00,331.49389261876166,332.91867797916603,330.180129494233,331.2811,7231407,358.07
2021-03-11 00:00:00+00:00,333.67732949564737,336.5454039187508,333.2151994394086,334.7783,3340718,361.85
2021-03-12 00:00:00+00:00,333.5292555745667,335.3333666657467,332.7576511386466,335.2501,4847336,362.36
2021-03-15 00:00:00+00:00,335.536918482138,337.46130370959776,333.48300732590684,337.193,3162271,364.46
2021-03-16 00:00:00+00:00,337.80364824612,338.4142705287735,336.0735517786018,336.8137,3698397,364.05
2021-03-17 00:00:00+00:00,335.68500328824877,338.6641001396342,334.56552900558535,337.9147,5011554,365.24
2021-03-18 00:00:00+00:00,335.5924296884986,337.47055565620917,332.40054072859635,332.9464,5073991,359.87
2021-03-19 00:00:00+00:00,332.74287780808953,334.14915939927073,330.42066281212595,332.3543,5382753,359.23
2021-03-22 00:00:00+00:00,332.8723777777778,336.30481481481485,332.8446222222222,334.9818,3417647,362.07
2021-03-23 00:00:00+00:00,334.48219254889955,335.7867036309507,331.68813335188224,332.5208,4954604,359.41
2021-03-24 00:00:00+00:00,333.7235593615355,335.16684829892006,330.6797,330.6797,4098983,357.42
2021-03-25 00:00:00+00:00,329.43992973318865,333.28869997496037,327.6450705339009,332.5393,5487296,359.43
2021-03-26 00:00:00+00:00,333.6558083733963,338.29804072965027,333.0801715612208,337.9638,3322643,364.01
2021-03-29 00:00:00+00:00,336.62679544517437,338.5858172572088,335.2709852309024,337.7595,3143331,363.79
2021-03-30 00:00:00+00:00,336.61756604751145,337.4624523700601,335.41987005181056,336.8961,3696168,362.86
2021-03-31 00:00:00+00:00,337.38811383475155,339.6442384298655,337.38811383475155,338.233,7470344,364.3
2021-04-01 00:00:00+00:00,339.9970451977401,341.9374980225989,339.83920932203387,341.8168,5131981,368.16
2021-04-05 00:00:00+00:00,344.351508129167,347.30396787693786,344.2772324122419,346.7469,3764095,373.47
2021-04-06 00:00:00+00:00,346.3476417939238,347.5453376386433,346.0041166291593,346.5519,3583491,373.26
2021-04-07 00:00:00+00:00,346.44051658148925,347.31297773127653,346.05056906322744,346.9883,2768895,373.73
2021-04-08 00:00:00+00:00,348.139601003861,348.68738446545063,347.2947146478498,348.6781,3949423,375.55
2021-04-09 00:00:00+00:00,348.5573963198943,351.3241669795109,348.4738361321877,351.1849,2627530,378.25
2021-04-12 00:00:00+00:00,350.6742185666719,351.55624268009086,350.0984889322182,351.3427,2747529,378.42
2021-04-13 00:00:00+00:00,351.2962778495191,352.92105911187247,350.87847695348535,352.299,2985533,379.45
2021-04-14 00:00:00+00:00,352.308289130952,353.283157901277,350.67422338259786,351.1663,3691057,378.23
2021-04-15 00:00:00+00:00,353.1160449240105,355.1679116168354,353.0696226006434,354.9358,3573828,382.29
2021-04-16 00:00:00+00:00,356.1130518577796,356.6626921382582,354.8429371555926,356.1799,3252459,383.63
2021-04-19 00:00:00+00:00,355.2421327657568,355.67850253837685,353.15312853512864,354.4251,3945743,381.74
2021-04-20 00:00:00+00:00,353.2645920066501,353.8866511321054,350.4560414775426,351.8255,4106739,378.94
2021-04-21 00:00:00+00:00,351.2127556183006,355.2886359111111,351.082773103268,355.1308,3640080,382.5
2021-04-22 00:00:00+00:00,354.9636265020185,355.70174138763554,350.91560021108734,351.8719,3965016,378.99
2021-04-23 00:00:00+00:00,352.41037567814533,356.9458360285095,352.30824658120775,355.6228,3783209,383.03
2021-04-26 00:00:00+00:00,356.2727019798885,356.9411833220445,355.892038993383,356.3934,3125214,383.86
2021-04-27 00:00:00+00:00,356.7090853181841,356.8762056600823,355.33498472924373,356.282,3370642,383.74
2021-04-28 00:00:00+00:00,356.6162610543331,357.6089559419126,355.8177971529878,356.1149,3960389,383.56
2021-04-29 00:00:00+00:00,358.75166497461925,359.0673367295141,355.4185426214648,358.4917,4209880,386.12
2021-04-30 00:00:00+00:00,356.43987178872175,357.22905126052603,355.3443049925698,356.1242,5219206,383.57
2021-05-03 00:00:00+00:00,357.9717598689002,358.32456946727706,356.4862457704713,356.9319,4180812,384.44
2021-05-04 00:00:00+00:00,355.14934752159115,355.55786397278194,351.3705703480764,354.7594,5485646,382.1
2021-05-05 00:00:00+00:00,356.26349207944116,356.4398969149855,354.14663405290844,354.8244,4410661,382.17
2021-05-06 00:00:00+00:00,354.9078920992525,357.7953601692276,353.06028391299833,357.7118,4737289,385.28
2021-05-07 00:00:00+00:00,358.39892251114605,360.868590232714,357.75829441795736,360.2651,3516620,388.03
2021-05-10 00:00:00+00:00,360.617906384197,360.8500180100461,356.6070174895245,356.737,5942697,384.23
2021-05-11 00:00:00+00:00,352.57752448406234,354.425132841464,349.97787453394943,353.6081,7081501,380.86
2021-05-12 00:00:00+00:00,350.98985000402433,352.13183898800736,345.5027322029351,346.0598,7707441,372.73
2021-05-13 00:00:00+00:00,347.43398268374165,351.92766397550116,347.39684482182633,350.1729,7188191,377.16
2021-05-14 00:00:00+00:00,352.6332778848414,356.32849508813166,352.6332778848414,355.5486,5167919,382.95
2021-05-17 00:00:00+00:00,354.573701960579,355.3628814491008,352.8096536921184,354.6944,3767788,382.03
2021-05-18 00:00:00+00:00,354.89863128085966,355.10288948591347,351.45409518654446,351.6305,3128310,378.73
2021-05-19 00:00:00+00:00,347.2947013104598,350.80422911603523,345.9577383369073,350.7021,5086270,377.73
2021-05-20 00:00:00+00:00,351.4819559644803,355.5856890795264,351.370542395746,354.4437,4776714,381.76
2021-05-21 00:00:00+00:00,355.8085659029544,356.9412706765932,353.747414593546,354.1745,3567453,381.47
2021-05-24 00:00:00+00:00,356.2356322277588,358.7517222049206,356.0035206062494,357.749,2962453,385.32
2021-05-25 00:00:00+00:00,358.75166357181865,359.08590425216505,356.4676855894515,356.9969,4031807,384.51
2021-05-26 00:00:00+00:00,357.5353864437579,358.1481610030892,356.58837121570053,357.6468,2642705,385.21
2021-05-27 00:00:00+00:00,358.6421587145156,359.1045250557891,357.7489932118948,357.8047,3015864,385.38
2021-05-28 00:00:00+00:00,359.33660174034645,359.5594288711055,358.32459518814903,358.501,3371117,386.13
2021-06-01 00:00:00+00:00,360.7014520643807,360.8128656403079,357.80469909027295,358.2225,4389042,385.83
2021-06-02 00:00:00+00:00,358.7981466052577,359.5316193334714,357.8882690436763,358.826,3209191,386.48
2021-06-03 00:00:00+00:00,356.68130491156074,358.4824911872419,355.31648850679204,357.4612,3390955,385.01
2021-06-04 00:00:00+00:00,359.13232569884167,360.9799338996139,359.08590338223934,360.7014,2628143,388.5
2021-06-07 00:00:00+00:00,360.7199562047556,360.87779207563693,359.54082940464224,360.395,2500620,388.17
2021-06-08 00:00:00+00:00,361.1657038353554,361.23997955850916,358.7888806944337,360.4508,2386617,388.23
2021-06-09 00:00:00+00:00,361.2399317682266,361.2863540890563,359.6894262525154,359.8844,2968089,387.62
2021-06-10 00:00:00+00:00,361.03565449783,362.4280455152923,359.84724314732534,361.5463,2611815,389.41
2021-06-11 00:00:00+00:00,362.0941398138891,362.27982911635775,360.91501274321314,362.1777,2241500,390.09
2021-06-14 00:00:00+00:00,362.2890361699951,363.0875,361.1656161301046,363.0875,2252205,391.07
2021-06-15 00:00:00+00:00,363.16180174247273,363.20822406149904,361.54621219572067,362.3262,2405039,390.25
2021-06-16 00:00:00+00:00,362.48308254541234,362.6325624024117,358.3988471979593,360.3393,4194316,388.11
2021-06-17 00:00:00+00:00,359.8844437147202,361.0821397376086,357.91613707245403,360.2094,4065333,387.97
2021-06-18 00:00:00+00:00,357.2569396609373,357.80472311269006,355.14936604148164,355.4279,5211110,382.82
2021-06-21 00:00:00+00:00,356.98761747127617,360.58998926786535,356.1984380828481,360.4043,4389779,388.18
2021-06-22 00:00:00+00:00,360.46000731857316,363.10607938960635,359.74510363622386,362.3169,2705442,390.24
2021-06-23 00:00:00+00:00,362.4190766251091,363.1525493304602,361.81558642450364,361.927,2404155,389.82
2021-06-24 00:00:00+00:00,363.84884858053823,364.43237712511166,363.6445903787783,363.9974,2987820,392.05
2021-06-25 00:00:00+00:00,364.78663209656924,365.73364753240156,364.45239135451084,365.3437,2863066,393.5
2021-06-28 00:00:00+00:00,365.8357505325624,366.22569803712724,364.72161480523437,366.105,2418472,394.32
2021-06-29 00:00:00+00:00,366.44310315138875,366.9927445162275,365.8003022331875,366.2661,2927626,393.16
2021-06-30 00:00:00+00:00,365.8561237243343,367.1706047555397,365.8561237243343,366.6014,3795925,393.52
2021-07-01 00:00:00+00:00,367.3281024915348,368.77207550411885,367.2407188343862,368.6696,3414515,395.74
2021-07-02 00:00:00+00:00,369.7036685768025,371.753178645768,369.40090004388713,371.4737,4363111,398.75
2021-07-06 00:00:00+00:00,371.4923285175879,371.69727952261303,368.25969221105527,370.775,4331346,398.0
2021-07-07 00:00:00+00:00,371.39918314094706,372.32146269875057,369.54530807021064,372.0513,4747830,399.37
2021-07-08 00:00:00+00:00,367.234925061208,369.73160085817415,366.1356424341856,369.0888,5817105,396.19
2021-07-09 00:00:00+00:00,370.43032826385587,373.2437467467592,370.23469320378643,372.9829,3332168,400.37
2021-07-12 00:00:00+00:00,372.91767485441244,374.5293350530088,372.5170887934896,374.3337,2929163,401.82
2021-07-13 00:00:00+00:00,373.64428915746896,374.96715464715584,372.80585328372376,373.0667,4313092,400.46
2021-07-14 00:00:00+00:00,374.55727524500634,375.032388935438,372.4705013889928,373.5791,3332211,401.01
2021-07-15 00:00:00+00:00,372.3959319073351,372.9921529420594,370.5932948726608,372.3773,4483895,399.72
2021-07-16 00:00:00+00:00,373.42074905826877,373.4580128791508,369.04225010463676,369.4801,4516552,396.61
2021-07-19 00:00:00+00:00,364.9804549657008,365.42762076891574,361.3938125857479,363.9557,12336210,390.68
2021-07-20 00:00:00+00:00,364.5752043021202,370.30917402826856,363.331524434629,369.0981,4043076,396.2
2021-07-21 00:00:00+00:00,370.29052948214155,372.2841435837109,370.0948944534829,372.2003,2996601,399.53
2021-07-22 00:00:00+00:00,372.3680310255258,373.1598871871722,371.42711958639296,372.9922,2575749,400.38
2021-07-23 00:00:00+00:00,374.65977388100305,377.06329034571445,374.11013251891785,376.7186,3151949,404.38
2021-07-26 00:00:00+00:00,376.2900228213413,377.68741595421915,376.19686327914945,377.6781,2374331,405.41
2021-07-27 00:00:00+00:00,376.78374009563686,376.78374009563686,373.38341706102426,376.0012,3626075,403.61
2021-07-28 00:00:00+00:00,376.52294447309055,377.0725858053001,374.5386461042664,375.7963,3763730,403.39
2021-07-29 00:00:00+00:00,376.6999714363291,378.34889553723497,376.69065548095676,377.4173,2274198,405.13
2021-07-30 00:00:00+00:00,375.0510065558725,376.8583017015999,374.9389356249287,375.5727,5204480,403.15
2021-08-02 00:00:00+00:00,377.0912088683419,377.6315342330923,374.44547777197823,374.8088,5814735,402.33
2021-08-03 00:00:00+00:00,375.507511267814,377.91102763943,373.4952650032053,377.8365,4129628,405.58
2021-08-04 00:00:00+00:00,376.6533689723516,377.1657464869686,375.74972135566344,376.0292,3880216,403.64
2021-08-05 00:00:00+00:00,377.01667067165647,378.4047478629111,376.71856013393733,378.3768,3052826,406.16
2021-08-06 00:00:00+00:00,378.63762993658753,379.3270105245047,378.3860991815366,379.0289,2486923,406.86
2021-08-09 00:00:00+00:00,378.92644672423546,379.2051800809899,377.9389555539154,378.6656,1984384,406.47
2021-08-10 00:00:00+00:00,379.07548832129345,379.78350083296476,378.4420034424296,379.1407,2400730,406.98
2021-08-11 00:00:00+00:00,380.09096381998233,380.1561755049515,379.0755247254633,380.0537,3554430,407.96
2021-08-12 00:00:00+00:00,379.92327798118055,381.32998719051693,379.1314218037395,381.1623,2320453,409.15
2021-08-13 00:00:00+00:00,381.61878943311547,381.9169,381.1902554932189,381.9169,2253785,409.96
2021-08-16 00:00:00+00:00,380.7523423322139,382.8950116756704,379.2990535601304,382.8298,3385158,410.94
2021-08-17 00:00:00+00:00,380.4728871763467,381.06910824780147,377.5849413614874,380.3052,5186251,408.23
2021-08-18 00:00:00+00:00,379.364292566363,380.7896335801308,375.9360213698495,376.2155,4878277,403.84
2021-08-19 00:00:00+00:00,373.6536032368141,377.8085187680819,373.505479566529,376.7465,5505717,404.41
2021-08-20 00:00:00+00:00,376.9980254851451,380.01639457324404,376.6067554181693,379.7276,3263571,407.61
2021-08-23 00:00:00+00:00,381.2554568722339,383.8918721268421,381.2368249623073,383.0907,3259398,411.22
2021-08-24 00:00:00+00:00,383.7241478621895,384.15268174909556,383.2117703887149,383.6962,3006487,411.87
2021-08-25 00:00:00+00:00,383.8731906356785,384.94452531808156,383.50986843903746,384.4042,3261412,412.63
2021-08-26 00:00:00+00:00,384.1992941129151,384.43219298425237,382.14046809029304,382.1591,4707561,410.22
2021-08-27 00:00:00+00:00,382.9695805562267,385.98794986952106,382.90436887353206,385.5501,3882200,413.86
2021-08-30 00:00:00+00:00,386.29534506927075,388.0653763132577,386.04381431354625,387.3201,2811785,415.76
2021-08-31 00:00:00+00:00,387.2269732369594,387.56234760631247,386.2208501289001,386.6587,6062916,415.05
2021-09-01 00:00:00+00:00,387.5902934607331,388.0933550121543,386.76117349635376,387.0686,3256370,415.49
2021-09-02 00:00:00+00:00,388.28901168622366,388.8852328174117,387.0732795359105,388.2238,2836923,416.73
2021-09-03 00:00:00+00:00,387.1524205439662,388.5305296341791,386.76115047170947,388.0747,3743999,416.57
2021-09-07 00:00:00+00:00,387.7952784786642,387.8139103896105,386.07182671614106,386.6401,3542491,415.03
2021-09-08 00:00:00+00:00,386.1742404601693,386.85430510093335,384.4443609650532,386.2674,4012604,414.63
2021-09-09 00:00:00+00:00,385.99730503185793,387.60896535358677,384.34838088766145,384.5347,3887829,412.77
2021-09-10 00:00:00+00:00,386.32335319351535,386.7053073636408,381.40918673641295,381.5629,4035509,409.58
2021-09-13 00:00:00+00:00,384.30175901008425,384.4787621474156,380.3797421250061,382.4572,4738340,410.54
2021-09-14 00:00:00+00:00,383.83595959452504,383.9850148674126,379.61583218089663,380.4729,3657667,408.41
2021-09-15 00:00:00+00:00,380.82686606769954,384.05745244737994,379.8114271283571,383.6496,3891386,411.82
2021-09-16 00:00:00+00:00,383.13725526987906,383.99432307168394,380.3052051421761,382.9882,3351499,411.11
2021-09-17 00:00:00+00:00,382.2802173160067,382.680803385084,378.94510539206055,379.2339,5396095,407.08
2021-09-20 00:00:00+00:00,373.672284963664,375.09762613190816,368.51124570087154,373.0388,10942740,400.43
2021-09-21 00:00:00+00:00,375.11617979202083,376.27135801419854,372.1164427957204,372.6754,6418124,400.04
2021-09-22 00:00:00+00:00,374.65973988115877,378.0880111166131,373.8119880267393,376.2714,6004773,403.9
2021-09-23 00:00:00+00:00,377.95760187876124,382.2522570380156,377.7340189637459,380.8176,4098043,408.78
2021-09-24 00:00:00+00:00,379.31774626825575,382.0752689957505,379.1127952547257,381.4511,3417688,409.46
2021-09-27 00:00:00+00:00,380.48312304286065,381.553526152339,379.7089672691648,380.3704,3546600,408.3
2021-09-28 00:00:00+00:00,377.80853133903133,378.1066418803419,372.0140076923077,372.7686,8234309,400.14
2021-09-29 00:00:00+00:00,373.9540769789216,375.5336380638863,372.7951090822611,373.3559,4724166,399.46
2021-09-30 00:00:00+00:00,374.6551029665315,375.28131955375255,368.57052090263693,368.6266,9511155,394.4
2021-10-01 00:00:00+00:00,370.3333178823412,374.6551474994989,367.10316149027864,373.0382,8482196,399.12
2021-10-04 00:00:00+00:00,372.1034876842292,372.8699019811776,366.34603394130033,368.449,8820427,394.21
2021-10-05 00:00:00+00:00,369.7107641744548,374.1901751573208,368.9910824866848,372.0287,5523244,398.04
2021-10-06 00:00:00+00:00,368.86029717865983,373.879376859008,367.3742009604562,373.6831,6589951,399.81
2021-10-07 00:00:00+00:00,376.7300626931184,379.5153247737136,376.52443931804095,376.8983,4409195,403.25
2021-10-08 00:00:00+00:00,377.6366098934135,377.96196209592784,375.6738416507242,376.1879,3960919,402.49
2021-10-11 00:00:00+00:00,375.6458312994294,378.2908953749124,373.4494,373.4494,3695672,399.56
2021-10-12 00:00:00+00:00,374.37472648961784,374.72054760758357,371.869860013542,372.7017,6201264,398.76
2021-10-13 00:00:00+00:00,373.5241393860614,374.68310728927105,370.82299645035494,373.898,6492363,400.04
2021-10-14 00:00:00+00:00,377.31886598977286,380.3564838110925,376.87023320385487,380.1789,3788390,406.76
2021-10-15 00:00:00+00:00,382.19770195887105,383.4501350035372,381.5948517246847,383.1417,3501619,409.93
2021-10-18 00:00:00+00:00,381.52483783257935,384.5718024855294,380.8986211707767,384.3101,3402670,411.18
2021-10-19 00:00:00+00:00,385.7680714947633,387.3009,385.2072805782133,387.3009,2838262,414.38
2021-10-20 00:00:00+00:00,387.63738555734517,389.0206698574485,387.55326691747393,388.8057,3208156,415.99
2021-10-21 00:00:00+00:00,388.23561775017384,389.9740698880123,387.8289508011559,389.7591,2579450,417.01
2021-10-22 00:00:00+00:00,389.35715348424105,390.68435872200484,387.60000852156793,389.3665,3648855,416.59
2021-10-25 00:00:00+00:00,390.34793661134324,391.74991416358205,388.749682201791,391.3854,2511465,418.75
2021-10-26 00:00:00+00:00,392.8060097435286,393.98310991406424,391.48815104855066,391.7592,3085261,419.15
2021-10-27 00:00:00+00:00,392.2359384947165,392.82476907483294,390.01146741427647,390.0582,2873514,417.33
2021-10-28 00:00:00+00:00,391.41336648394673,393.8995395458105,391.38532693813625,393.8715,3643561,421.41
2021-10-29 00:00:00+00:00,391.7591988227212,394.9043013016391,391.4974963876255,394.5725,4637741,422.16
2021-11-01 00:00:00+00:00,395.53525123744237,395.89041888192884,393.7500664980498,395.4044,3937315,423.05
2021-11-02 00:00:00+00:00,395.4978364925004,397.18955593962653,395.3669852645459,396.9372,2989214,424.69
2021-11-03 00:00:00+00:00,396.42313349561147,399.7131071597426,396.00254027150385,399.3299,3562910,427.25
2021-11-04 00:00:00+00:00,399.890687757717,401.3113581921957,399.60094576121145,401.1992,4287284,429.25
2021-11-05 00:00:00+00:00,403.34890736226237,404.47983582456874,401.2459412133455,402.5638,4942933,430.71
2021-11-08 00:00:00+00:00,403.6573235257287,404.087263251629,402.3675043480277,403.0498,3511610,431.23
2021-11-09 00:00:00+00:00,403.3582590058643,403.53584281625245,400.34868074560177,401.6385,4696024,429.72
2021-11-10 00:00:00+00:00,400.11501246656974,401.64784112513496,397.04935514943935,398.4046,6350658,426.26
2021-11-11 00:00:00+00:00,399.75044695121954,399.8626051313321,398.52605348499065,398.5354,3634631,426.4
2021-11-12 00:00:00+00:00,399.7131153898084,402.0590909770235,398.84388937542195,401.4983,3655495,429.57
2021-11-15 00:00:00+00:00,402.7880888382158,402.83949467389533,400.63839025525283,401.6852,3122286,429.77
2021-11-16 00:00:00+00:00,401.4516082427389,404.32098903363385,401.4068384251872,403.2181,3266998,431.41
2021-11-17 00:00:00+00:00,403.05914687362036,403.1993446104514,401.7506346631967,402.246,3764856,430.37
2021-11-18 00:00:00+00:00,403.24604636687815,403.9283419673042,400.7785663872551,403.6386,4736823,431.86
2021-11-19 00:00:00+00:00,403.64801436492286,404.69482422920777,402.25519645442523,402.8816,4886525,431.05
2021-11-22 00:00:00+00:00,404.6387480472657,406.9566841920402,401.63851618245684,401.8161,4875928,429.91
2021-11-23 00:00:00+00:00,401.4983135061676,403.1059143610472,399.133644806839,402.3395,6801311,430.47
2021-11-24 00:00:00+00:00,400.5542847820546,403.5358233494775,399.7598309318008,403.3302,4569588,431.53
2021-11-26 00:00:00+00:00,397.40448718908425,398.6475737338324,393.3948320936182,394.5538,7702478,422.14
2021-11-29 00:00:00+00:00,398.8252345894579,400.94689398932684,396.8063868785694,399.3206,6300761,427.24
2021-11-30 00:00:00+00:00,397.04000019090347,398.7504126211044,391.27319981148287,391.6751,8657643,419.06
2021-12-01 00:00:00+00:00,396.7315863919467,399.303000014774,386.9177440541715,387.1701,8370491,414.24
2021-12-02 00:00:00+00:00,387.33833883869124,394.47907748240436,386.97382469326607,393.0771,10417670,420.56
2021-12-03 00:00:00+00:00,394.5351607907111,395.535238072162,385.79616772382684,389.6002,10228930,416.84
2021-12-06 00:00:00+00:00,392.00218986060406,395.974458778626,389.7496797212081,394.2547,7289493,421.82
2021-12-07 00:00:00+00:00,399.0775726172501,402.9283375223582,399.0401865502102,402.3582,4731920,430.49
2021-12-08 00:00:00+00:00,402.7881112925643,403.9003467083623,401.1898570396109,403.4891,4476542,431.7
2021-12-09 00:00:00+00:00,402.3301076406381,403.1339079764903,400.6010022670025,400.7412,5035427,428.76
2021-12-10 00:00:00+00:00,403.24614106503407,404.6668116899619,400.9188582649879,404.564,6238301,432.85
2021-12-13 00:00:00+00:00,404.1059829934034,404.38637848535,400.7318905736463,400.9749,5923878,429.01
2021-12-14 00:00:00+00:00,397.9746510361661,400.25520093876884,395.544556877655,398.2457,6522926,426.09
2021-12-15 00:00:00+00:00,398.264413067591,404.68546987868285,395.98386305025997,404.4705,6871253,432.75
2021-12-16 00:00:00+00:00,406.16220725678573,406.38652364518236,399.4233690887044,400.816,7159519,428.84
2021-12-17 00:00:00+00:00,398.02139136171917,400.7692671175098,395.0491992177007,396.6568,8883451,424.39
2021-12-20 00:00:00+00:00,391.983492884707,392.7592536303002,389.0954197474988,392.3667,9903413,419.8
2021-12-21 00:00:00+00:00,395.5401689022528,399.48009232070285,393.54206488289594,399.33,6916663,425.69
2021-12-22 00:00:00+00:00,399.10483072862155,403.4575076932021,398.98288072745873,403.3637,4992213,429.99
2021-12-23 00:00:00+00:00,404.22672692307697,407.21572142307696,404.1892038461539,405.8496,5032684,432.64
2021-12-27 00:00:00+00:00,407.1066877418473,411.6469807707208,407.0785454296848,411.6376,4986317,438.81
2021-12-28 00:00:00+00:00,412.07846159459945,412.93211165845645,410.5540864805692,411.328,4865844,438.48
2021-12-29 00:00:00+00:00,411.3467807111455,412.70699241475137,410.4462267556548,411.8252,4596686,439.01
2021-12-30 00:00:00+00:00,412.18168485734515,413.0916196176074,410.2398653174041,410.662,3751831,437.77
2021-12-31 00:00:00+00:00,410.1554308564492,411.234219469959,409.3674461300593,409.5363,5185608,436.57
2022-01-03 00:00:00+00:00,410.812038426864,412.0690615389869,408.66384221286285,412.0503,6017303,439.25
2022-01-04 00:00:00+00:00,413.29799637870957,413.93588878766485,410.1460574168129,411.8815,6262237,439.07
2022-01-05 00:00:00+00:00,411.60938447034783,412.20037292063347,403.8655596177959,403.9922,7539607,430.66
2022-01-06 00:00:00+00:00,403.5607692522321,406.0279120303199,401.4031919177827,403.4482,7971547,430.08
2022-01-07 00:00:00+00:00,403.57008465899816,404.64887315149684,400.74647303950167,402.0504,6157536,428.59
2022-01-10 00:00:00+00:00,399.03919593953697,401.67519232063177,393.7765839473869,401.5251,10481530,428.03
2022-01-11 00:00:00+00:00,401.19678417712726,405.20237309509474,398.4763607902172,405.0429,7282442,431.78
2022-01-12 00:00:00+00:00,406.71265772277,408.10101166093244,404.44251141847735,406.253,8270332,433.07
2022-01-13 00:00:00+00:00,407.2098584476703,407.8008469772887,399.70524219854826,400.6527,7521275,427.1
2022-01-14 00:00:00+00:00,397.69301733726564,401.10283311223463,396.6283000397912,400.7746,9960814,427.23
2022-01-18 00:00:00+00:00,396.4500614856816,398.66392298089295,391.48763465955113,393.7484,10697980,419.74
2022-01-19 00:00:00+00:00,395.0898693930128,396.3703444309345,389.36759999277683,389.6115,8184106,415.33
2022-01-20 00:00:00+00:00,391.33757343704355,395.633966002045,384.88360381974877,385.3245,8907603,410.76
2022-01-21 00:00:00+00:00,384.3395000670491,386.4187475882192,377.7260576920212,377.7542,16225930,402.69
2022-01-24 00:00:00+00:00,372.66047246828396,379.80861927442686,362.8857100378366,379.3302,22997840,404.37
2022-01-25 00:00:00+00:00,373.5140807940721,379.22696913833676,368.4132876295499,374.7242,16836330,399.46
2022-01-26 00:00:00+00:00,380.54034725010035,382.9187478723404,369.9213147330389,373.88,14377350,398.56
2022-01-27 00:00:00+00:00,377.97941277802994,380.83116721390024,370.3716073586523,371.9851,12455230,396.54
2022-01-28 00:00:00+00:00,373.1858293309703,381.1688653965441,368.9457208684094,381.1032,12096810,406.26
2022-01-31 00:00:00+00:00,380.54972195847137,388.3357615775098,379.3114602359255,388.0731,9200435,413.69
2022-02-01 00:00:00+00:00,388.68284206152885,391.21565007805185,385.45585703306995,390.6059,8154891,416.39
2022-02-02 00:00:00+00:00,393.03555356837,395.0993232419831,390.7466453849082,394.3301,6726476,420.36
2022-02-03 00:00:00+00:00,388.91730765483817,390.64336917606374,384.41453846903244,385.165,7658271,410.59
2022-02-04 00:00:00+00:00,384.9304922670416,390.4651462232134,382.7916768399108,386.9755,8210024,412.52
2022-02-07 00:00:00+00:00,387.64151919204204,388.9454460891137,384.51772310049614,385.6997,5620912,411.16
2022-02-08 00:00:00+00:00,385.2869500349828,389.73343460638375,384.00178466307995,388.8235,5565685,414.49
2022-02-09 00:00:00+00:00,392.6320846708039,394.8084230686925,392.4397789071974,394.527,6284459,420.57
2022-02-10 00:00:00+00:00,389.23633494118786,394.7428475724866,385.68102269712955,387.5947,9260462,413.18
2022-02-11 00:00:00+00:00,387.5665121622956,389.4895700103719,378.5797345112856,379.8649,10458590,404.94
2022-02-14 00:00:00+00:00,379.3864422922551,380.8498422625242,375.45590006441705,378.6266,10167580,403.62
2022-02-15 00:00:00+00:00,382.9042920555962,384.88363464033165,382.22887657644475,384.7054,6822294,410.1
2022-02-16 00:00:00+00:00,382.9229961762342,386.38449998782244,381.1594115784603,385.165,7743764,410.59
2022-02-17 00:00:00+00:00,382.25697318469116,382.71663088637837,376.38461152640224,376.9756,7540991,401.86
2022-02-18 00:00:00+00:00,377.24770046833123,378.335869889053,372.4166034711613,374.5648,10570830,399.29
2022-02-22 00:00:00+00:00,372.4635041780614,375.5779200800162,367.26186677554944,370.4654,10414740,394.92
2022-02-23 00:00:00+00:00,373.1107035507078,373.65478814883573,363.39222693587067,363.7956,12154860,387.81
2022-02-24 00:00:00+00:00,354.36798642862584,369.7618308200218,354.12408639561164,369.3866,21277221,393.77
2022-02-25 00:00:00+00:00,370.493469443547,377.59471153416007,369.03522891120116,377.454,11665230,402.37
2022-02-28 00:00:00+00:00,372.58543798086504,377.90433478672514,371.4785070759418,376.5066,11855940,401.36
2022-03-01 00:00:00+00:00,375.2402200485658,377.0319473061163,368.46730339960544,370.8594,9124412,395.34
2022-03-02 00:00:00+00:00,373.09198424242425,379.0769154992549,372.2101918628912,377.6698,8185168,402.6
2022-03-03 00:00:00+00:00,379.9399620500275,380.42776210994066,374.1801690348994,375.7749,8745268,400.58
2022-03-04 00:00:00+00:00,372.3508884456637,373.75462681129517,369.0113344616702,372.7355,6322478,397.34
2022-03-07 00:00:00+00:00,372.1633170483131,372.4165978579394,361.6849961463655,361.7319,8411483,385.61
2022-03-08 00:00:00+00:00,361.87261587666575,368.4203939221322,358.0077382910896,359.0021,9356075,382.7
2022-03-09 00:00:00+00:00,366.67558421990327,370.3997503817765,364.64933764316623,368.5705,5812598,392.9
2022-03-10 00:00:00+00:00,364.3866114585198,367.7355461792152,362.59488447910013,366.9288,6394788,391.15
2022-03-11 00:00:00+00:00,369.24585414336025,369.7804642045266,361.7975230577999,362.2478,5872799,386.16
2022-03-14 00:00:00+00:00,363.10142684822875,366.1013967840559,358.5798961757187,359.6024,6454976,383.34
2022-03-15 00:00:00+00:00,361.96642594001275,368.0733077957881,360.8125911193363,367.4917,5739361,391.75
2022-03-16 00:00:00+00:00,371.0094344710494,375.7467230780755,366.3659535592121,375.7092,7407331,400.51
2022-03-17 00:00:00+00:00,373.9550186527219,380.446511551269,373.6360724698453,380.3058,5177527,405.41
2022-03-18 00:00:00+00:00,378.9643646636903,384.8742500475737,378.27018765034524,384.5084,5874983,409.89
2022-03-21 00:00:00+00:00,384.461434617355,386.2531614866678,381.26259240565,384.5271,4159492,409.91
2022-03-22 00:00:00+00:00,385.737272722888,389.78976547133857,385.737272722888,388.9924,4231715,414.67
2022-03-23 00:00:00+00:00,386.63785819754236,388.0074507658857,383.9455769159358,383.9831,3742563,409.33
2022-03-24 00:00:00+00:00,385.80309660402884,389.7656988551278,384.78656205980394,389.6904,2977317,414.02
2022-03-25 00:00:00+00:00,390.41515651735074,391.8911082204652,387.98206222964524,391.667,3643255,416.12
2022-03-28 00:00:00+00:00,391.0834869567293,394.4248741497411,389.3798501062078,394.3684,3395334,418.99
2022-03-29 00:00:00+00:00,398.1050565038063,399.76163135591224,395.5543077258479,399.3569,5510554,424.29
2022-03-30 00:00:00+00:00,398.38748973319105,399.0934166275347,394.93315413020275,396.8721,4794334,421.65
2022-03-31 00:00:00+00:00,396.2320680998145,396.89093321530936,390.65995169448655,390.7729,5876639,415.17
2022-04-01 00:00:00+00:00,392.1941448981553,392.32403544244806,388.6080363926787,391.8553,4663067,416.32
2022-04-04 00:00:00+00:00,391.9775986900083,395.28133592473495,391.29049664403954,395.1778,5117208,419.85
2022-04-05 00:00:00+00:00,393.96361927362176,396.09081198089996,389.2009665750253,390.2928,4112033,414.66
2022-04-06 00:00:00+00:00,386.6219707060372,388.410318510939,383.685315363251,386.3396,5540716,410.46
2022-04-07 00:00:00+00:00,385.530179138487,389.95398734637484,383.77948057111,388.288,4954053,412.53
2022-04-08 00:00:00+00:00,387.64799548028094,389.8787245061114,385.88788439238937,387.3468,4752812,411.53
2022-04-11 00:00:00+00:00,384.4947661968348,385.02110517665676,380.18861306256184,380.6357,3342784,404.4
2022-04-12 00:00:00+00:00,383.3935495656706,385.6336906011119,377.78378461977564,379.2427,6615813,402.92
2022-04-13 00:00:00+00:00,378.91324519841953,384.21240204186813,378.82853398777826,383.5253,4358710,407.47
2022-04-14 00:00:00+00:00,383.7606257179768,384.75833557587197,378.6967775713008,378.8662,3735679,402.52
2022-04-18 00:00:00+00:00,377.9532148215306,380.4663142701011,376.9084431406642,378.9321,4305868,402.59
2022-04-19 00:00:00+00:00,378.922740927094,385.69022691066453,378.71566903329915,384.9843,3841510,409.02
2022-04-20 00:00:00+00:00,386.678507621541,387.2150120501089,383.71361472682344,384.6925,5067144,408.71
2022-04-21 00:00:00+00:00,388.146824457966,389.3704310145288,378.18854955917055,378.9886,4670153,402.65
2022-04-22 00:00:00+00:00,378.0661700148088,378.2685357044375,368.1173079711995,368.6444,6326437,391.66
2022-04-25 00:00:00+00:00,366.5359878415439,370.90181529263583,362.37572625698317,370.6586,8141182,393.8
2022-04-26 00:00:00+00:00,368.39964819365287,368.5784829743294,359.96617643122283,360.0603,8492984,382.54
2022-04-27 00:00:00+00:00,360.9639629233698,365.9054513336637,359.0814911480198,360.9922,6415702,383.53
2022-04-28 00:00:00+00:00,365.41593275169157,371.6939748181309,361.312145134049,370.0374,7036192,393.14
2022-04-29 00:00:00+00:00,366.53604784790076,368.4467565355163,355.787134935305,356.446,8221944,378.7
2022-05-02 00:00:00+00:00,356.5306702503412,359.8061704812638,350.4502876377664,358.6861,10737020,381.08
2022-05-03 00:00:00+00:00,359.19442819742375,362.4281381117759,357.66962610717735,360.2392,5607696,382.73
2022-05-04 00:00:00+00:00,360.8227192651012,371.7175229053609,357.9331255566263,371.1669,7367547,394.34
2022-05-05 00:00:00+00:00,367.28902408998925,367.37373530973224,354.23408389182373,358.1308,10477250,380.49
2022-05-06 00:00:00+00:00,355.79648879132503,358.87432937318164,351.0338363924887,355.8812,7959647,378.1
2022-05-09 00:00:00+00:00,350.4785836348729,351.60806666302267,343.0804698004919,344.3982,10793230,365.9
2022-05-10 00:00:00+00:00,350.0455525842329,351.28798369316326,341.58384374386657,345.2829,7870750,366.84
2022-05-11 00:00:00+00:00,344.4640279112293,349.537288316294,339.0989844401961,339.7202,8026944,360.93
2022-05-12 00:00:00+00:00,336.80712115485926,342.37453105503954,333.2163064855123,339.4567,7679237,360.65
2022-05-13 00:00:00+00:00,343.2969255011377,348.8031548055044,342.27248447979196,347.4666,5377437,369.16
2022-05-16 00:00:00+00:00,346.1018393377555,349.5279378806003,343.9746462864289,346.2242,4719840,367.84
2022-05-17 00:00:00+00:00,351.7021967537314,353.4905449147122,348.33257232409386,353.1517,4513309,375.2
2022-05-18 00:00:00+00:00,349.1796486706999,349.3490711106178,337.9036440583893,339.1649,6883570,360.34
2022-05-19 00:00:00+00:00,336.18116085547456,340.94381358086775,334.9387297097198,336.8965,6359477,357.93
2022-05-20 00:00:00+00:00,340.17198897268315,340.680256242668,329.2065932406011,336.9812,8755856,358.02
2022-05-23 00:00:00+00:00,339.87080315232583,344.0875391409227,337.7624351580275,343.3722,5254915,364.81
2022-05-24 00:00:00+00:00,339.64495632006185,341.86627292506483,334.7975916947374,340.8968,5567301,362.18
2022-05-25 00:00:00+00:00,339.3531413526835,345.5841220920044,339.0990076971523,343.7393,5704600,365.2
2022-05-26 00:00:00+00:00,344.9111664380068,352.14456384846693,344.7464501664608,350.5727,4248253,372.46
2022-05-27 00:00:00+00:00,352.90692292299633,359.42027414353066,352.7751499214248,359.3638,3911790,381.8
2022-05-31 00:00:00+00:00,357.8860796776233,360.352117414665,354.7705892541087,357.3684,5016514,379.68
2022-06-01 00:00:00+00:00,359.18501522709164,360.15448815936253,352.11633394422313,354.3753,4245818,376.5
2022-06-02 00:00:00+00:00,354.290553084843,361.1898112185586,352.21042205134887,361.1051,3273721,383.65
2022-06-03 00:00:00+00:00,356.8318636074608,358.2343047901653,354.3564137346333,355.26,2749538,377.44
2022-06-06 00:00:00+00:00,358.92143428805446,360.45564858509255,355.2317900890427,356.2295,2659482,378.47
2022-06-07 00:00:00+00:00,353.1140367794437,360.12624376848004,352.69048065258914,359.7121,2649857,382.17
2022-06-08 00:00:00+00:00,358.1402017249133,359.7685395671843,355.09059790470644,355.7777,3436443,377.99
2022-06-09 00:00:00+00:00,354.13052295854783,356.201241517204,347.33480114332156,347.4101,3021979,369.1
2022-06-10 00:00:00+00:00,341.6026581767941,342.3179972785888,337.1788505735898,337.2165,7629693,358.27
2022-06-13 00:00:00+00:00,328.5948466904721,330.2187608980143,322.90036981362135,324.2181,10399710,344.46
2022-06-14 00:00:00+00:00,326.01582299767165,326.9099969499417,320.556655710128,323.4086,7584190,343.6
2022-06-15 00:00:00+00:00,326.4393991449558,332.1056386434064,321.8744055290945,328.0395,7887624,348.52
2022-06-16 00:00:00+00:00,320.4719135609814,320.81075839439876,314.9092108790459,317.2623,8821869,337.07
2022-06-17 00:00:00+00:00,317.48820916111856,320.8390082023968,314.59861560585887,318.0906,7083981,337.95
2022-06-21 00:00:00+00:00,323.0227429136701,327.07946957224965,322.9474440429772,325.8841,5628348,346.23
2022-06-22 00:00:00+00:00,321.9779732561505,328.97135591895807,321.55893503791606,325.197,4876060,345.5
2022-06-23 00:00:00+00:00,327.2017465356744,329.0653931085842,323.91683414201015,328.6136,6708774,349.13
2022-06-24 00:00:00+00:00,331.3432504083333,338.86372471666664,331.28677625833336,338.8449,5458559,360.0
2022-06-27 00:00:00+00:00,339.78610400111535,339.92728936288864,336.55766539523216,337.5742,4608590,358.65
2022-06-28 00:00:00+00:00,338.92014353946996,341.5132478369906,330.2796,330.2796,8801780,350.9
2022-06-29 00:00:00+00:00,331.1889234326736,332.06785987873246,328.71277989646495,330.4423,3775861,349.64
2022-06-30 00:00:00+00:00,326.8887071725092,330.6312747693727,323.64703877421584,327.8338,7159599,346.88
2022-07-01 00:00:00+00:00,327.153401849104,331.56698628010497,324.7245127725145,331.1984,7481480,350.44
2022-07-05 00:00:00+00:00,326.5106818321654,331.82210371446473,323.9589311057938,331.7843,6180564,351.06
2022-07-06 00:00:00+00:00,331.94499775210744,335.2055684386797,329.7712839610592,332.9846,5450928,352.33
2022-07-07 00:00:00+00:00,334.57232589370625,338.6267742937063,334.56287496503495,337.8707,3737478,357.5
2022-07-08 00:00:00+00:00,336.36419159002486,339.33556329592204,335.0079834481793,337.6722,4791341,357.29
2022-07-11 00:00:00+00:00,335.3567978598726,336.04671574522297,333.1547311847134,333.8541,3491695,353.25
2022-07-12 00:00:00+00:00,333.2397927369353,335.4135066430469,329.25150026572186,330.7731,4080271,349.99
2022-07-13 00:00:00+00:00,325.8113633138133,331.72764553909747,325.46167890113674,329.2326,5603536,348.36
2022-07-14 00:00:00+00:00,324.55437534826154,328.8450974125028,322.3192304844002,328.3631,4624840,347.44
2022-07-15 00:00:00+00:00,332.4174884297054,334.6668092793989,330.59345933730685,334.5723,4520475,354.01
2022-07-18 00:00:00+00:00,337.3697969237781,337.9841072803919,330.70689228665833,331.8032,3544880,351.08
2022-07-19 00:00:00+00:00,335.460773411719,341.2636446576634,334.7992082859599,340.81,3620152,360.61
2022-07-20 00:00:00+00:00,340.8949938553951,344.24052806318196,339.7136277829825,342.9931,4270636,362.92
2022-07-21 00:00:00+00:00,342.46385710466734,346.4899527864917,340.2428888294825,346.4616,4603979,366.59
2022-07-22 00:00:00+00:00,346.5561196145905,347.6429764624914,341.1879918788713,343.305,4533862,363.25
2022-07-25 00:00:00+00:00,343.8625713484227,344.42962703996034,341.60379951046446,343.6452,3902230,363.61
2022-07-26 00:00:00+00:00,342.23701642867087,342.3220747835769,338.76862024345166,339.5246,2987190,359.25
2022-07-27 00:00:00+00:00,342.58667761894424,349.99620492323544,342.33197511785926,348.4179,4500264,368.66
2022-07-28 00:00:00+00:00,349.136237495982,353.37970484035145,345.8851177488482,352.8221,4345335,373.32
2022-07-29 00:00:00+00:00,354.15462325034974,358.8139307320679,353.39854901396546,357.9917,5246413,378.79
2022-08-01 00:00:00+00:00,355.4683079994704,359.14471903349664,354.825644888124,356.9143,4421369,377.65
2022-08-02 00:00:00+00:00,355.45888359318786,358.78277525678953,353.41748296953705,354.6083,4132588,375.21
2022-08-03 00:00:00+00:00,356.47963905319233,361.1200458183536,356.2150130054846,360.1466,3854779,381.07
2022-08-04 00:00:00+00:00,359.9669602122016,360.5812705570292,358.3697533156499,359.863,3410631,380.77
2022-08-05 00:00:00+00:00,355.9692406442444,359.7968668877309,355.86528042528556,359.1164,2852090,379.98
2022-08-08 00:00:00+00:00,360.81759898324725,362.82762273912124,357.78385050837636,358.7951,3455348,379.64
2022-08-09 00:00:00+00:00,358.20908168403236,358.5776678849104,356.39450346432545,357.3774,2360524,378.14
2022-08-10 00:00:00+00:00,363.85135049992226,365.02326580842356,362.0651247474486,364.8626,3650992,386.06
2022-08-11 00:00:00+00:00,367.51831130394237,369.2005768274361,364.23883862612024,364.8626,3575370,386.06
2022-08-12 00:00:00+00:00,366.64876186110473,371.1568546413019,365.8359820307128,371.1096,3664357,392.67
2022-08-15 00:00:00+00:00,369.0493412603018,373.0848881044757,369.0209884721694,372.6974,3203933,394.35
2022-08-16 00:00:00+00:00,371.64833277642765,375.09792186867145,370.89225845484,373.3495,3864849,395.04
2022-08-17 00:00:00+00:00,370.0605276341949,373.16988286945,368.86318959542746,370.7977,3222325,392.34
2022-08-18 00:00:00+00:00,370.8733450539957,372.38549365010795,369.69197896328296,371.9413,3258081,393.55
2022-08-19 00:00:00+00:00,369.24783997217355,369.48411322529114,365.9872690791508,366.8095,2899030,388.12
2022-08-22 00:00:00+00:00,362.37697425382953,362.4809344738643,358.27527102700424,359.0786,4153718,379.94
2022-08-23 00:00:00+00:00,358.71944829041786,360.9026128113128,357.7396705160405,358.228,2869184,379.04
2022-08-24 00:00:00+00:00,358.0957300560246,360.628579241958,357.41526311055003,359.3149,2241245,380.19
2022-08-25 00:00:00+00:00,360.7986810255878,364.5507,359.79688250849034,364.5507,2631290,385.73
2022-08-26 00:00:00+00:00,364.38061294998795,364.8531594588065,352.0566,352.0566,5153160,372.51
2022-08-29 00:00:00+00:00,349.4669740089177,352.56687847588165,348.53133211187674,349.7316,4953159,370.05
2022-08-30 00:00:00+00:00,350.9130402426031,351.0500787312515,344.03276301942464,345.9324,5044536,366.03
2022-08-31 00:00:00+00:00,347.42561449814133,348.54082416356886,343.17269628252797,343.2105,4062539,363.15
2022-09-01 00:00:00+00:00,341.2730554259204,344.6753899579982,338.82526474867547,344.269,6126838,364.27
2022-09-02 00:00:00+00:00,347.7468960049938,348.86210550977944,339.08039502288807,340.6587,4544223,360.45
2022-09-06 00:00:00+00:00,341.5187971049994,342.38828264113124,337.3981917381138,339.5152,5680313,359.24
2022-09-07 00:00:00+00:00,339.1560658936776,346.25843961933936,338.9957781246992,345.6016,4136951,365.68
2022-09-08 00:00:00+00:00,343.4230893919635,348.2477880403184,342.3787618686663,347.8603,3692037,368.07
2022-09-09 00:00:00+00:00,349.91122365217393,354.04127995986624,349.66549947826087,353.2285,2621561,373.75
2022-09-12 00:00:00+00:00,355.1848105012438,357.72711037950563,354.8918317048642,357.1128,2961354,377.86
2022-09-13 00:00:00+00:00,349.0606400962975,350.1853007388344,340.4981922346837,341.5377,5549174,361.38
2022-09-14 00:00:00+00:00,342.671736084691,344.17443358696545,339.78920314007655,342.8135,3555510,362.73
2022-09-15 00:00:00+00:00,341.32973024422887,343.98544112579464,337.77618116426896,338.9859,3807460,358.68
2022-09-16 00:00:00+00:00,335.09217908166136,336.9067576687462,333.3248551452819,336.3208,4452268,355.86
2022-09-19 00:00:00+00:00,333.4288115117544,338.9009,333.38155686159683,338.9009,3412645,358.59
2022-09-20 00:00:00+00:00,335.8671271358059,336.8122200705119,332.5150715149908,335.0827,3623962,354.55
2022-09-21 00:00:00+00:00,336.81219951767105,339.57187071861273,329.1853,329.1853,5102402,348.31
2022-09-22 00:00:00+00:00,328.4670023018791,329.402644172916,325.745135040681,326.4067,5555622,345.37
2022-09-23 00:00:00+00:00,323.29737759326326,323.29737759326326,316.899098692695,320.9819,10491490,339.63
2022-09-26 00:00:00+00:00,319.65872532259027,322.90039350062443,316.67223219064044,317.8725,5405686,336.34
2022-09-27 00:00:00+00:00,321.1331086585766,323.0705490563225,314.79153545424725,316.9747,5795659,335.39
2022-09-28 00:00:00+00:00,317.8092539943609,324.73878671287594,316.27146728148495,323.201,8683949,340.48
2022-09-29 00:00:00+00:00,320.0400774191613,320.18246511488394,313.7560337812706,316.4614,7230121,333.38
2022-09-30 00:00:00+00:00,315.69250302771854,319.1287927139811,311.46833476698146,311.6392,7736631,328.3
2022-10-03 00:00:00+00:00,314.9520858003442,321.4734421686747,313.34785111876073,319.8787,5738997,336.98
2022-10-04 00:00:00+00:00,324.77679654963856,329.7034101408369,324.76730403790214,329.5895,5109957,347.21
2022-10-05 00:00:00+00:00,325.70701390034907,330.9468795937797,323.5617065693431,329.0199,4755772,346.61
2022-10-06 00:00:00+00:00,327.66253771868446,330.32044114765574,325.1090519244227,325.5552,3879612,342.96
2022-10-07 00:00:00+00:00,321.8720943569436,322.1188996669967,314.81915799658,316.4139,5168076,333.33
2022-10-10 00:00:00+00:00,317.4960822179906,317.685932477935,311.98093216660624,314.0503,3933860,330.84
2022-10-11 00:00:00+00:00,312.49349564899893,316.63223088906466,310.2627553246516,311.9809,4968108,328.66
2022-10-12 00:00:00+00:00,312.4460694817482,313.80349885850325,310.8228497375168,311.0127,3235062,327.64
2022-10-13 00:00:00+00:00,304.5577183034917,320.5383603295461,303.636944750461,319.1572,6396891,336.22
2022-10-14 00:00:00+00:00,321.4354342552868,322.92575860642023,311.37811801308385,311.9714,4883998,328.65
2022-10-17 00:00:00+00:00,317.59091997626115,320.9417761424333,317.4865023620178,319.8976,3889516,337.0
2022-10-18 00:00:00+00:00,327.18792215150893,327.49168255271724,320.6238497316479,323.6662,4903278,340.97
2022-10-19 00:00:00+00:00,321.8340779539884,324.3306082307079,318.8534296388175,321.4259,4403233,338.61
2022-10-20 00:00:00+00:00,321.0082475955096,325.0425648095763,318.0465841348301,318.787,3459059,335.83
2022-10-21 00:00:00+00:00,318.4737896190753,326.9131077311718,317.17331542599595,326.4475,4362430,343.9
2022-10-24 00:00:00+00:00,327.9187772127898,331.5069462035681,325.46970948892533,330.4248,5639417,348.09
2022-10-25 00:00:00+00:00,330.3868683533569,336.06339032650175,330.3678833300353,335.7976,5203396,353.75
2022-10-26 00:00:00+00:00,332.9024069949588,338.09481123294694,332.65560167468885,333.2916,4277708,351.11
2022-10-27 00:00:00+00:00,334.1838884116485,335.8355855167082,330.90422548177423,331.507,4145263,349.23
2022-10-28 00:00:00+00:00,331.32664484862056,339.8129507303151,331.24121223907326,339.2434,4388078,357.38
2022-10-31 00:00:00+00:00,337.13604274404844,338.8067247894069,336.08237395407804,336.9367,6430961,354.95
2022-11-01 00:00:00+00:00,340.33504873557365,340.55812277806064,334.4117209691107,335.5793,8014279,353.52
2022-11-02 00:00:00+00:00,334.8767990130624,339.0012949927431,326.931567402032,327.017,5022535,344.5
2022-11-03 00:00:00+00:00,324.01741813220667,326.3620686940704,321.7012451075316,323.5333,4534774,340.83
2022-11-04 00:00:00+00:00,328.8300581227228,330.3583523220172,322.74535885720894,328.27,3655444,345.82
2022-11-07 00:00:00+00:00,329.44715728933954,331.96267324282525,327.5866247350633,331.4216,3316597,349.14
2022-11-08 00:00:00+00:00,332.43722160152686,335.9114805634685,329.466065713309,333.2251,3237196,351.04
2022-11-09 00:00:00+00:00,331.36459859830745,332.4467449326781,325.93307832582076,326.419,3570793,343.87
2022-11-10 00:00:00+00:00,338.4270203975847,344.5876603683587,336.42410046871987,344.2839,4603632,362.69
2022-11-11 00:00:00+00:00,345.2331496668123,348.394155986454,343.3821099300852,347.5778,4877385,366.16
2022-11-14 00:00:00+00:00,346.06848904245356,349.1250777214911,344.47374712295573,344.787,5274312,363.22
2022-11-15 00:00:00+00:00,349.9414805854404,350.978062971984,344.18901789088517,347.6348,4597800,366.22
2022-11-16 00:00:00+00:00,346.19185631741135,346.97024217477434,344.43574188311686,344.9958,2755123,363.44
2022-11-17 00:00:00+00:00,340.59128861171666,344.5686506498524,340.36821460719113,343.9991,3284424,362.39
2022-11-18 00:00:00+00:00,346.91329908513967,347.0367017253221,342.8979670238193,345.5179,2574370,363.99
2022-11-21 00:00:00+00:00,344.3598550715448,345.27929977651576,342.55627780596075,344.3029,2397875,362.71
2022-11-22 00:00:00+00:00,346.0115687489797,349.0206951733145,344.77754213963107,348.8878,2315964,367.54
2022-11-23 00:00:00+00:00,348.5744697977504,351.56451560918237,348.39648523009953,351.071,2590859,369.84
2022-11-25 00:00:00+00:00,350.64390700108163,351.5456956571119,350.3306540995132,351.0331,1423444,369.8
2022-11-28 00:00:00+00:00,348.2423211979668,349.6851831295508,344.7205989833768,345.48,3557001,363.95
2022-11-29 00:00:00+00:00,345.4609356527484,346.6474994687733,343.1352705733396,344.8724,2507770,363.31
2022-11-30 00:00:00+00:00,345.00536621805657,355.5800251248364,343.29671397100054,355.4851,4748832,374.49
2022-12-01 00:00:00+00:00,356.79500393816414,357.867657660063,353.1688648074972,355.5325,4608628,374.54
2022-12-02 00:00:00+00:00,350.90015035828884,355.8552409411765,350.90015035828884,355.0199,3595984,374.0
2022-12-05 00:00:00+00:00,352.4379493439321,353.301767847226,347.4164110115969,348.6979,3706993,367.34
2022-12-06 00:00:00+00:00,348.4606109051736,348.9542215120294,341.66492180040325,343.6574,3911040,362.03
2022-12-07 00:00:00+00:00,342.72710969197135,345.1571925082335,342.0246638778956,342.9929,3337977,361.33
2022-12-08 00:00:00+00:00,344.7015862458125,346.6190736586303,343.2492319182822,345.6983,3604516,364.18
2022-12-09 00:00:00+00:00,344.5781918012835,346.89455462121043,343.0027195562901,343.1733,4271355,361.52
2022-12-12 00:00:00+00:00,343.89469508017885,348.0714,343.23021929748006,348.0714,2946216,366.68
2022-12-13 00:00:00+00:00,357.97211924794937,358.048059343783,348.1862886485828,350.6439,6161825,369.39
2022-12-14 00:00:00+00:00,350.368647483386,353.88087721974074,345.764778774921,348.5271,4707115,367.16
2022-12-15 00:00:00+00:00,344.0750498171056,344.80597317175335,338.37005064641335,339.9553,5126752,358.13
2022-12-16 00:00:00+00:00,337.6002102469903,338.7212758152941,333.93705018934037,335.902,4533074,353.86
2022-12-19 00:00:00+00:00,336.1583138565035,336.357656600439,331.525968187908,333.0068,5538489,350.81
2022-12-20 00:00:00+00:00,332.35026869619924,334.9398252452312,331.16565387708414,333.5139,5068210,349.67
2022-12-21 00:00:00+00:00,335.9270500422654,339.50531216872355,335.4501519019442,338.5023,3832448,354.9
2022-12-22 00:00:00+00:00,335.7171579663342,335.97468291846474,328.4301556171586,333.7428,6462233,349.91
2022-12-23 00:00:00+00:00,332.80813891209823,335.68660073086653,331.30114077642315,335.6123,4571981,351.87
2022-12-27 00:00:00+00:00,335.50739726652773,335.77446023910744,332.7318499443604,334.277,4303215,350.47
2022-12-28 00:00:00+00:00,334.2292334748823,335.9269905537741,329.918075049831,330.1756,4464644,346.17
2022-12-29 00:00:00+00:00,332.7890923334563,336.80934404359795,332.3694219295507,336.032,4086575,352.31
2022-12-30 00:00:00+00:00,333.6284156998919,335.24986944839765,331.69554745204084,335.1068,5325447,351.34
2023-01-03 00:00:00+00:00,336.86266338209657,338.6379640787737,331.1484708963113,333.8191,4957334,349.99
2023-01-04 00:00:00+00:00,335.8316435562112,338.18132050565936,333.06563456355843,336.2227,3119087,352.51
2023-01-05 00:00:00+00:00,334.52495823438306,334.59172397177764,331.97832225090343,332.5506,3216538,348.66
2023-01-06 00:00:00+00:00,335.3452188171289,341.14429993550016,332.62680416326873,340.1142,3464777,356.59
2023-01-09 00:00:00+00:00,342.15531088036374,345.0166994808184,339.76261773266356,339.8662,3775322,356.33
2023-01-10 00:00:00+00:00,339.39889702677846,342.36520370886393,338.5595562292752,342.2889,3495719,358.87
2023-01-11 00:00:00+00:00,343.7576597936443,346.7144277672307,343.04231270326045,346.6572,5710532,363.45
2023-01-12 00:00:00+00:00,347.6396472465119,349.2324869384063,343.9389179024698,347.9544,4743460,364.81
2023-01-13 00:00:00+00:00,344.96969472779404,349.78541198525517,344.76872985828584,349.3088,3015160,366.23
2023-01-17 00:00:00+00:00,349.27067408592444,350.7299824541253,348.0116629447316,348.7747,4942003,365.67
2023-01-18 00:00:00+00:00,349.7284454924527,350.6727037111167,342.9660305729297,343.1091,3931803,359.73
2023-01-19 00:00:00+00:00,341.2301536876295,342.7514587388699,339.4084028112225,340.6388,3514877,357.14
2023-01-20 00:00:00+00:00,341.8882322179759,347.09595923125573,340.39077225261883,346.9052,3265062,363.71
2023-01-23 00:00:00+00:00,347.6683191340251,352.904661270169,346.8480542456674,351.1306,3243283,368.14
2023-01-24 00:00:00+00:00,349.6331203317471,351.578864842964,348.53625455336504,350.7586,2702380,367.75
2023-01-25 00:00:00+00:00,346.97203497879747,351.1496629770578,344.9499867239318,350.8826,3061683,367.88
2023-01-26 00:00:00+00:00,353.34337500336187,354.86944907345145,350.6250555660149,354.631,3460934,371.81
2023-01-27 00:00:00+00:00,353.75348346608735,357.74988966663983,353.629489956285,355.642,5549522,372.87
2023-01-30 00:00:00+00:00,353.04766463431196,355.08878850927465,350.8634713288613,351.1973,3280594,368.21
2023-01-31 00:00:00+00:00,351.57886374517994,356.281079632605,351.31180077388603,356.1857,4181686,373.44
2023-02-01 00:00:00+00:00,355.2318770640744,362.59518414960405,352.6757031017403,360.0867,4941692,377.53
2023-02-02 00:00:00+00:00,363.6347844962657,366.648780349402,361.8702616075625,365.2467,5207926,382.94
2023-02-03 00:00:00+00:00,360.7543463402402,365.4947135805728,360.33467600105587,361.3457,6472509,378.85
2023-02-06 00:00:00+00:00,359.1758273177401,360.4682212525885,357.6926741305155,359.2569,2880098,376.66
2023-02-07 00:00:00+00:00,358.4270481678549,365.06241709383517,357.3111066942755,363.8923,4504633,381.52
2023-02-08 00:00:00+00:00,362.1469213308952,363.3296287565591,359.3236842502783,359.9055,2921503,377.34
2023-02-09 00:00:00+00:00,363.36774199834275,363.39635588463284,355.7169610820881,356.8247,3327715,374.11
2023-02-10 00:00:00+00:00,355.76603141165805,358.04560464241905,355.00299434696814,357.6927,3256705,375.02
2023-02-13 00:00:00+00:00,358.29260015131143,361.90844166073543,357.86434564386445,361.8226,2980600,379.35
2023-02-14 00:00:00+00:00,360.4968546082645,363.7969898525883,358.10282586165977,361.6891,4718037,379.21
2023-02-15 00:00:00+00:00,359.72425846299404,362.94808981286786,358.94214553195957,362.9004,2831621,380.48
2023-02-16 00:00:00+00:00,358.3030842186626,361.8988959300621,357.75942037900796,357.8548,3077501,375.19
2023-02-17 00:00:00+00:00,355.9366981946448,357.14897311741754,354.16359112821334,356.9296,3285327,374.22
2023-02-21 00:00:00+00:00,353.286104201314,354.1779036274162,349.54722318492867,349.8429,3109176,366.79
2023-02-22 00:00:00+00:00,350.2149268582972,351.5693176098054,347.98304350722026,349.4042,3872004,366.33
2023-02-23 00:00:00+00:00,352.01761670967215,352.49451488171223,347.3058627699161,351.1592,2867193,368.17
2023-02-24 00:00:00+00:00,346.5237074705543,348.1642369821266,345.0167094308541,347.4012,4055007,364.23
2023-02-27 00:00:00+00:00,350.5105925469917,351.73145177706635,347.7480170204383,348.603,3300148,365.49
2023-02-28 00:00:00+00:00,348.1452167421933,349.90974004559064,347.2295722171871,347.2868,3022200,364.11
2023-03-01 00:00:00+00:00,346.5523258944815,347.6682674954518,344.74965100060643,346.0182,3764724,362.78
2023-03-02 00:00:00+00:00,344.1392334400394,349.4328027579414,343.87217048346054,348.603,2730814,365.49
2023-03-03 00:00:00+00:00,350.3198526583711,354.49748056722694,349.7571128258996,354.1255,4913599,371.28
2023-03-06 00:00:00+00:00,355.0602120409975,357.1394879832136,354.1445675893794,354.5547,2638325,371.73
2023-03-07 00:00:00+00:00,354.45934956008523,354.70733661948736,348.50289115252195,349.0704,3546141,365.98
2023-03-08 00:00:00+00:00,349.1943296685309,350.328107220843,347.601490001364,349.614,2906258,366.55
2023-03-09 00:00:00+00:00,350.3770089484216,351.836317029791,342.2697418297021,343.214,4409629,359.84
2023-03-10 00:00:00+00:00,342.72765316623435,344.54940425171986,336.8236535750536,338.2925,8360402,354.68
2023-03-13 00:00:00+00:00,334.55359622684136,342.09812509602347,333.5997999096249,337.7202,6478693,354.08
2023-03-14 00:00:00+00:00,342.2984000444494,344.8068841954662,339.19856221524617,343.3285,4798811,359.96
2023-03-15 00:00:00+00:00,338.082648029295,341.3446314865545,336.27520397914685,341.2111,6610393,357.74
2023-03-16 00:00:00+00:00,339.1127152806024,347.4298184961248,338.5881273484307,347.0483,5049842,363.86
2023-03-17 00:00:00+00:00,345.9991332444148,346.98154339779927,341.8597528321107,343.2522,5189907,359.88
2023-03-20 00:00:00+00:00,343.8149022113293,346.78120827251945,343.19493470657886,346.352,3099753,363.13
2023-03-21 00:00:00+00:00,349.4900573339133,351.3881120637165,348.02121096009574,350.8826,4117629,367.88
2023-03-22 00:00:00+00:00,350.7871773785173,354.0672826126375,344.9499444524297,345.0644,4094840,361.78
2023-03-23 00:00:00+00:00,347.63968524156195,351.2698340618796,343.4811332561218,345.8847,4787193,362.64
2023-03-24 00:00:00+00:00,344.7616464792606,348.2573407112993,342.59718922873805,348.1903,3740941,363.56
2023-03-27 00:00:00+00:00,350.2637386107755,350.9389342788884,348.03702949253073,348.7649,4144795,364.16
2023-03-28 00:00:00+00:00,348.1711544894367,348.8032526408451,346.39170242077466,348.152,2413653,363.52
2023-03-29 00:00:00+00:00,351.8679355556158,353.3428310938729,350.8048614988202,353.1034,3636069,368.69
2023-03-30 00:00:00+00:00,355.53602629351025,355.7754573916795,353.49798878589337,355.2104,3316742,370.89
2023-03-31 00:00:00+00:00,356.06276249634374,360.42998557715316,355.9382583295663,360.1714,4159844,376.07
2023-04-03 00:00:00+00:00,359.72126030299825,361.9336035173218,359.3573250556203,361.5984,3525296,377.56
2023-04-04 00:00:00+00:00,362.20181955357856,362.4029416935247,358.31345818128545,359.5585,2713278,375.43
2023-04-05 00:00:00+00:00,358.8689676652782,359.54895209868636,357.12590897682367,358.687,3227735,374.52
2023-04-06 00:00:00+00:00,357.8728882963161,360.28156524138853,356.96305008644777,360.0565,3076223,375.95
2023-04-10 00:00:00+00:00,357.7579941013923,360.4779317355723,357.19293663513656,360.4492,2671117,376.36
2023-04-11 00:00:00+00:00,360.9663850322786,361.79002815015536,359.80753831991706,360.4971,3069001,376.41
2023-04-12 00:00:00+00:00,362.40295857672504,362.6136579712464,358.4954425328745,359.0605,3624173,374.91
2023-04-13 00:00:00+00:00,360.0181837691235,364.0980897648577,359.57265037259396,363.715,2680870,379.77
2023-04-14 00:00:00+00:00,363.23616285390113,365.2090752790311,360.7939654344442,362.968,2981653,378.99
2023-04-17 00:00:00+00:00,362.8242769958977,364.24170897233614,361.71331679814875,364.2034,2721004,380.28
2023-04-18 00:00:00+00:00,365.697541914122,365.76937125532135,363.20745808587793,364.4525,3019268,380.54
2023-04-19 00:00:00+00:00,362.71897327078733,365.20905678807947,362.6615098050037,364.4333,2671311,380.52
2023-04-20 00:00:00+00:00,361.8091425747284,364.0023315643418,361.0046540370536,362.3742,2953173,378.37
2023-04-21 00:00:00+00:00,362.67109520061285,363.0733394701393,360.88972772128164,362.5849,2762306,378.59
2023-04-24 00:00:00+00:00,362.47958802395215,363.4277353293414,361.2824323353294,363.0638,2310373,379.09
2023-04-25 00:00:00+00:00,361.2345158402573,361.73253256499595,357.25038204234784,357.327,3795428,373.1
2023-04-26 00:00:00+00:00,357.86334846004735,358.8402274822313,355.2966467154857,355.7372,3766896,371.44
2023-04-27 00:00:00+00:00,358.08359569177156,363.1020718249254,357.87289631213537,362.7956,4302377,378.81
2023-04-28 00:00:00+00:00,362.05812522968193,365.96564070671377,362.0198162544169,365.8986,3386907,382.05
2023-05-01 00:00:00+00:00,365.59213653579195,367.42139014641555,365.3910144110637,365.6496,3069297,381.79
2023-05-02 00:00:00+00:00,364.9505222007364,364.9984084289158,358.8306622394109,361.5506,4311590,377.51
2023-05-03 00:00:00+00:00,361.9336047455186,364.12679348058043,358.7635371852326,359.0317,5513039,374.88
2023-05-04 00:00:00+00:00,358.03573167087654,358.29431728919224,355.239176095018,356.4076,4421484,372.14
2023-05-05 00:00:00+00:00,359.8553503232446,364.02145128110396,359.5584557722247,362.9488,3139394,378.97
2023-05-08 00:00:00+00:00,363.3702766496123,363.571398807954,361.9049580674086,363.15,2957618,379.18
2023-05-09 00:00:00+00:00,361.7421131615193,362.5753334587063,361.3781778592996,361.5793,2271049,377.54
2023-05-10 00:00:00+00:00,364.20341955220334,364.73016795010415,359.7595785226403,363.1595,3512947,379.19
2023-05-11 00:00:00+00:00,362.46993237468973,362.8625993556224,360.7460285559605,362.6519,2676622,378.66
2023-05-12 00:00:00+00:00,363.7916315615497,363.9448674732249,359.94636790294857,362.1635,2531015,378.15
2023-05-15 00:00:00+00:00,362.72853843356353,363.78203527117483,360.97590278553736,363.4181,3882561,379.46
2023-05-16 00:00:00+00:00,362.3933230879427,363.2456977742406,360.975891025335,361.0142,2277616,376.95
2023-05-17 00:00:00+00:00,362.83391637173946,365.9369436623411,361.330288950059,365.324,3222645,381.45
2023-05-18 00:00:00+00:00,365.14202019315644,369.26981253180327,364.8930118386209,368.8963,3340620,385.18
2023-05-19 00:00:00+00:00,369.700800483657,370.19881720883063,367.22987134721893,368.3121,3649043,384.57
2023-05-22 00:00:00+00:00,368.39827307032596,369.9019004002287,367.25858101772445,368.5132,2784012,384.78
2023-05-23 00:00:00+00:00,366.9904332685029,367.87153976555925,364.0119102186711,364.395,2887264,380.48
2023-05-24 00:00:00+00:00,362.8913873500517,363.2170136774091,360.6503120382385,361.6655,3611592,377.63
2023-05-25 00:00:00+00:00,364.8834407119605,366.11890526094714,362.9009510868424,364.8164,3315872,380.92
2023-05-26 00:00:00+00:00,365.50592594397074,370.22750705418923,365.4053648858424,369.5571,3042792,385.87
2023-05-30 00:00:00+00:00,371.3672724578357,371.84613473406046,368.49409880048705,369.6721,3968451,385.99
2023-05-31 00:00:00+00:00,368.06304422621065,368.87710992211316,366.2529452082628,367.6608,4205348,383.89
2023-06-01 00:00:00+00:00,367.95776829991996,372.14302454008305,366.77976711561786,371.1853,3563555,387.57
2023-06-02 00:00:00+00:00,373.58913638814016,377.3051070843717,373.0719652087678,376.6347,7368902,393.26
2023-06-05 00:00:00+00:00,376.9028333044586,378.0808342318471,375.2268157248408,375.9068,4011778,392.5
2023-06-06 00:00:00+00:00,375.4758672039867,377.1423077318146,374.86292356156724,376.6826,2894663,393.31
2023-06-07 00:00:00+00:00,377.0273451788174,378.0712647211877,374.98739231161676,375.4471,3942893,392.02
2023-06-08 00:00:00+00:00,375.3896840226183,378.04258080989933,374.74800862641683,377.6978,3460351,394.37
2023-06-09 00:00:00+00:00,378.3490544895325,380.1495765055819,377.4200617472091,378.3299,3062868,395.03
2023-06-12 00:00:00+00:00,379.2396986705463,381.8303431094165,378.58844609441627,381.8064,3797245,398.66
2023-06-13 00:00:00+00:00,383.10793236512245,384.86152562984375,382.51510099927725,384.3252,3913085,401.29
2023-06-14 00:00:00+00:00,384.63167724352587,386.38048191135454,381.6148455328685,384.6221,5161278,401.6
2023-06-15 00:00:00+00:00,384.04748469575907,390.6845147928703,383.9421350116779,389.5544,5284984,406.75
2023-06-16 00:00:00+00:00,391.4123718247995,391.4794125305367,387.77301922763723,388.1178,5141885,405.25
2023-06-20 00:00:00+00:00,386.43224969259757,387.22716100947,384.2965241063018,386.3269,4246881,403.38
2023-06-21 00:00:00+00:00,385.3021058229678,386.0203991275519,383.73143779694396,384.2103,3423543,401.17
2023-06-22 00:00:00+00:00,383.3579475150883,385.6947952015499,383.041898442739,385.6086,3141021,402.63
2023-06-23 00:00:00+00:00,382.4481371312029,384.3156999674682,382.06504731863566,382.7163,4215307,399.61
2023-06-26 00:00:00+00:00,382.17034234596446,383.9134007437934,380.9157233892854,381.136,3250700,397.96
2023-06-27 00:00:00+00:00,381.9405235976837,385.89592571016726,381.54785655988263,385.3596,4302361,402.37
2023-06-28 00:00:00+00:00,384.382730592473,386.4274724133648,383.76978690845857,385.532,4320672,402.55
2023-06-29 00:00:00+00:00,385.1725557129016,387.16283826488785,384.7783451591265,387.009,3914849,402.51
2023-06-30 00:00:00+00:00,389.7877004026714,392.4990997986644,389.68193659644476,391.5953,5173692,407.28
2023-07-03 00:00:00+00:00,391.2492022643729,392.3453,391.01844484634614,392.3453,2372019,408.06
2023-07-05 00:00:00+00:00,390.3742023897827,392.13372750092105,390.3742023897827,391.4703,4234124,407.15
2023-07-06 00:00:00+00:00,388.2301255379739,388.77817440507147,386.09561942401507,388.2782,6040271,403.83
2023-07-07 00:00:00+00:00,387.5090084936335,391.01748273126657,387.2013319367569,387.3744,3673249,402.89
2023-07-10 00:00:00+00:00,387.1244044458747,388.54740849072954,386.5763555907617,388.4128,3362277,403.97
2023-07-11 00:00:00+00:00,389.18193454840616,391.32605519480524,388.22044546930346,390.903,3181871,406.56
2023-07-12 00:00:00+00:00,394.39324034068727,395.2970401552128,393.0471555105428,393.9798,4246359,409.76
2023-07-13 00:00:00+00:00,395.69127680464777,397.8738573517308,395.2970662212539,397.1912,3273427,413.1
2023-07-14 00:00:00+00:00,397.99884237226547,398.7391890617051,396.21047244712554,396.8739,3680945,412.77
2023-07-17 00:00:00+00:00,396.758477004418,399.2578679191715,396.7392472224234,398.2584,2968267,414.21
2023-07-18 00:00:00+00:00,397.9699772972325,401.8351637115131,397.61422630885346,401.2775,3597284,417.35
2023-07-19 00:00:00+00:00,401.96983192588164,403.2197680167364,401.4121681315003,402.1429,3494916,418.25
2023-07-20 00:00:00+00:00,401.22945080862536,402.05633153638814,398.84495754716977,399.518,4084997,415.52
2023-07-21 00:00:00+00:00,401.046793490868,401.229476454027,399.47956596481947,399.5661,3176713,415.57
2023-07-24 00:00:00+00:00,400.5371830781396,401.99864670644337,399.9939416636714,401.2583,3471126,417.33
2023-07-25 00:00:00+00:00,401.01789605313456,403.4889231770833,401.00578128980317,402.4409,3949308,418.56
2023-07-26 00:00:00+00:00,401.5371511536808,403.7197318086275,400.53720230736155,402.5371,6138837,418.66
2023-07-27 00:00:00+00:00,405.5464899620028,405.8926260401135,398.94105980472324,399.8064,4149443,415.82
2023-07-28 00:00:00+00:00,402.7967000857408,404.4216169528663,402.05635334746466,403.7005,2702729,419.87
2023-07-31 00:00:00+00:00,404.1331638680232,404.75813188409245,402.9120725135495,404.4793,3454537,420.68
2023-08-01 00:00:00+00:00,403.11392130764466,403.90234237207306,402.431264044542,403.2293,3137275,419.38
2023-08-02 00:00:00+00:00,400.4218038687526,400.6525612834587,396.97967243272,397.6431,4979068,413.57
2023-08-03 00:00:00+00:00,395.8258278564501,398.2391654679923,395.2585492943744,396.5181,3028199,412.4
2023-08-04 00:00:00+00:00,398.2007139358643,400.1030201353623,394.2393788123203,394.5759,5717266,410.38
2023-08-07 00:00:00+00:00,396.4123345392195,398.2872382534776,395.78736663446676,398.1334,2597977,414.08
2023-08-08 00:00:00+00:00,395.90281070120545,396.84507015935384,393.36928654587786,396.4124,3780086,412.29
2023-08-09 00:00:00+00:00,396.7681313978757,396.8354356415578,393.1048575631791,393.7779,3145934,409.55
2023-08-10 00:00:00+00:00,395.94129349178843,399.0661337148295,392.88375751970517,394.0087,4588326,409.79
2023-08-11 00:00:00+00:00,392.2395257443638,394.60478921618915,391.6530173224884,393.6433,2918862,409.41
2023-08-14 00:00:00+00:00,392.82599438453315,395.88352978237634,392.58562210482853,395.8643,2772912,411.72
2023-08-15 00:00:00+00:00,394.29710159459455,395.857117804054,390.7588213783784,391.3261,4686119,407.0
2023-08-16 00:00:00+00:00,390.9318717790044,392.39333528057625,388.3166213025075,388.432,3353653,403.99
2023-08-17 00:00:00+00:00,389.7203646111998,389.96073687861843,384.95137882561386,385.2879,7102504,400.72
2023-08-18 00:00:00+00:00,382.8361515595004,386.5378849485153,382.52847501807577,385.6437,4157667,401.09
2023-08-21 00:00:00+00:00,386.6532174765938,388.8165679001337,384.5860159607668,388.1916,3292434,403.74
2023-08-22 00:00:00+00:00,389.73968063386405,389.7877550979856,386.57638089466235,387.1052,2648051,402.61
2023-08-23 00:00:00+00:00,388.01855186140807,391.9702721710284,387.9320178400295,391.278,3249964,406.95
2023-08-24 00:00:00+00:00,392.86451422025203,393.3250675788215,385.9417915027145,386.0764,3458791,401.54
2023-08-25 00:00:00+00:00,387.55703219198415,390.17228258287975,384.3168138767936,388.6339,4417835,404.2
2023-08-28 00:00:00+00:00,390.71075539497616,391.74916374182766,389.4992789903161,391.1915,3236711,406.86
2023-08-29 00:00:00+00:00,391.1145733375339,397.07580632512605,390.912660607309,396.7489,3482664,412.64
2023-08-30 00:00:00+00:00,397.1239192513755,399.0461286293078,396.5181810020271,398.4027,3004516,414.36
2023-08-31 00:00:00+00:00,399.0007356262234,400.09491040282245,397.7296468259914,397.8931,4751131,413.83
2023-09-01 00:00:00+00:00,400.42180615852044,400.82563163656533,397.29696614983965,398.7392,3587971,414.71
2023-09-05 00:00:00+00:00,398.24883598934366,398.5084380794382,396.87390640106565,396.9989,4426687,412.9
2023-09-06 00:00:00+00:00,396.22965262772834,396.2584973003292,392.1240942275332,394.2586,3744068,410.05
2023-09-07 00:00:00+00:00,391.48952804833306,393.66249347650614,391.18665897316737,393.0856,2245759,408.83
2023-09-08 00:00:00+00:00,393.076051105303,395.01825946896605,392.75875963995213,393.6241,4125223,409.39
2023-09-11 00:00:00+00:00,396.01820214521456,396.4989467821782,394.48943419967003,396.2105,3346563,412.08
2023-09-12 00:00:00+00:00,394.8836360797326,396.2777954961329,393.5279362334399,394.0856,7595296,409.87
2023-09-13 00:00:00+00:00,394.23942345071276,395.5566636773486,393.2394746655294,394.5471,2529748,410.35
2023-09-14 00:00:00+00:00,396.7777682242088,398.5469084416526,395.5759066634453,397.9604,3660901,413.9
2023-09-15 00:00:00+00:00,396.46046115868273,396.7777525982287,392.74911280520627,392.9991,4004030,408.74
2023-09-18 00:00:00+00:00,392.8452915369388,394.53751267626285,392.441466037782,393.4318,3014571,409.19
2023-09-19 00:00:00+00:00,392.49907663638373,393.0615477544874,390.08573901853714,392.6433,3629773,408.37
2023-09-20 00:00:00+00:00,393.69141250772464,394.056778445186,388.758972351996,388.9705,4009415,404.55
2023-09-21 00:00:00+00:00,386.32637826698834,386.5667505780056,382.3746574738641,382.5958,4633139,397.92
2023-09-22 00:00:00+00:00,383.4370324377772,384.9090721992141,381.28329692790214,381.6727,7206528,396.96
2023-09-25 00:00:00+00:00,380.5189558515842,383.28727548390657,380.14397507338,383.2592,3227900,398.61
2023-09-26 00:00:00+00:00,380.48050804562587,381.09586113657195,376.8653086363173,377.6345,5734734,392.76
2023-09-27 00:00:00+00:00,378.6728742268041,379.2016932416953,374.4519369988545,377.721,4837698,392.85
2023-09-28 00:00:00+00:00,377.25051793516917,381.49720424753576,376.72933370592415,379.924,4065775,393.64
2023-09-29 00:00:00+00:00,382.80011090909096,382.91592961038964,377.66548181818183,379.0167,5766585,392.7
2023-10-02 00:00:00+00:00,378.2446298927852,380.039723506303,376.38187884483153,378.9878,5886153,392.67
2023-10-03 00:00:00+00:00,376.9706477813056,378.27360844110586,372.5791877797568,373.8918,6886663,387.39
2023-10-04 00:00:00+00:00,374.21995829489543,377.2312451952644,372.93630073800733,376.6425,4333740,390.24
2023-10-05 00:00:00+00:00,376.30469687876683,377.1722756625888,373.4671380575004,376.324,3329091,389.91
2023-10-06 00:00:00+00:00,374.18127917427006,382.2837627014902,372.94626572323597,380.8119,4897219,394.56
2023-10-09 00:00:00+00:00,379.1132652886528,383.83287798534707,378.6403388630127,383.3503,2959502,397.19
2023-10-10 00:00:00+00:00,383.91012061166214,387.6838807534315,383.5409484238803,385.3289,3289640,399.24
2023-10-11 00:00:00+00:00,386.3229970319008,387.1144249619634,384.12244132392186,386.96,4181784,400.93
2023-10-12 00:00:00+00:00,387.49086198936067,387.7997119341564,382.39483790023087,384.634,3872929,398.52
2023-10-13 00:00:00+00:00,385.8789784849402,386.9889077644922,381.1979723929166,382.6071,3772219,396.42
2023-10-16 00:00:00+00:00,384.6821881943231,387.60661057992365,384.46020233667025,386.6125,5150941,400.57
2023-10-17 00:00:00+00:00,383.77498972989173,388.4752995656299,383.46372691222734,386.6222,4214609,400.58
2023-10-18 00:00:00+00:00,384.9910220155862,385.8789654091392,380.48374413744244,381.4489,7329261,395.22
2023-10-19 00:00:00+00:00,382.17283979125733,383.7460441472938,377.50631030571367,378.2157,6708903,391.87
2023-10-20 00:00:00+00:00,377.74273460812935,378.1674032248895,373.36092660792264,373.5057,7549614,386.99
2023-10-23 00:00:00+00:00,372.04832055085296,376.35291614506485,370.4751163314437,372.8494,5537131,386.31
2023-10-24 00:00:00+00:00,374.75075651593005,376.66176531860225,373.08103670349436,375.6387,4451513,389.2
2023-10-25 00:00:00+00:00,374.09445675119235,374.17166922936593,369.7705579734696,370.34,5471214,383.71
2023-10-26 00:00:00+00:00,369.2976160501319,370.0379871691557,364.9737174538258,365.7941,6959401,379.0
2023-10-27 00:00:00+00:00,367.2707502332238,367.61820633414607,362.84551072564403,364.1726,5638752,377.32
2023-10-30 00:00:00+00:00,366.67244564761955,369.46174671345517,365.5142583538469,368.5545,5795761,381.86
2023-10-31 00:00:00+00:00,369.02741598771377,371.08319837571906,367.2997866569487,370.784,4523160,384.17
2023-11-01 00:00:00+00:00,371.67193355818745,375.5229060968074,371.21831022657057,374.8666,5549159,388.4
2023-11-02 00:00:00+00:00,378.2735498054475,382.11448420395175,378.2638982465006,381.9894,4752164,395.78
2023-11-03 00:00:00+00:00,384.0548629280994,386.8827699153816,383.9776504506309,385.5219,5981435,399.44
2023-11-06 00:00:00+00:00,386.17823595612305,386.7698766105295,384.5760769246146,386.2651,4007105,400.21
2023-11-07 00:00:00+00:00,386.31333154432656,388.0313091842329,385.31922088752685,387.3557,3358578,401.34
2023-11-08 00:00:00+00:00,387.983049911619,388.4777888637936,385.63772089526225,387.6742,3731858,401.67
2023-11-09 00:00:00+00:00,388.7745006472005,388.8420615693358,384.3347829068834,384.7498,4145615,398.64
2023-11-10 00:00:00+00:00,386.63178449340506,390.99332380822995,385.2323085017042,390.753,3994439,404.86
2023-11-13 00:00:00+00:00,389.5272659339844,391.36106212634445,388.7840958981333,390.3573,2872941,404.45
2023-11-14 00:00:00+00:00,395.7525599534229,399.1016512202222,395.60353986939015,397.8566,6973115,412.22
2023-11-15 00:00:00+00:00,399.1305654725019,400.269449419055,398.00133308481793,398.7252,4414807,413.12
2023-11-16 00:00:00+00:00,398.35845032632346,399.52628897752,397.4029459753445,399.285,3798889,413.7
2023-11-17 00:00:00+00:00,399.5166922642466,400.3370749004369,398.4839752986894,399.8738,4700139,414.31
2023-11-20 00:00:00+00:00,399.56496310519134,403.6282701770357,399.5552150288432,402.8851,3524412,417.43
2023-11-21 00:00:00+00:00,401.89090935293274,402.31557794110586,400.8292378824999,401.833,5248187,416.34
2023-11-22 00:00:00+00:00,403.5027390849955,404.6995324365045,402.5279315970728,403.5703,3694064,418.14
2023-11-24 00:00:00+00:00,403.6185719267634,403.9081187154911,403.28076733991446,403.7923,1351272,418.37
2023-11-27 00:00:00+00:00,403.2324733813811,403.944082808663,402.6919860908917,403.0877,3632552,417.64
2023-11-28 00:00:00+00:00,402.71137513455324,404.64168729817004,402.1901908503767,403.4835,3382442,418.05
2023-11-29 00:00:00+00:00,405.42249066757626,406.4465212504189,402.8223602338552,403.2229,4092618,417.78
2023-11-30 00:00:00+00:00,403.95636589413454,405.07594678111593,402.0550086981402,404.7864,4405690,419.4
2023-12-01 00:00:00+00:00,404.236277392974,407.6529295477173,403.6764869269426,407.1607,4973625,421.86
2023-12-04 00:00:00+00:00,404.06257990660885,405.24007028636777,402.9526504502787,405.1146,5806079,419.74
2023-12-05 00:00:00+00:00,403.76335190772386,405.8191341412264,403.435198875146,404.9891,3419283,419.61
2023-12-06 00:00:00+00:00,406.91943512420426,406.9773444861915,402.9140375867515,403.3001,4201801,417.86
2023-12-07 00:00:00+00:00,405.1820942250612,406.97728418065685,404.6705616033054,406.4561,3248251,421.13
2023-12-08 00:00:00+00:00,405.7226520523976,408.6181202260475,405.51031771966325,408.1838,5125278,422.92
2023-12-11 00:00:00+00:00,407.69151475880915,409.91137338892025,407.50813513284345,409.7666,5247086,424.56
2023-12-12 00:00:00+00:00,409.4384678604073,411.8031,408.5253337921344,411.8031,5982557,426.67
2023-12-13 00:00:00+00:00,412.00582597114317,417.5361702899556,411.648718222808,417.4107,8659116,432.48
2023-12-14 00:00:00+00:00,419.0900233037464,420.1943547593775,416.2138585268012,418.6364,8349143,433.75
2023-12-15 00:00:00+00:00,418.09591559722,419.11898092775175,417.1790174236302,417.9994,5326041,433.09
2023-12-18 00:00:00+00:00,419.4953596914175,421.19403407264537,419.31198007071674,420.364,4280475,435.54
2023-12-19 00:00:00+00:00,420.846614637486,422.95065467947694,420.75975059905517,422.9217,4061508,438.19
2023-12-20 00:00:00+00:00,422.0699359947918,423.8095413657607,416.63306349833755,416.8172,5783234,430.09
2023-12-21 00:00:00+00:00,419.76338958045505,421.22679021829236,417.55879105664553,420.8779,4621606,434.28
2023-12-22 00:00:00+00:00,422.0214537021295,423.35692782880375,420.10255764203174,421.8567,4037829,435.29
2023-12-26 00:00:00+00:00,422.22105420452976,424.4054942484557,422.13770822237467,423.6108,3835837,437.1
2023-12-27 00:00:00+00:00,423.4122147727792,424.50249674354876,422.95187349623205,424.3862,4271009,437.9
2023-12-28 00:00:00+00:00,424.72535904285684,425.29715131173367,424.15356677398,424.454,4703655,437.97
2023-12-29 00:00:00+00:00,424.35707918269236,424.81257471153845,421.51750067307694,423.3201,4376885,436.8
2024-01-02 00:00:00+00:00,420.51928605792494,421.8373156701458,419.0171199557614,420.6162,9076041,434.01
2024-01-03 00:00:00+00:00,418.97838341651385,419.63739826829783,416.97226467652456,417.4956,4805049,430.79
2024-01-04 00:00:00+00:00,417.0497253917984,419.42411673613856,415.96428934867146,416.1775,3945259,429.43
2024-01-05 00:00:00+00:00,416.33263559700447,418.9590036280757,415.41195307688724,416.7106,5724608,429.98
2024-01-08 00:00:00+00:00,417.16608777199457,422.80647952674656,417.08855661385365,422.6708,7222362,436.13
2024-01-09 00:00:00+00:00,420.2382477992047,422.9615296504011,419.79564181292665,421.6435,7939567,435.07
2024-01-10 00:00:00+00:00,422.3218675457825,425.19536580695984,422.0408171256337,424.4249,4278841,437.94
2024-01-11 00:00:00+00:00,425.3941104730578,425.7963033829005,420.606561136618,424.2796,4796587,437.79
2024-01-12 00:00:00+00:00,425.55883621543876,426.22754245530723,423.2522842576315,424.4734,5182669,437.99
2024-01-16 00:00:00+00:00,423.31045046048115,424.46372648797256,421.32371444673544,423.0294,5730839,436.5
2024-01-17 00:00:00+00:00,420.2189044163384,421.0717472112793,418.4841446402654,420.6744,6044611,434.07
2024-01-18 00:00:00+00:00,422.1377225035965,424.861004105679,420.76154461215265,424.4152,4331285,437.93
2024-01-19 00:00:00+00:00,425.45219201876876,429.9199246046606,424.78348583996933,429.6098,4836802,443.29
2024-01-22 00:00:00+00:00,431.04419558631554,432.1587060634706,429.9878334818816,430.5887,5870412,444.3
2024-01-23 00:00:00+00:00,431.10227987298595,432.06172788025674,430.08468350163815,431.8679,3251586,445.62
2024-01-24 00:00:00+00:00,434.48459490123093,435.3273585605058,431.9939065337788,432.2265,4568204,445.99
2024-01-25 00:00:00+00:00,434.3101098327759,434.91097623188404,432.3427569453735,434.659,4167055,448.5
2024-01-26 00:00:00+00:00,434.27141186444464,435.6378985654686,433.3604207304286,434.3974,6404023,448.23
2024-01-29 00:00:00+00:00,434.39740517840926,437.67290291399587,433.89461559759906,437.5568,4543252,451.49
2024-01-30 00:00:00+00:00,436.92678401489457,437.8668491832347,436.53912827537295,437.2466,3409953,451.17
2024-01-31 00:00:00+00:00,435.18240827362445,435.5942925679329,430.05566023387854,430.1235,7108043,443.82
2024-02-01 00:00:00+00:00,431.6062094026598,435.7832,430.92800568571806,435.7832,6138360,449.66
2024-02-02 00:00:00+00:00,436.12247426036805,441.81132322796515,435.81234961477503,440.2607,6253482,454.28
2024-02-05 00:00:00+00:00,439.7276447947506,440.13468336573726,436.63608993416113,438.6519,7101857,452.62
2024-02-06 00:00:00+00:00,439.58228723212125,440.27037626588555,438.2545661388014,440.0184,4383601,454.03
2024-02-07 00:00:00+00:00,442.07298539627755,444.0403385922755,441.22014263151,443.6333,6763415,457.76
2024-02-08 00:00:00+00:00,443.6817237474622,444.1856762525378,442.9257949898487,443.9337,4184592,458.07
2024-02-09 00:00:00+00:00,444.38923283478414,446.8023902251069,444.0306512145354,446.4535,4002594,460.67
2024-02-12 00:00:00+00:00,446.39527090083834,448.45953769274206,445.56181106936543,446.2499,4564233,460.46
2024-02-13 00:00:00+00:00,440.4544610789259,441.6368111108663,437.0770103729321,439.9602,8152242,453.97
2024-02-14 00:00:00+00:00,442.4848259126317,444.5151729756268,440.3769476968731,444.1469,5624009,458.29
2024-02-15 00:00:00+00:00,444.7380430438458,447.29657090097317,444.2825475541299,447.1512,5695711,461.39
2024-02-16 00:00:00+00:00,446.85083595407707,447.8878152081563,444.25354212143,444.8641,5527893,459.03
2024-02-20 00:00:00+00:00,443.3230995859894,443.92396597664896,440.40599017327116,442.4218,5306784,456.51
2024-02-21 00:00:00+00:00,441.26852010416434,443.0129708996214,439.6016004551721,442.8676,4223078,456.97
2024-02-22 00:00:00+00:00,448.92478279357874,452.90794599309856,448.0477115781126,452.1714,4328536,466.57
2024-02-23 00:00:00+00:00,453.64447264450064,454.40040139466134,451.70687219553116,452.3749,4050621,466.78
2024-02-26 00:00:00+00:00,452.77227570688285,453.1599315006343,450.59171186703077,450.7177,3450804,465.07
2024-02-27 00:00:00+00:00,451.33788934174663,451.7352364775825,449.5934385014917,451.5511,3586943,465.93
2024-02-28 00:00:00+00:00,450.1556195395628,451.45426650759873,449.78734651877653,450.8534,2800602,465.21
2024-02-29 00:00:00+00:00,452.5590655794231,454.03215759749855,450.13621686548305,452.5203,7332921,466.93
2024-03-01 00:00:00+00:00,453.39249806333913,457.21090740512903,453.0048422925991,456.8814,4839421,471.43
2024-03-04 00:00:00+00:00,456.08672373903624,458.0153112748742,456.07703234438384,456.3387,3970242,470.87
2024-03-05 00:00:00+00:00,454.4778901319318,454.8946200450499,449.73879879437953,451.7643,4616503,466.15
2024-03-06 00:00:00+00:00,454.7686578144338,456.1351443515001,452.89812188167383,454.1581,5325050,468.62
2024-03-07 00:00:00+00:00,457.07520282085954,459.5561996175464,456.2514343532096,458.6549,7149802,473.26
2024-03-08 00:00:00+00:00,459.1491912987095,461.6005325918918,455.3210905206318,455.8735,6285625,470.39
2024-03-11 00:00:00+00:00,454.7201885106383,455.93645840957447,452.96604626595746,455.4955,5323866,470.0
2024-03-12 00:00:00+00:00,457.3562763951751,460.87425249984216,455.0787987516578,460.3703,4811036,475.03
2024-03-13 00:00:00+00:00,460.6416393814172,460.796701682444,458.3060134722017,459.6725,3544526,474.31
2024-03-14 00:00:00+00:00,460.496273450673,460.65618145033494,455.9316269148689,458.6646,5152980,473.27
2024-03-15 00:00:00+00:00,455.8928557520053,457.2219334977554,454.255107113721,455.5052,6807087,470.01
2024-03-18 00:00:00+00:00,459.3236394439158,460.61162576488,457.91838725023786,458.3545,3939105,472.95
2024-03-19 00:00:00+00:00,457.6276260302775,461.05837951640035,456.7457091736754,460.9227,4550248,475.6
2024-03-20 00:00:00+00:00,460.86452336425225,465.20626762272013,460.2733483647733,464.9446,6179356,479.75
2024-03-21 00:00:00+00:00,467.7261071694193,468.3221279640594,466.3596204695128,466.4953,5044680,481.35
2024-03-22 00:00:00+00:00,466.556456596686,466.99397176843775,465.5355878625986,465.8856,5881503,479.18
2024-03-25 00:00:00+00:00,464.4758262543416,465.5064175419509,464.3008201866343,464.68,6081277,477.94
2024-03-26 00:00:00+00:00,465.76884919429284,466.07024848300455,463.21181651909353,463.3771,8073502,476.6
2024-03-27 00:00:00+00:00,466.2063802458607,467.52864813836425,464.20353329103915,467.4217,4951429,480.76
2024-03-28 00:00:00+00:00,467.5286834990639,468.7826991290202,467.17225449461205,467.3634,4065018,480.7
2024-04-01 00:00:00+00:00,468.0828906117858,468.58846369071176,465.5453026579457,466.7509,5733960,480.07
2024-04-02 00:00:00+00:00,463.1146464680351,463.75633535319645,461.53959193173,463.698,4817822,476.93
2024-04-03 00:00:00+00:00,462.6382709569297,465.51809307901794,462.5896581594604,464.1161,6224812,477.36
2024-04-04 00:00:00+00:00,467.84952710613385,468.1217587511665,458.19502626622545,458.3992,6871190,471.48
2024-04-05 00:00:00+00:00,459.7311886293522,465.0591508027451,459.3131186047976,463.2702,5588160,476.49
2024-04-08 00:00:00+00:00,463.91186023118235,464.80633557732654,462.7645983741714,463.4549,4736778,476.68
2024-04-09 00:00:00+00:00,465.10780411088064,465.3217004211453,459.62428052046016,464.0286,5254191,477.27
2024-04-10 00:00:00+00:00,458.81723071405906,461.2284250777531,457.611633532212,459.5367,6933388,472.65
2024-04-11 00:00:00+00:00,460.82980791916987,464.1840904570853,457.6116411943873,462.8521,5109901,476.06
2024-04-12 00:00:00+00:00,459.6534188598079,460.8979064037311,454.92825521647467,456.5422,6959723,469.57
2024-04-15 00:00:00+00:00,460.33394194473806,460.4506126377774,450.00858561075046,450.7475,9530044,463.61
2024-04-16 00:00:00+00:00,451.17536503306115,452.59485869311555,448.7836154414625,449.9406,6761419,462.78
2024-04-17 00:00:00+00:00,452.2059503032675,452.3323435726864,446.0029575425553,447.228,7156229,459.99
2024-04-18 00:00:00+00:00,448.55995915805994,450.44613550790956,445.4973532291803,446.2071,5637286,458.94
2024-04-19 00:00:00+00:00,446.25567493737634,447.1793179169413,441.3068930784442,442.4736,9787454,455.1
2024-04-22 00:00:00+00:00,444.855716054896,448.91964875632283,442.71675293541006,446.3141,5818088,459.05
2024-04-23 00:00:00+00:00,448.38494366233544,452.2253541906893,447.88909318905434,451.9434,4257400,464.84
2024-04-24 00:00:00+00:00,452.65321389235737,453.3726833132401,449.61005269321856,451.6129,7687837,464.5
2024-04-25 00:00:00+00:00,446.0418053028665,450.60168512689694,444.5736990055774,449.7461,4876228,462.58
2024-04-26 00:00:00+00:00,452.4198588236553,455.62830344170715,451.91428573232594,454.2477,4907113,467.21
2024-04-29 00:00:00+00:00,455.8324,456.3963083525297,453.2753672980121,455.8324,3253205,468.84
2024-04-30 00:00:00+00:00,454.4518123225625,455.34628767093596,448.55994209305857,448.628,4364836,461.43
2024-05-01 00:00:00+00:00,447.98629485356463,454.1115062552997,446.6931946687539,447.1696,6115377,459.93
2024-05-02 00:00:00+00:00,450.50445998879843,452.0503467536943,446.4209855154883,451.3406,3972424,464.22
2024-05-03 00:00:00+00:00,456.72690371505166,457.93250095748755,454.4713673902719,456.9408,4586859,469.98
2024-05-06 00:00:00+00:00,459.1186603597911,461.6368030270475,458.7297580173576,461.5493,4782542,474.72
2024-05-07 00:00:00+00:00,462.50207673538074,463.41599717290705,461.5395435086243,462.2104,3451302,475.4
2024-05-08 00:00:00+00:00,460.45067170291526,462.65769259602035,460.3631686719111,462.2299,3214878,475.42
2024-05-09 00:00:00+00:00,462.39512520966224,464.8841,461.76315895430304,464.8841,3486049,478.15
2024-05-10 00:00:00+00:00,466.38144312570495,467.0620222709613,464.33970568993607,465.4578,3347159,478.74
2024-05-13 00:00:00+00:00,467.0230641330911,467.09112203772173,464.47575398834516,465.4869,3108442,478.77
2024-05-14 00:00:00+00:00,465.6911527523699,468.1120700565442,465.20502477964413,467.694,3257724,481.04
2024-05-15 00:00:00+00:00,469.93016897925645,473.71224444855204,469.3419541569111,473.3914,4399485,486.9
2024-05-16 00:00:00+00:00,473.53723637261555,475.0150653414819,472.3510841739201,472.4872,3347381,485.97
2024-05-17 00:00:00+00:00,472.60384648955187,473.2260902340299,471.25241085701373,473.1872,3274035,486.69
2024-05-20 00:00:00+00:00,473.27472020444606,475.0538512503028,472.95387576205434,473.6539,2599585,487.17
2024-05-21 00:00:00+00:00,473.0316012426302,475.024725577301,472.8565952034884,474.9275,2453576,488.48
2024-05-22 00:00:00+00:00,474.25664671909004,474.87889041801833,471.4857177473001,473.5469,3250581,487.06
2024-05-23 00:00:00+00:00,476.31789577610465,476.3956762493795,468.90930569667387,470.0274,3811307,483.44
2024-05-24 00:00:00+00:00,471.7191034002424,473.87751143344354,470.89268591005276,473.2261,2555241,486.73
2024-05-28 00:00:00+00:00,473.8775316554442,474.1157343539579,471.0822959075792,473.6053,4034716,487.12
2024-05-29 00:00:00+00:00,469.7842721081684,471.23293322582646,469.5606532779259,470.2704,5604961,483.69
2024-05-30 00:00:00+00:00,468.74398982599286,469.3568999130797,465.90500274748143,467.1106,3393589,480.44
2024-05-31 00:00:00+00:00,467.88837543642444,471.4565541785317,463.2555766064133,471.1746,5333971,484.62
2024-06-03 00:00:00+00:00,472.8079941667526,472.914942304442,467.0716849634134,471.6899,4211256,485.15
2024-06-04 00:00:00+00:00,470.5718746654589,472.91501147939226,469.1718261127352,472.2636,2560269,485.74
2024-06-05 00:00:00+00:00,474.33449819550395,477.9124,472.57471497101005,477.9124,3026146,491.55
2024-06-06 00:00:00+00:00,478.1943023278528,478.52486930652776,476.0554367502442,477.8054,21343961,491.44
2024-06-07 00:00:00+00:00,476.9401360228199,479.83745863080685,475.95815755501224,477.1832,3063587,490.8
2024-06-10 00:00:00+00:00,476.5706469100952,479.02073163623805,475.9775708454336,478.7485,3465222,492.41
2024-06-11 00:00:00+00:00,477.3678702935992,479.96379325268987,475.53905715275664,479.8374,4028423,493.53
2024-06-12 00:00:00+00:00,484.1153541958042,486.2737621774777,482.92920206173136,483.8334,3698787,497.64
2024-06-13 00:00:00+00:00,485.44732418067315,485.5931625516467,482.2972153676441,484.7473,8808879,498.58
2024-06-14 00:00:00+00:00,483.46392002084247,485.1945353481101,482.5208318930618,485.1362,5812046,498.98
2024-06-17 00:00:00+00:00,484.65013852944685,490.191997359526,484.09595264643895,488.9864,4609539,502.94
2024-06-18 00:00:00+00:00,489.0933252558103,490.3623136428969,488.68497778218455,490.2892,3431665,504.28
2024-06-20 00:00:00+00:00,491.12529812281264,491.7086516067452,487.28488768692335,488.928,4810867,502.88
2024-06-21 00:00:00+00:00,488.16962184622747,489.2543676082148,486.9543021344016,487.8585,4347838,501.78
2024-06-24 00:00:00+00:00,488.1016093759366,490.44425987051136,486.546,486.546,7022844,500.43
2024-06-25 00:00:00+00:00,487.79049529959605,488.8794218801616,486.43905963264416,488.5683,6336724,502.51
2024-06-26 00:00:00+00:00,487.5571904824379,489.7933791639334,486.99328203232153,489.1128,3202700,503.07
2024-06-27 00:00:00+00:00,489.04468254440803,490.4836211729681,488.3835485799345,489.8711,3619655,503.85
2024-06-28 00:00:00+00:00,490.7527155919461,493.4456744066543,486.88890511866913,487.9817,5598571,500.13
2024-07-01 00:00:00+00:00,489.30859901252796,489.4938862624282,486.4887983163103,489.1037,4368526,501.28
2024-07-02 00:00:00+00:00,487.5523651953303,492.35285677363095,487.47430842169945,492.2748,4210083,504.53
2024-07-03 00:00:00+00:00,491.97231204593436,494.8213841794755,491.97231204593436,494.4994,2131086,506.81
2024-07-05 00:00:00+00:00,494.8116268907893,497.7094845049428,494.1871727247764,497.4558,3156922,509.84
2024-07-08 00:00:00+00:00,498.0997706386064,498.7876459340035,496.94843326475024,497.9339,3143379,510.33
2024-07-09 00:00:00+00:00,498.7925270860655,499.5730948012293,498.13880162461595,498.4803,3145823,510.89
2024-07-10 00:00:00+00:00,499.54383200015513,503.6466911227002,499.2608761986003,503.2808,3446923,515.81
2024-07-11 00:00:00+00:00,503.4661209644303,504.2369314984649,498.4168241117347,498.9681,5546308,511.39
2024-07-12 00:00:00+00:00,500.04143812263146,505.446869579244,499.7292110348848,502.0514,5238170,514.55
2024-07-15 00:00:00+00:00,504.0320835287052,506.51038600298386,501.84649394508926,503.5735,7771524,516.11
2024-07-16 00:00:00+00:00,504.76383661952843,506.78355544852036,504.0515686266955,506.4323,4164300,519.04
2024-07-17 00:00:00+00:00,501.0854059360284,502.59775576701384,499.13398679927315,499.3584,4984306,511.79
2024-07-18 00:00:00+00:00,500.78291761822265,501.70008457888736,493.58315697700516,495.6019,5055850,507.94
2024-07-19 00:00:00+00:00,495.3092427945694,496.83134983648796,491.3283474541671,492.2943,4039437,504.55
2024-07-22 00:00:00+00:00,495.9239213990074,497.9241260911355,494.13837282018085,497.407,4342929,509.79
2024-07-23 00:00:00+00:00,497.2802109914725,499.2218733151255,496.1386306303297,496.5777,3116045,508.94
2024-07-24 00:00:00+00:00,492.1771661565686,492.4406077339178,484.48369638842524,485.2106,6157402,497.29
2024-07-25 00:00:00+00:00,485.46431561502084,490.918532325478,481.92248973685275,482.7616,5646601,494.78
2024-07-26 00:00:00+00:00,486.2546520256631,490.6697381088482,485.5814123798294,488.1768,3635984,500.33
2024-07-29 00:00:00+00:00,489.63059475933693,490.55264033752746,486.65916872354705,488.5378,3096178,500.7
2024-07-30 00:00:00+00:00,489.85506760962096,490.79174894595246,482.89337871928205,485.9815,3817800,498.08
2024-07-31 00:00:00+00:00,492.22602095942125,496.2978526091752,491.0795620817109,493.6408,5367587,505.93
2024-08-01 00:00:00+00:00,495.5044022523696,497.51436418652185,483.7080722601848,486.9084,6939217,499.03
2024-08-02 00:00:00+00:00,480.4491740503358,481.53221172868484,473.999733461248,478.0099,8561166,489.91
2024-08-05 00:00:00+00:00,458.74938073232323,469.49194338383836,457.5004724494949,463.6572,15244280,475.2
2024-08-06 00:00:00+00:00,465.794040336292,475.034010930533,464.37926131183065,468.2821,8255040,479.94
2024-08-07 00:00:00+00:00,473.90220117076854,476.6829738150689,464.5451451501228,465.033,5976351,476.61
2024-08-08 00:00:00+00:00,469.7944713694052,476.40978324687836,467.98940839398847,475.8829,4177234,487.73
2024-08-09 00:00:00+00:00,475.1022991160018,479.27833641133475,474.01926140623084,477.9221,7661331,489.82
2024-08-12 00:00:00+00:00,479.0148673454812,480.3906178709164,476.12676695166,478.166,3578134,490.07
2024-08-13 00:00:00+00:00,481.16145212259886,486.2741706388872,480.94679600168604,486.1083,3247887,498.21
2024-08-14 00:00:00+00:00,486.80107547819125,488.6841951680672,484.41839243017205,487.6597,3700503,499.8
2024-08-15 00:00:00+00:00,492.8212150694362,496.2361990381211,492.2315936945002,496.0313,4278953,508.38
2024-08-16 00:00:00+00:00,494.528697717146,497.71926839336544,494.34331287663167,497.0753,3449286,509.45
2024-08-19 00:00:00+00:00,497.47526418197725,501.8562,496.69469655293085,501.8562,3804313,514.35
2024-08-20 00:00:00+00:00,501.43669804868546,502.95870751569623,499.80726295034077,501.0269,3155981,513.5
2024-08-21 00:00:00+00:00,501.97336096254617,504.11006759883566,500.3927112749855,502.7832,3344050,515.3
2024-08-22 00:00:00+00:00,504.4907014360339,505.05661306321286,497.7095190069063,498.7145,3677087,511.13
2024-08-23 00:00:00+00:00,501.8366967309256,504.9784815062129,499.80926984130764,504.1101,5102791,516.66
2024-08-26 00:00:00+00:00,505.0663467277207,505.70055800461785,501.39279987000134,502.871,3398640,515.39
2024-08-27 00:00:00+00:00,501.7684085645636,504.0418118857541,500.6951280266624,503.5442,3031778,516.08
2024-08-28 00:00:00+00:00,503.2710448034611,503.69059995907475,497.76804229727367,500.6659,3940428,513.13
2024-08-29 00:00:00+00:00,502.48066300539733,505.5053626215389,499.69013368211836,500.7439,3487145,513.21
2024-08-30 00:00:00+00:00,502.90024085398807,505.98348318276584,499.6803991815304,505.4566,5637725,518.04
2024-09-03 00:00:00+00:00,502.6075651036331,502.91003510126876,492.8309542123099,495.2312,5848240,507.56
2024-09-04 00:00:00+00:00,493.39686001185066,497.1533421963262,492.7528916373691,494.0018,3601373,506.3
2024-09-05 00:00:00+00:00,494.0602794891595,496.5776100861301,490.6257819305019,492.7821,3425569,505.05
2024-09-06 00:00:00+00:00,493.065073244201,494.6262085534794,483.75680396262885,484.5764,7411439,496.64
2024-09-09 00:00:00+00:00,488.44019345718095,491.1429088704378,486.6351308165581,490.0306,3656797,502.23
2024-09-10 00:00:00+00:00,491.7089016061868,492.44556242712673,487.3667007433671,492.0504,2975385,504.3
2024-09-11 00:00:00+00:00,492.06009568955363,498.04119538334703,484.1958765163114,497.085,4945832,509.46
2024-09-12 00:00:00+00:00,497.69968915226525,501.6511177259069,495.71899874669157,501.3586,4099538,513.84
2024-09-13 00:00:00+00:00,501.93428148943985,504.95898120099883,501.73913957256514,504.0223,4416641,516.57
2024-09-16 00:00:00+00:00,503.79793322895523,505.01757032183235,502.14898387938524,504.7834,4256253,517.35
2024-09-17 00:00:00+00:00,506.8225626461099,508.0861064983867,502.97826706466503,505.0175,8149957,517.59
2024-09-18 00:00:00+00:00,505.5932610571611,510.03274026865154,502.9490877246032,503.3784,6921278,515.91
2024-09-19 00:00:00+00:00,512.1304287134938,513.8086491398526,509.50577002343266,512.1597,5558371,524.91
2024-09-20 00:00:00+00:00,510.79378740933043,512.169538092693,508.4618412155456,511.1548,5612678,523.88
2024-09-23 00:00:00+00:00,512.2475293714417,513.0573683226385,511.10594916312823,512.4134,29289160,525.17
2024-09-24 00:00:00+00:00,513.2329746088707,514.0428135262399,510.6668585213033,513.8867,4650608,526.68
2024-09-25 00:00:00+00:00,513.8184095565153,514.4916491505109,511.9060188257453,512.8427,35418047,525.61
2024-09-26 00:00:00+00:00,516.8041480765585,517.0480754974416,512.7256815993935,514.882,5273915,527.7
2024-09-27 00:00:00+00:00,515.8887606284975,516.5543098842742,513.1776261601127,514.2151,5598594,525.38
2024-09-30 00:00:00+00:00,513.1775913885574,516.7353434191825,511.0928563609833,516.4564,8017349,527.67
2024-10-01 00:00:00+00:00,515.8398202701151,515.8985452041168,509.1745402609328,511.6312,9198657,522.74
2024-10-02 00:00:00+00:00,510.76002624179944,512.7175237075148,508.5383644930857,511.7192,3270583,522.83
2024-10-03 00:00:00+00:00,510.4762503219377,512.6246040481757,508.773227322551,510.7503,4007952,521.84
2024-10-04 00:00:00+00:00,514.9785130466153,515.8202370872496,511.200542352606,515.4581,5358175,526.65
2024-10-07 00:00:00+00:00,513.980158709356,514.5479309035658,509.74217629093135,510.8188,3970505,521.91
2024-10-08 00:00:00+00:00,513.1775655613553,516.1725368586884,512.3749915535732,515.6538,2626667,526.85
2024-10-09 00:00:00+00:00,515.6733793024789,519.7449743029501,515.1252799754924,519.1773,2941785,530.45
2024-10-10 00:00:00+00:00,518.022362855956,519.6177233552384,516.8674393043282,518.3062,3637633,529.56
2024-10-11 00:00:00+00:00,518.247516190798,522.0939991721574,518.1398538172739,521.3893,5429168,532.71
2024-10-14 00:00:00+00:00,522.8965284785968,526.547261377474,522.6224788239894,525.6566,2638929,537.07
2024-10-15 00:00:00+00:00,525.9599944275583,526.1851066362716,520.5181514690984,521.6535,4811330,532.98
2024-10-16 00:00:00+00:00,521.6045653880647,524.3450618568065,520.9047600397968,523.8459,3237216,535.22
2024-10-17 00:00:00+00:00,527.1736458135625,527.3106706370261,523.7773876891464,523.9242,3225297,535.3
2024-10-18 00:00:00+00:00,525.4902755136221,526.6647741737384,524.1787520098258,525.9405,5070412,537.36
2024-10-21 00:00:00+00:00,525.3140622742438,526.185148716754,522.3680283506981,525.1281,3671431,536.53
2024-10-22 00:00:00+00:00,522.7595647940914,525.8621987466428,522.1331655102955,524.766,3366595,536.16
2024-10-23 00:00:00+00:00,522.9259340297777,523.3565835225028,516.7989662469179,519.9799,5227754,531.27
2024-10-24 00:00:00+00:00,521.8395241947903,521.8493116832873,518.7760402952279,521.1544,4477762,532.47
2024-10-25 00:00:00+00:00,523.2880094690565,525.8426415339871,520.120778572878,520.9488,4327190,532.26
2024-10-28 00:00:00+00:00,524.1493856907402,524.1885356457898,522.329695780042,522.5736,3407971,533.92
2024-10-29 00:00:00+00:00,521.7905644669671,524.4331862482936,520.4496786001458,523.4055,3027611,534.77
2024-10-30 00:00:00+00:00,522.9944110492161,524.8050962937956,521.2718131949134,521.8297,3067015,533.16
2024-10-31 00:00:00+00:00,517.8461668624562,517.983191685002,511.4060002028048,511.5626,7972774,522.67
2024-11-01 00:00:00+00:00,513.9997247380652,517.8364200708652,513.3929983511258,513.7844,6106942,524.94
2024-11-04 00:00:00+00:00,513.9018234364261,515.0958969224895,510.9363125713249,512.6686,3681461,523.8
2024-11-05 00:00:00+00:00,513.5690318505942,518.9032124108658,513.3341321561969,518.8347,3300279,530.1
2024-11-06 00:00:00+00:00,530.1392645499724,532.5763489563777,526.7332188735505,531.7542,7483337,543.3
2024-11-07 00:00:00+00:00,533.6333904005261,536.8192175634213,533.5648779884208,535.8943,6051276,547.53
2024-11-08 00:00:00+00:00,536.4228522647513,539.525485945995,536.4130647767978,538.2629,6797976,549.95
2024-11-11 00:00:00+00:00,539.7114111900436,540.005035808503,537.1862394712937,538.7033,4893129,550.4
2024-11-12 00:00:00+00:00,538.6935480200456,539.2318598560365,534.8177028009111,537.0884,4818613,548.75
2024-11-13 00:00:00+00:00,537.4897373549715,539.1731854361328,535.346277298144,537.3625,3701570,549.03
2024-11-14 00:00:00+00:00,537.4309455951901,537.8909575136563,533.3006258166221,533.9466,3940282,545.54
2024-11-15 00:00:00+00:00,530.6090579498607,531.0397073983287,525.3433896935933,527.0562,7360114,538.5
2024-11-18 00:00:00+00:00,527.467264801287,530.4132984742846,526.7087345366448,529.2388,4504246,540.73
2024-11-19 00:00:00+00:00,526.0775059885757,531.8227617283951,525.4902566795652,531.167,6978373,542.7
2024-11-20 00:00:00+00:00,531.2452501491988,531.5290872886352,526.018731788543,531.3627,3949060,542.9
2024-11-21 00:00:00+00:00,533.9857750714757,535.4441107964959,528.563506671065,534.0445,4530619,545.64
2024-11-22 00:00:00+00:00,534.2206644966848,536.4028827986192,533.7802275412351,535.8356,5574588,547.47
2024-11-25 00:00:00+00:00,539.4863351237187,540.6412587003624,535.571242073776,537.5582,4305001,549.23
2024-11-26 00:00:00+00:00,538.8012645072514,541.0718640595319,538.1650777280876,540.5728,4438574,552.31
2024-11-27 00:00:00+00:00,540.3085358423394,540.6413104640815,537.4408016020344,538.8502,3312219,550.55
2024-11-29 00:00:00+00:00,539.5744026831691,542.91193594724,539.3590779564549,541.6885,3988727,553.45
2024-12-02 00:00:00+00:00,542.5792132466082,543.7634993567684,542.1192012864634,543.2154,5441011,555.01
2024-12-03 00:00:00+00:00,543.0098254134091,543.6265350222646,542.0212891414777,543.3426,4202906,555.14
2024-12-04 00:00:00+00:00,544.996664768008,547.0030996992697,544.3516693437634,546.7682,5490321,558.64
2024-12-05 00:00:00+00:00,546.758448907138,547.5218729805812,545.6133127969732,545.858,3021561,557.71
2024-12-06 00:00:00+00:00,546.6018379227658,548.0601736229913,546.2201258938477,546.9444,5134880,558.82
2024-12-09 00:00:00+00:00,546.8367969149683,546.9885029941897,543.5775630839526,544.0963,4412276,555.91
2024-12-10 00:00:00+00:00,544.7519847094691,545.0456093373982,541.8059509425793,542.5498,4110113,554.33
2024-12-11 00:00:00+00:00,545.0848143376363,547.5023240184055,544.8303396343974,546.6606,3514417,558.53
2024-12-12 00:00:00+00:00,545.8188726824441,546.3376095743724,543.8124375344192,543.8418,4048602,555.65
2024-12-13 00:00:00+00:00,545.6622226489803,546.2984093446842,542.4268707392595,543.8026,4666863,555.61
2024-12-16 00:00:00+00:00,545.2903257838972,546.923172427419,544.590520383119,545.9363,22846779,557.79
2024-12-17 00:00:00+00:00,543.6655749752452,544.5611300927176,542.5106514357727,543.646,6110880,555.45
2024-12-18 00:00:00+00:00,543.4991797677783,545.6817894758319,527.0855632637163,527.6826,24584930,539.14
2024-12-19 00:00:00+00:00,532.1359569915018,533.5159928563476,527.2030628363082,527.4869,16792131,538.94
2024-12-20 00:00:00+00:00,525.2064467800529,537.8616700462352,524.4625976166888,533.4573,9389413,545.04
2024-12-23 00:00:00+00:00,533.4656028856521,537.4422197189276,530.5297795939254,537.2753,7063355,547.19
2024-12-24 00:00:00+00:00,538.1295477696175,542.8818504576534,537.6189697948699,542.8033,3439250,552.82
2024-12-26 00:00:00+00:00,541.2126719849497,543.9324816754402,539.9559628070224,542.7935,4496268,552.81
2024-12-27 00:00:00+00:00,539.4158068308108,539.6612770088468,533.3577010249505,537.1673,7077135,547.08
2024-12-30 00:00:00+00:00,530.7653913307084,534.2314299414037,527.6626485517291,531.1876,6505089,540.99
2024-12-31 00:00:00+00:00,532.6211454779979,533.225100250942,527.6627465056514,529.0471,6040750,538.81
2025-01-02 00:00:00+00:00,532.1989759833289,533.6913364563687,524.123007241469,527.7216,7142698,537.46
2025-01-03 00:00:00+00:00,530.4021818901543,535.0072027773696,529.4301199118296,534.5359,6419663,544.4
2025-01-06 00:00:00+00:00,538.3455352776813,541.438459396972,535.9301088226163,537.6484,5983435,547.57
2025-01-07 00:00:00+00:00,539.3666759018121,539.6416024824072,529.7835208067823,531.6,5383235,541.41
2025-01-08 00:00:00+00:00,531.5116578300808,533.1612173977201,528.3303643782049,532.3168,4316999,542.14
2025-01-10 00:00:00+00:00,528.9489650920602,528.9882403210399,522.3605454307068,524.2163,7935202,533.89
2025-01-13 00:00:00+00:00,519.8076578248345,525.2178206405029,519.4345431478919,524.8938,5621011,534.58
2025-01-14 00:00:00+00:00,527.5841743825431,528.15994926503,522.1788225653887,525.5615,8820003,535.26
2025-01-15 00:00:00+00:00,533.0041435538025,536.2345312044766,531.9437123493257,535.1741,5307318,545.05
2025-01-16 00:00:00+00:00,536.4504680747465,536.6075689714097,533.5441014864765,534.3787,3632752,544.24
2025-01-17 00:00:00+00:00,538.9739843919483,541.1341220543806,537.7564522549411,539.5042,6558651,549.46
2025-01-21 00:00:00+00:00,542.3123751974895,544.4136,540.5253522346065,544.4136,5301678,554.46
2025-01-22 00:00:00+00:00,547.094110103836,548.8024843427305,546.6424449794658,547.5065,4780036,557.61
2025-01-23 00:00:00+00:00,546.9468166934188,550.5405,546.7111653290528,550.5405,6217878,560.7
2025-01-24 00:00:00+00:00,550.5993911307489,551.483083712277,547.9090381603191,548.8811,3612141,559.01
2025-01-27 00:00:00+00:00,537.0200129764345,541.3992009125047,536.9218249061191,541.2421,7617385,551.23
2025-01-28 00:00:00+00:00,542.2927234325807,546.5639045785733,539.2685308050734,545.7784,4164674,555.85
2025-01-29 00:00:00+00:00,545.1107100377659,545.434730669847,540.9869092720768,543.3826,4174471,553.41
2025-01-30 00:00:00+00:00,545.3070510048535,547.6733833471149,542.3712278914255,546.2202,4296538,556.3
2025-01-31 00:00:00+00:00,548.4981484466773,550.7270174398641,542.6952340194821,543.304,6243322,553.33
2025-02-03 00:00:00+00:00,535.1151420811351,541.9587521084591,533.1415619501546,539.7398,7824037,549.7
2025-02-04 00:00:00+00:00,539.7398353483329,543.7950027487125,539.2783514068853,543.3237,4181413,553.35
2025-02-05 00:00:00+00:00,542.3320310355998,545.6606068860012,540.4370011266692,545.5526,3424184,555.62
2025-02-06 00:00:00+00:00,547.1922793784297,547.5457564201427,544.1484492970123,547.5163,3606299,557.62
2025-02-07 00:00:00+00:00,547.9875958891705,549.0676646142701,541.7968383330314,542.1945,10161550,552.2
2025-02-10 00:00:00+00:00,545.3757647684978,546.6870663201474,544.197508039198,546.0729,3517552,556.15
2025-02-11 00:00:00+00:00,544.0601041767718,547.020474532471,543.9520972981227,546.5639,2752923,556.65
2025-02-12 00:00:00+00:00,541.0162347470306,545.8421781114256,540.4172875542979,544.7572,3579483,554.81
2025-02-13 00:00:00+00:00,545.7979730857724,550.7171949274975,544.6442633723938,550.511,3388498,560.67
2025-02-14 00:00:00+00:00,550.7368949508641,551.6795004405286,549.9219339545917,550.5307,3380570,560.69
2025-02-18 00:00:00+00:00,551.6205408760293,552.1213,549.3523966086324,552.1213,3844905,562.31
2025-02-19 00:00:00+00:00,550.8547161175866,553.7021701775861,550.3745764502279,553.4567,3857561,563.67
2025-02-20 00:00:00+00:00,552.1998498913238,552.2926376112596,548.1054076465349,551.1296,4446782,561.3
2025-02-21 00:00:00+00:00,550.9332849478931,551.0314730222021,541.2764878396013,541.7527,6148694,551.75
2025-02-24 00:00:00+00:00,543.5790069927524,544.4626996758568,538.5746553283316,539.19,4772255,549.14
2025-02-25 00:00:00+00:00,539.2292093702531,539.8085189473106,532.3446550812761,536.5094,5491494,546.41
2025-02-26 00:00:00+00:00,538.0804697448559,541.3550420457248,534.3885981252857,536.8433,4180803,546.75
2025-02-27 00:00:00+00:00,538.8856252058665,539.9166000185884,527.8591041136123,528.2224,5521351,537.97
2025-02-28 00:00:00+00:00,528.6642234144198,536.9807532095984,525.8756821371699,536.4309,7328051,546.33
2025-03-03 00:00:00+00:00,538.267014601803,539.337264594353,523.5888796122327,527.1914,7289998,536.92
2025-03-04 00:00:00+00:00,523.401308541804,528.5266274373456,516.6263319370346,520.8386,10477440,530.45
2025-03-05 00:00:00+00:00,520.6422337807606,528.0457123416854,517.3823899030574,526.6808,6221745,536.4
2025-03-06 00:00:00+00:00,519.6014393244348,523.7646134258645,514.7214923234665,517.1271,7228926,526.67
2025-03-07 00:00:00+00:00,515.3891304035807,521.2607764310401,510.7055599101056,519.9156,7308280,529.51
2025-03-10 00:00:00+00:00,512.4435174293418,514.2109026207057,501.57409850245386,506.1693,11176890,515.51
2025-03-11 00:00:00+00:00,505.01073634798945,508.15265662337663,498.3339471131278,502.016,11208910,511.28
2025-03-12 00:00:00+00:00,507.52428641778266,508.35888496574285,499.8754361958892,504.451,8590555,513.76
2025-03-13 00:00:00+00:00,504.2055492081648,504.7455835834729,496.2621344877231,497.8626,21650000,507.05
2025-03-14 00:00:00+00:00,502.01597711900433,509.0266054960769,501.58394959996906,508.084,7412261,517.46
2025-03-17 00:00:00+00:00,508.074152547899,514.3483700274257,507.7108567001017,511.9624,6269843,521.41
2025-03-18 00:00:00+00:00,509.9103133724875,510.10668952336647,504.75622491651643,506.5621,6010598,515.91
2025-03-19 00:00:00+00:00,508.1625718949609,515.4481271823988,507.06198174378983,511.8839,5373949,521.33
2025-03-20 00:00:00+00:00,508.5749189164248,515.1093348662835,507.94651527887265,510.7056,6029737,520.13
2025-03-21 00:00:00+00:00,506.44429286702797,511.51079774535816,505.32985816995347,510.8333,5059011,520.26
2025-03-24 00:00:00+00:00,516.9405272936777,520.7796806550937,516.3513989006216,519.7978,22376270,529.39
2025-03-25 00:00:00+00:00,520.9760871572599,521.9677866767172,519.5229037030057,521.035,6260199,530.65
2025-03-26 00:00:00+00:00,520.9465716660945,521.7811701769438,513.6217423826412,514.9571,4429626,524.46
2025-03-27 00:00:00+00:00,513.6192228007905,516.9573684142667,511.5895356804359,513.5404,5534928,521.21
2025-03-28 00:00:00+00:00,512.1117539859044,512.8014535160532,502.6530175724354,503.2836,5831793,510.8
2025-03-31 00:00:00+00:00,497.87434924013934,507.7469046603492,495.2436383646942,506.3478,8196668,513.91
2025-04-01 00:00:00+00:00,504.8206196200078,509.73719174098494,501.3918278402482,508.21,7697017,515.8
2025-04-02 00:00:00+00:00,502.6333495249658,513.8163356015494,502.4262425933977,511.2743,6308643,518.91
2025-04-03 00:00:00+00:00,493.6277489072365,496.24860681560625,486.2381119475473,486.8884,16226020,494.16
2025-04-04 00:00:00+00:00,474.19799250730364,476.18826832359514,457.4087351263104,458.6699,30966510,465.52
2025-04-07 00:00:00+00:00,442.9250047415653,473.6856014582794,436.28418405384417,456.7387,31285270,463.56
2025-04-08 00:00:00+00:00,472.6215393615623,475.39019039059417,442.9841646450935,450.0191,19002680,456.74
2025-04-09 00:00:00+00:00,446.8169459867762,494.673426277219,446.491801899419,491.7558,29286590,499.1
2025-04-10 00:00:00+00:00,481.95217083972943,483.08524862050365,461.438536582583,474.9665,16651301,482.06
2025-04-11 00:00:00+00:00,473.6166890306798,485.7455484660075,470.96627214351236,483.3316,11541200,490.55
2025-04-14 00:00:00+00:00,492.69175234116415,492.8986621861629,483.46948496407526,488.189,7701488,495.48
2025-04-15 00:00:00+00:00,488.7309530348722,491.92327666012267,486.1593590034205,486.8195,8200583,494.09
2025-04-16 00:00:00+00:00,481.4595450303168,484.52870799515756,471.19287469527967,476.1193,6374869,483.23
2025-04-17 00:00:00+00:00,477.656303628849,480.97671399876015,474.4147160570366,476.7794,5638939,483.9
2025-04-21 00:00:00+00:00,471.9712455956136,472.43432957004046,460.4532633380613,465.4191,7762501,472.37
2025-04-22 00:00:00+00:00,471.035226948729,479.321474273679,470.16817609903154,477.1637,6236319,484.29
2025-04-23 00:00:00+00:00,489.3812167943586,493.805146536062,483.47935952201925,484.8292,8047601,492.07
2025-04-24 00:00:00+00:00,486.00164292112015,495.59831810672557,484.98000098067314,495.017,6184333,502.41
2025-04-25 00:00:00+00:00,495.04660398727543,499.06656685700733,492.3961872913003,498.6626,6933423,506.11
2025-04-28 00:00:00+00:00,499.3522611271277,501.25386106393904,493.58834422021243,498.968,4210016,506.42
2025-04-29 00:00:00+00:00,497.11573880939767,503.03700660882447,496.8398589844747,501.9929,6525457,509.49
2025-04-30 00:00:00+00:00,495.854552893632,503.973301683211,490.43548513359747,502.2392,7873686,509.74
2025-05-01 00:00:00+00:00,507.54990745690077,510.81120109866566,505.224634648875,505.7961,5784483,513.35
2025-05-02 00:00:00+00:00,511.4811967044996,514.7227846555664,509.284010950433,513.0478,6285390,520.71
2025-05-05 00:00:00+00:00,509.4711906098574,513.1857152261626,508.67310972412594,510.3678,4793497,517.99
2025-05-06 00:00:00+00:00,505.34285331009767,510.20523507048557,504.4068325051598,506.0227,4694270,513.58
2025-05-07 00:00:00+00:00,507.3429207598371,510.5549496607869,503.5791322930801,508.3085,5467344,515.9
2025-05-08 00:00:00+00:00,511.8949569954172,516.515943537952,508.7469714936265,511.6979,5088200,519.34
2025-05-09 00:00:00+00:00,513.0280815366818,513.9548406707028,509.7470822635689,511.0181,4739506,518.65
2025-05-12 00:00:00+00:00,526.6348951336021,528.034,522.5853733019854,528.034,7793576,535.92
2025-05-13 00:00:00+00:00,528.4379633063918,533.5121816253893,527.896056495625,531.5022,7356804,539.44
2025-05-14 00:00:00+00:00,532.4184741089778,533.4530233952343,530.3198169854288,532.1623,5031301,540.11
2025-05-15 00:00:00+00:00,530.3395173889012,535.2550058485702,529.925697678532,534.7733,7362193,542.76
2025-05-16 00:00:00+00:00,535.4728547687915,538.4287098561126,533.7289002672721,538.2218,7255342,546.26
2025-05-19 00:00:00+00:00,532.6746852126842,539.3943296148641,532.6254209575362,538.7736,7766058,546.82
2025-05-20 00:00:00+00:00,537.1970969057408,538.0247363199236,534.014626301204,536.8621,7158205,544.88
2025-05-21 00:00:00+00:00,532.9505654329283,536.6754357674002,526.9501791515016,527.8862,6339491,535.77
2025-05-22 00:00:00+00:00,527.7186802731242,531.2903386300885,526.5757495988956,528.1325,5816572,536.02
2025-05-23 00:00:00+00:00,521.6394037396694,526.9401381675996,521.3241125601053,524.5657,6455875,532.4
2025-05-27 00:00:00+00:00,530.7927828910074,535.5221513159347,529.2754438546765,535.3448,6118091,543.34
2025-05-28 00:00:00+00:00,535.7881619576484,536.8818283725751,531.6696704131497,532.2904,4910507,540.24
2025-05-29 00:00:00+00:00,537.1281567524708,537.2562438117716,530.8124794438706,534.3398,4668939,542.32
2025-05-30 00:00:00+00:00,533.3840331512109,535.394014545186,528.2704040165387,533.788,6171491,541.76
2025-06-02 00:00:00+00:00,532.3002714668478,536.8917,529.8863229891175,536.8917,5933526,544.91
2025-06-03 00:00:00+00:00,536.5172609233576,540.7933979817518,536.0837355072993,539.9362,4993615,548.0
2025-06-04 00:00:00+00:00,540.6751134392405,541.561869889528,539.386951902456,539.5913,4543355,547.65
2025-06-05 00:00:00+00:00,541.3944011447651,542.5274788933937,535.3422880395897,537.069,6387510,545.09
2025-06-06 00:00:00+00:00,542.2023973595321,544.1926732866016,540.625842651164,542.5571,4735972,550.66
2025-06-09 00:00:00+00:00,543.1876642539683,544.5670633650794,542.1038506666667,543.1384,4516381,551.25
2025-06-10 00:00:00+00:00,543.6606059200202,546.5770497808402,542.6359094283807,546.2322,5984087,554.39
2025-06-11 00:00:00+00:00,547.237176910972,548.04018423742,542.8033941269036,544.7247,20800561,552.86
2025-06-12 00:00:00+00:00,543.4831953148932,546.8331642490315,543.022279000955,546.7839,8422943,554.95
2025-06-13 00:00:00+00:00,542.1432690854092,545.104050787215,539.3549122747235,540.6949,7100626,548.77
2025-06-16 00:00:00+00:00,543.8182427960367,547.513061817099,543.7492728409768,545.9169,7421327,554.07
2025-06-17 00:00:00+00:00,543.6703953344862,545.0202357477018,540.5618212441976,541.2663,4753344,549.35
2025-06-18 00:00:00+00:00,542.0643621440536,544.5768387389849,540.3204078016896,541.1579,4602329,549.24
2025-06-20 00:00:00+00:00,543.6014399985394,544.5867249981742,538.5764865004016,539.6603,9978477,547.72
2025-06-23 00:00:00+00:00,540.5864605645511,545.5522968953304,537.7192812545179,545.2173,9820188,553.36
2025-06-24 00:00:00+00:00,548.9811556592306,552.1833322554696,548.1830747229372,551.2079,6770036,559.44
2025-06-25 00:00:00+00:00,552.2719279711284,552.7645704530837,550.1240067498035,551.4837,16472311,559.72
2025-06-26 00:00:00+00:00,553.2572006026766,556.2426139767791,552.7054410351857,555.8485,6081444,564.15
2025-06-27 00:00:00+00:00,556.7943756997971,559.9669932251521,554.9223343028486,558.6073,6056524,566.95
2025-06-30 00:00:00+00:00,560.8752869566748,562.5060256764607,558.7750931508899,561.3991,5750571,568.03
2025-07-01 00:00:00+00:00,559.9462250136498,562.1600762280501,559.1950969230498,561.1421,7412742,567.77
2025-07-02 00:00:00+00:00,560.7467867207912,563.6821163232743,560.193323900121,563.6327,6164018,570.29
2025-07-03 00:00:00+00:00,565.5005878064044,568.9498468707624,565.4511714874308,568.5051,4836962,575.22
2025-07-07 00:00:00+00:00,566.3111004013248,566.894213052698,561.3497012320148,563.949,6417829,570.61
2025-07-08 00:00:00+00:00,564.482660347579,565.1547223436157,562.8321551514301,563.5734,6944624,570.23
2025-07-09 00:00:00+00:00,565.7773246526386,567.5563121528564,564.0971697913217,566.9139,7156477,573.61
2025-07-10 00:00:00+00:00,567.0819271219733,569.5329766170106,566.0145345999409,568.5743,4961691,575.29
2025-07-11 00:00:00+00:00,565.7674886169359,567.6707089031262,564.7000960277031,566.5285,4428852,573.22
2025-07-14 00:00:00+00:00,566.1628103160094,567.9704594040219,564.9076357168974,567.6453,4747041,574.35
2025-07-15 00:00:00+00:00,570.1161493022768,570.4225305214562,565.1745167348652,565.1844,5398956,571.86
2025-07-16 00:00:00+00:00,566.706369017325,567.556329738209,561.5374218426465,567.0424,6141184,573.74
2025-07-17 00:00:00+00:00,567.3191882012544,570.9068134637375,567.1017563671645,570.4423,6495346,577.18
2025-07-18 00:00:00+00:00,571.7172060094988,571.7468558032309,569.1179074256396,570.1853,4262378,576.92
2025-07-21 00:00:00+00:00,571.232949794965,573.7531823669867,570.8475024604204,571.2033,5913837,577.95
2025-07-22 00:00:00+00:00,571.5294477446145,572.0829105839605,568.9202657876979,571.2033,4767703,577.95
2025-07-23 00:00:00+00:00,573.7927322513126,576.1548326527812,572.1125771540336,576.056,4257345,582.86
2025-07-24 00:00:00+00:00,576.5303661180263,577.9239064482392,575.9176037033227,576.4513,3840901,583.26
2025-07-25 00:00:00+00:00,576.9948621913315,579.1988301649645,576.777430373305,578.7442,4210090,585.58
2025-07-28 00:00:00+00:00,579.1987958321945,579.6534259702104,577.4198083356108,578.6058,4193101,585.44
2025-07-29 00:00:00+00:00,579.9697468009317,580.2267116865324,576.3129388135361,577.1036,5053447,583.92
2025-07-30 00:00:00+00:00,577.8349734298108,579.3075799197544,573.7729515011744,576.4019,6974729,583.21
2025-07-31 00:00:00+00:00,580.96790272624,581.2954340923892,573.0711748580084,574.2374,7046843,581.02
2025-08-01 00:00:00+00:00,569.0091368326187,569.0190200962463,562.6443150564353,564.7791,8781254,571.45
2025-08-04 00:00:00+00:00,568.4557176009239,573.4368828506913,568.3667682214639,573.3677,6640089,580.14
2025-08-05 00:00:00+00:00,574.0101431315494,574.7118549406773,569.671389832857,570.6103,4647381,577.35
2025-08-06 00:00:00+00:00,571.4997733133897,575.4728456674231,570.6695790901589,574.8502,4545015,581.64
2025-08-07 00:00:00+00:00,578.0425088011148,578.6849210136077,571.5617555688382,574.5043,4594260,581.29
2025-08-08 00:00:00+00:00,576.125102842558,579.3272803479358,575.798955133677,578.9023,4342341,585.74
2025-08-11 00:00:00+00:00,579.188906300681,580.5033803811546,576.6291409860746,577.7163,5373949,584.54
2025-08-12 00:00:00+00:00,579.9005444073937,584.0613987609602,578.6008951259352,583.8835,5874245,590.78
2025-08-13 00:00:00+00:00,585.9391665272249,587.0955083698805,583.9130974866742,585.9194,5392973,592.84
2025-08-14 00:00:00+00:00,584.021830068314,586.5815954170532,583.6067329847348,585.9293,6236666,592.85
2025-08-15 00:00:00+00:00,586.9275676555606,587.0165170394037,583.7649228966985,584.6643,7196315,591.57
2025-08-18 00:00:00+00:00,584.0811359679383,585.1089954241071,583.458490335836,584.4567,5311743,591.36
2025-08-19 00:00:00+00:00,584.3479783381225,585.2078222977914,580.0882915953956,581.2644,6739284,588.13
2025-08-20 00:00:00+00:00,580.9481414726038,581.1359234886971,575.0577161256776,579.7325,7113572,586.58
2025-08-21 00:00:00+00:00,578.101795462714,579.6139349444605,575.8484111369743,577.4495,4807277,584.27
2025-08-22 00:00:00+00:00,579.4261148278013,587.3821422969944,579.0011344785153,586.2851,6389278,593.21
2025-08-25 00:00:00+00:00,585.1386406297612,586.3047669401726,583.6561510411375,583.8044,6483035,590.7
2025-08-26 00:00:00+00:00,583.4881850436718,586.5025807962095,582.9100140550703,586.1369,4776577,593.06
2025-08-27 00:00:00+00:00,585.6031797718784,588.1925950338145,585.5241136570103,587.481,6171422,594.42
2025-08-28 00:00:00+00:00,588.1234266328037,590.1000795530746,586.3444390045598,589.5565,5058689,596.52
2025-08-29 00:00:00+00:00,588.2913849463816,588.5977661192419,584.3430211219397,586.1566,7512032,593.08
2025-09-02 00:00:00+00:00,579.218634747159,581.9266493859454,576.8565343870496,581.8377,11116700,588.71
2025-09-03 00:00:00+00:00,583.9131229720138,585.3165464662341,581.9068203711214,584.8125,8205922,591.72
2025-09-04 00:00:00+00:00,585.5537948658208,589.8035987679981,584.6939508204965,589.6257,8045575,596.59
2025-09-05 00:00:00+00:00,591.9185894463492,592.6005346914078,584.5456741881807,588.0147,6641512,594.96
2025-09-08 00:00:00+00:00,589.3489179832355,590.4360770276613,588.0838601860855,589.5367,9472235,596.5
2025-09-09 00:00:00+00:00,589.6454425587423,591.3848971084539,588.0641202408227,590.9698,7844787,597.95
2025-09-10 00:00:00+00:00,593.905124786553,594.7254357323908,591.1773438100321,592.6796,21641070,599.68
2025-09-11 00:00:00+00:00,594.4091550606215,598.1647954331178,593.8754587971616,597.5125,9109717,604.57
2025-09-12 00:00:00+00:00,597.5322489577129,598.9060226325194,596.899720071471,597.384,8130498,604.44
2025-09-15 00:00:00+00:00,599.3903743165622,600.6751987705525,599.1235261607334,600.4973,7710693,607.59
2025-09-16 00:00:00+00:00,601.0606072216087,601.3175720957827,598.9860111932298,599.7066,6393185,606.79
2025-09-17 00:00:00+00:00,599.7560448646241,601.2286513290105,594.527797752809,599.0148,11613630,606.09
2025-09-18 00:00:00+00:00,601.4460526899201,604.1738336535618,599.983329564489,601.8315,11057540,608.94
2025-09-19 00:00:00+00:00,603.4919412337769,605.5180106051195,601.742603288764,604.6384,6065655,611.78
2025-09-22 00:00:00+00:00,603.3930956340686,608.0382301906436,603.3832123690546,607.5836,11583810,614.76
2025-09-23 00:00:00+00:00,607.5292534355889,608.0777746541519,603.2161965026,604.4012,10753000,611.54
2025-09-24 00:00:00+00:00,605.4784619360131,605.5871778506972,601.0902922887614,602.385,23787301,609.5
2025-09-25 00:00:00+00:00,599.5385497914572,600.8332573517532,596.3067225226265,599.5089,6965655,606.59
2025-09-26 00:00:00+00:00,600.9321645453651,603.5709963124426,599.4842662162384,603.0373,6438634,610.16
2025-09-29 00:00:00+00:00,605.38626089358,606.268386947044,603.0966977660498,604.7321,5658835,610.13
2025-09-30 00:00:00+00:00,604.0382990071524,607.4379533818872,602.8885616675921,606.9622,6515666,612.38
2025-10-01 00:00:00+00:00,604.3059848837398,609.9456454610539,604.1771349935727,609.1329,10019980,614.57
2025-10-02 00:00:00+00:00,610.9565373230394,611.0259180235676,607.5965291117432,609.8068,7139472,615.25
2025-10-03 00:00:00+00:00,610.5006494067935,612.9487971526084,608.8533532312694,609.8564,7210689,615.3
2025-10-06 00:00:00+00:00,611.9972691739554,612.8100145513444,610.0347864334307,611.9378,6056437,617.4
2025-10-07 00:00:00+00:00,612.8298741710012,613.2652876656208,608.3895089174252,609.7573,7466277,615.2
2025-10-08 00:00:00+00:00,610.7633042576402,613.424549881216,610.0191466359714,613.2957,5035243,618.77
2025-10-09 00:00:00+00:00,613.7516558337385,614.1084709042294,609.8366015880732,611.6405,5898496,617.1
2025-10-10 00:00:00+00:00,612.5225518775708,614.1183079715576,594.9196772010458,595.1972,13664160,600.51
2025-10-13 00:00:00+00:00,601.996517575171,605.6213618448515,601.2085510449303,604.2167,6968434,609.61
2025-10-14 00:00:00+00:00,598.854554513347,606.72430817577,595.1972004813141,603.3643,7493479,608.75
2025-10-15 00:00:00+00:00,607.6460907086666,610.7533549596847,600.460232392915,606.0206,6504851,611.43
2025-10-16 00:00:00+00:00,607.6857949653436,609.3608434778314,598.7951528606003,602.0164,7594824,607.39
2025-10-17 00:00:00+00:00,600.9757037854476,606.6054527670443,599.7466740781977,605.3566,6910972,610.76
2025-10-20 00:00:00+00:00,608.0822800022684,612.5424685240695,608.0822800022684,611.7099,4086209,617.17
2025-10-21 00:00:00+00:00,611.8684767181448,613.2660024372457,610.5314113315723,611.6306,4216197,617.09
2025-10-22 00:00:00+00:00,612.3640505334137,612.3640505334137,604.4348266299656,608.5382,6961589,613.97
2025-10-23 00:00:00+00:00,608.8157219729852,613.0023521880669,608.5580221964887,611.9775,5851842,617.44
2025-10-24 00:00:00+00:00,616.4178736101518,618.2712306044012,615.7111815213235,617.0423,5694867,622.55
2025-10-27 00:00:00+00:00,622.1862945428571,624.7137343285714,621.6114258857142,624.4263,7804316,630.0
2025-10-28 00:00:00+00:00,626.1212230587788,627.7863599962006,624.0695364751698,626.1014,5625627,631.69
2025-10-29 00:00:00+00:00,627.6079527035367,628.5198134077062,622.3151960075955,626.3591,6104537,631.95
2025-10-30 00:00:00+00:00,623.246916200179,625.0508146551723,619.5697385803851,619.7085,6243275,625.24
2025-10-31 00:00:00+00:00,624.2677280556264,624.3668433433274,618.974971692396,621.4925,7058629,627.04
2025-11-03 00:00:00+00:00,624.84257862384,624.9615169656358,619.6291146417941,622.7116,5568052,628.27
2025-11-04 00:00:00+00:00,616.1502609784376,619.6391195301051,614.7130891318701,615.4961,8390532,620.99
2025-11-05 00:00:00+00:00,615.0995828998491,620.4617201297242,614.346306690107,617.3495,10323060,622.86
2025-11-06 00:00:00+00:00,616.4574949305465,617.2801518872517,609.3806627969623,610.7881,7099355,616.24
2025-11-07 00:00:00+00:00,608.65707193665,611.5611498743699,602.5416586684822,611.4323,7571254,616.89
2025-11-10 00:00:00+00:00,617.1810417801331,621.6610531964818,615.169001254649,620.9276,8424969,626.47
2025-11-11 00:00:00+00:00,619.629129601376,622.9296686658917,618.5487729706488,622.3548,5639205,627.91
2025-11-12 00:00:00+00:00,624.0794487042756,624.1983870570818,620.560855767088,622.6621,6090220,628.22
2025-11-13 00:00:00+00:00,620.134654512209,620.481558038156,611.0556936617097,612.5226,13065770,617.99
2025-11-14 00:00:00+00:00,606.3377903306734,615.7239092365214,604.4347767508862,612.364,9681664,617.83
2025-11-17 00:00:00+00:00,610.2924656035553,613.9681560064702,603.4237762433827,606.6252,8902509,612.04
2025-11-18 00:00:00+00:00,603.3345829588139,606.0998995024712,597.6651884678748,601.6298,8542623,607.0
2025-11-19 00:00:00+00:00,602.1452629809586,608.1416394401838,600.3116299540379,603.8104,7449382,609.2
2025-11-20 00:00:00+00:00,613.2461285952396,615.6336177253149,594.0574082538835,594.6521,13984990,599.96
2025-11-21 00:00:00+00:00,596.9218571864737,605.6043569273679,593.0860953146404,600.5693,9821397,605.93
2025-11-24 00:00:00+00:00,603.889674257651,610.6394259017139,602.9233001235891,609.4996,6242684,614.94
2025-11-25 00:00:00+00:00,609.34102055876,616.2493567331551,605.5845508168724,615.169,7389540,620.66
2025-11-26 00:00:00+00:00,617.5477210336826,621.2645443795503,616.7547987198975,619.421,5323215,624.95
2025-11-28 00:00:00+00:00,620.486500310307,623.0684536401394,620.1693313791952,622.8504,2950410,628.41
2025-12-01 00:00:00+00:00,618.6479435030055,622.4539708722343,618.578562795754,619.986,8382520,625.52
2025-12-02 00:00:00+00:00,621.4627957579239,623.207224906636,619.093940266207,621.0366,5280591,626.58
2025-12-03 00:00:00+00:00,620.2337413426212,624.2082644146508,619.4209959762711,623.2072,6338404,628.77
2025-12-04 00:00:00+00:00,624.555156880661,624.6047145240743,620.937448911489,623.7325,5147737,629.3
2025-12-05 00:00:00+00:00,624.7236924724019,627.3799823277503,623.9109470688999,624.9021,5693102,630.48
2025-12-08 00:00:00+00:00,625.7742703679546,625.8832971826729,621.1564891882089,623.0486,6876706,628.61
2025-12-09 00:00:00+00:00,622.6224922400891,624.6345328323515,622.1070926795095,622.5432,12848980,628.1
2025-12-10 00:00:00+00:00,622.0772774867122,627.9003006137686,620.9275401543913,626.5672,22457430,632.16
2025-12-11 00:00:00+00:00,624.426322765934,628.2620844629247,621.7204753672816,628.1035,33921039,633.71
2025-12-12 00:00:00+00:00,627.2015365227239,627.8259628312089,618.9551446392394,621.324,8534727,626.87
2025-12-15 00:00:00+00:00,624.981403565723,624.981403565723,619.0443974007924,620.4221,11337200,625.96
2025-12-16 00:00:00+00:00,619.0245920123035,620.6798174845004,615.1590954005862,618.6876,15819620,624.21
2025-12-17 00:00:00+00:00,619.6589394622175,620.1049583089009,611.6989897784076,611.8883,21356910,617.35
2025-12-18 00:00:00+00:00,617.5377989903699,620.4022308001479,615.0797398594879,616.507,37062391,622.01
2025-12-19 00:00:00+00:00,618.4595726974313,622.5728571403531,618.3406343520938,622.0079,10487010,627.56
2025-12-22 00:00:00+00:00,625.1647222166644,626.4618372588252,624.0067612786432,625.9251,9850052,629.73
2025-12-23 00:00:00+00:00,625.1399367063399,629.0561311773911,625.1200575465882,628.8474,13798470,632.67
2025-12-24 00:00:00+00:00,628.8473488169129,631.4813372696053,628.718134289045,630.9446,3275186,634.78
2025-12-26 00:00:00+00:00,631.302387354294,632.2317379418437,630.0500004662591,631.0042,3852111,634.84
2025-12-29 00:00:00+00:00,628.4796126146063,629.9606099620612,627.1377693803352,628.7778,6579447,632.6
2025-12-30 00:00:00+00:00,628.3801998037105,629.3840973073513,627.5949730434369,627.9031,4180422,631.72
2025-12-31 00:00:00+00:00,628.1217373622694,628.3205289365841,623.151948004401,623.3408,5556821,627.13
2026-01-02 00:00:00+00:00,626.8246918876333,627.8434988190355,621.4324698360656,624.5038,11337020,628.3
2026-01-05 00:00:00+00:00,627.5651254909401,630.2090534484394,627.4160318091263,628.6386,16175620,632.46
2026-01-06 00:00:00+00:00,628.8175700476257,632.8331602458308,628.7082346709419,632.366,8672000,636.21
2026-01-07 00:00:00+00:00,632.7337386095212,634.3638296135106,630.0997500969771,630.3383,8820106,634.17
2026-01-08 00:00:00+00:00,629.6525043686718,631.2628157002492,628.4162194268682,630.229,9017437,634.06
2026-01-09 00:00:00+00:00,631.3123928733688,635.5764724851563,629.9705496388902,634.4533,7864139,638.31
2026-01-12 00:00:00+00:00,631.352174350111,636.2921455500984,631.3223556104732,635.4771,7929830,639.34
2026-01-13 00:00:00+00:00,635.8150306411923,636.2828866550162,631.9733831089447,634.175,8859978,638.03
2026-01-14 00:00:00+00:00,631.650276819857,632.2754763102025,627.1874060541153,631.1036,8683436,634.94
2026-01-15 00:00:00+00:00,634.9105095582922,635.7156154849047,631.8590587006378,632.7735,6936972,636.62
2026-01-16 00:00:00+00:00,634.1054013300005,634.6519787959722,630.8452193180209,632.2467,6733684,636.09
2026-01-20 00:00:00+00:00,622.9730882195298,625.9548626903795,618.46051910134,619.3849,14877630,623.15
2026-01-21 00:00:00+00:00,621.2435420742833,629.5729089466754,619.8818198051691,626.4817,10403840,630.29
2026-01-22 00:00:00+00:00,630.5967037849014,631.7795136733115,627.9328966412551,629.7419,6085520,633.57
2026-01-23 00:00:00+00:00,629.0560400485934,631.6308878424026,628.1515384109304,630.0003,5850367,633.83
2026-01-26 00:00:00+00:00,631.1930468505234,634.5327451914171,630.6861283523521,633.2406,9007380,637.09
2026-01-27 00:00:00+00:00,634.5626338252305,636.7253869265436,634.0159569532592,635.8349,4339560,639.7
2026-01-28 00:00:00+00:00,637.1767390165728,637.9321470528455,634.3638380393996,635.7355,5568673,639.6
2026-01-29 00:00:00+00:00,636.5604490341078,637.166763344666,626.0145558619394,634.4135,8697180,638.27
2026-01-30 00:00:00+00:00,632.4057187372292,634.5924261340417,628.1316997343686,632.3759,6562342,636.22
2026-02-02 00:00:00+00:00,630.3482314594798,637.0872661330667,630.2388960886695,635.815,9490299,639.68
2026-02-03 00:00:00+00:00,636.461059799732,637.1270115903178,625.3038824126784,630.3184,9702804,634.15
2026-02-04 00:00:00+00:00,631.0937108937883,632.0777292482287,623.2116244789273,627.098,11321980,630.91
2026-02-05 00:00:00+00:00,622.4562279698283,624.9510624297866,617.7448672765206,619.3352,11714650,623.1
2026-02-06 00:00:00+00:00,622.9332789119073,632.8728576538001,622.4164208173289,631.4018,12987910,635.24
2026-02-09 00:00:00+00:00,630.2389348134685,636.1231660404555,629.2847351550381,634.3738,8908503,638.23
2026-02-10 00:00:00+00:00,635.2782864747659,636.749344246119,632.2367751366979,632.5946,13645330,636.44
2026-02-11 00:00:00+00:00,636.6200856431209,637.2760978470967,630.0102657091223,632.5051,5344960,636.35
2026-02-12 00:00:00+00:00,634.6520742501875,635.6559717537391,621.9791107152548,622.7047,8951077,626.49
2026-02-13 00:00:00+00:00,623.1420583180462,627.3564400309464,619.3501087343873,623.1023,9312797,626.89
2026-02-17 00:00:00+00:00,621.7604032293508,626.1238782592079,617.7547530310992,624.1956,8718635,627.99
2026-02-18 00:00:00+00:00,625.3088259763923,629.9704883149806,624.2055327576646,627.3365,9509175,631.15
2026-02-19 00:00:00+00:00,625.1498044334663,627.2669347036679,623.0227345845313,625.7263,5212447,629.53
2026-02-20 00:00:00+00:00,623.6887152077222,630.7458164348129,623.2414341440334,630.1892,7482010,634.02
2026-02-23 00:00:00+00:00,628.7877103675733,630.7756261778436,621.9691591383458,623.8378,10868740,627.63
2026-02-24 00:00:00+00:00,623.3606732177598,629.2647829186503,621.6212469590799,628.3901,6930317,632.21
2026-02-25 00:00:00+00:00,630.9346761093595,634.145160227754,630.9048573714178,633.678,12135150,637.53
2026-02-26 00:00:00+00:00,633.7972441675211,633.9165191134947,625.6269103683255,630.1196,9497705,633.95
2026-02-27 00:00:00+00:00,624.4441178498987,627.8732726419879,623.1519725659231,627.2272,10471130,631.04
2026-03-02 00:00:00+00:00,620.4136680601317,629.5133534596375,619.8322026359143,627.4658,9211385,631.28
2026-03-03 00:00:00+00:00,617.0589670028127,623.996792729975,612.1587548488142,621.9393,18493391,625.72
2026-03-04 00:00:00+00:00,623.1320971912787,628.1416450918786,621.2932750452253,626.3724,13489830,630.18
2026-03-05 00:00:00+00:00,623.4998998292943,626.6905049377004,617.6454873406614,623.0228,12198780,626.81
2026-03-06 00:00:00+00:00,615.5929319227723,618.0629173681743,612.2780822405124,614.6934,9739164,618.43
2026-03-09 00:00:00+00:00,609.1570012407823,621.5417159153576,605.5191155498558,620.0309,13929160,623.8
2026-03-10 00:00:00+00:00,619.5538747751799,624.7029745840827,616.8801278664567,618.9575,15570370,622.72
2026-03-11 00:00:00+00:00,619.4345306818001,621.6510566821536,615.5580950758002,618.2716,6433253,622.03
2026-03-12 00:00:00+00:00,613.4906811820409,613.9777205420409,608.7196833697959,608.7992,15487610,612.5
2026-03-13 00:00:00+00:00,611.8208282716839,614.5979465648754,604.5748753878737,605.4098,25527500,609.09
2026-03-16 00:00:00+00:00,611.0058397568231,614.3455385165558,609.8329693590597,611.473,8303179,615.19
2026-03-17 00:00:00+00:00,614.6337577185559,616.5222777626481,612.5464460908752,613.1627,9941757,616.89
2026-03-18 00:00:00+00:00,610.9759742743023,612.1687237400967,604.4556105279595,604.7041,14276870,608.38
2026-03-19 00:00:00+00:00,600.4897696909765,606.0062364400494,598.8994369344869,603.084,10271880,606.75
2026-03-20 00:00:00+00:00,601.7719448372744,601.9409176840485,590.9775618021874,594.3272,17685660,597.94
2026-03-23 00:00:00+00:00,603.1933178035505,607.3331526396771,599.4162776169284,600.778,24014279,604.43
2026-03-24 00:00:00+00:00,597.0009735582191,602.2490716225639,595.6988886218003,598.7404,18363330,602.38
2026-03-25 00:00:00+00:00,603.7300869134498,605.7577612257703,599.7144966086584,602.0006,23288250,605.66
2026-03-26 00:00:00+00:00,597.6618812495797,600.2561112199959,591.0868501176628,591.3254,7712626,594.92
2026-03-27 00:00:00+00:00,588.9646813297653,589.1142457338411,580.3398006947303,581.2671,11707700,582.96
2026-03-30 00:00:00+00:00,586.6813364260755,586.9605233160622,576.7801727919028,579.243,11839220,580.93
2026-03-31 00:00:00+00:00,585.6444193456615,597.111024985357,584.7968876244666,595.8148,12447250,597.55
2026-04-01 00:00:00+00:00,599.3146007969451,603.5921432010628,598.5268948530634,600.551,11332490,602.3
2026-04-02 00:00:00+00:00,592.50443783479,603.0337730476459,591.3099166619679,601.239,12780050,602.99
2026-04-06 00:00:00+00:00,601.1691857017848,604.6789640035004,600.8600859081679,603.9112,6316803,605.67
2026-04-07 00:00:00+00:00,601.8272436769851,604.5493159378918,596.7619956603525,604.2801,6690016,606.04
2026-04-08 00:00:00+00:00,619.989378732256,620.6823605320758,615.5074316960117,619.5357,9805084,621.34
2026-04-09 00:00:00+00:00,618.538590285111,624.3516605068638,617.6013199577615,623.205,5498333,625.02
2026-04-10 00:00:00+00:00,624.5061907060518,625.1692595869356,621.9087554658981,622.7862,4609364,624.6
2026-04-13 00:00:00+00:00,620.9415447425165,629.067877283105,620.1737808092339,628.8884,5158413,630.72
2026-04-14 00:00:00+00:00,630.3890863436986,636.6658063382157,630.3841008631629,636.4963,5042883,638.35
2026-04-15 00:00:00+00:00,637.3338705182998,641.920512681638,636.3766582407335,641.5815,5165559,643.45
2026-04-16 00:00:00+00:00,642.6384163601401,644.1938862978011,640.2852695313711,642.9874,5882420,644.86
2026-04-17 00:00:00+00:00,647.2948539967524,652.9783018352279,646.9757832409082,650.8844,7815337,652.78
2026-04-20 00:00:00+00:00,649.7277676888604,650.7049218773982,647.2848822175155,649.648,6384084,651.54
2026-04-21 00:00:00+00:00,651.0438763630747,651.9612047029742,644.0646030500734,645.3704,8514914,647.25
2026-04-22 00:00:00+00:00,650.0866756048325,652.2902578513534,649.1992601299893,652.0011,4537150,653.9
2026-04-23 00:00:00+00:00,650.3359832079354,652.9982297699843,643.7850618923318,649.3688,6519543,651.26
2026-04-24 00:00:00+00:00,651.5025698790408,654.9126384266171,649.9273575131166,654.5138,4793767,656.42
2026-04-27 00:00:00+00:00,653.7660140973384,655.9895384486691,652.9384243163498,655.5907,5319222,657.5
2026-04-28 00:00:00+00:00,652.509664416287,653.4868186026962,650.1166337556934,652.3601,5527127,654.26
2026-04-29 00:00:00+00:00,651.7219004677183,652.8223953447817,649.3687538609685,652.3401,6301973,654.24
2026-04-30 00:00:00+00:00,655.0920961881982,659.8482442838111,651.2482909662721,658.6617,5948436,660.58
2026-05-01 00:00:00+00:00,661.1644447699692,664.4797892614562,660.4565065477268,660.5961,5426451,662.52
2026-05-04 00:00:00+00:00,660.0676697706477,661.9222685799551,655.481027554081,658.2031,5962434,660.12
2026-05-05 00:00:00+00:00,661.6529947993388,664.6143700586202,661.4037207876147,663.368,5052631,665.3
2026-05-06 00:00:00+00:00,667.5059297423888,673.3788252927401,667.2068009367681,672.7008,6441490,674.66
2026-05-07 00:00:00+00:00,673.8574751538943,674.7948451819966,668.971704344723,670.587,6260288,672.54
2026-05-08 00:00:00+00:00,673.7377952628165,676.5595770603504,673.408753569111,676.071,4348127,678.04
2026-05-11 00:00:00+00:00,675.1137856663528,679.0822278991052,675.1137856663528,677.5467,5693446,679.52
2026-05-12 00:00:00+00:00,675.5026846980123,677.287486690144,670.8462459811101,676.6992,6073441,678.67
2026-05-13 00:00:00+00:00,676.9284929441245,681.9239440409725,674.2363336703743,680.4283,4917990,682.41
2026-05-14 00:00:00+00:00,681.7544865659488,687.0989216553007,681.674718878048,685.7329,5369982,687.73
2026-05-15 00:00:00+00:00,680.0594499587895,681.5351522430236,676.470900958142,677.467,6448537,679.44
2026-05-18 00:00:00+00:00,678.204812022212,679.6306594173012,672.2920322649541,676.9385,7585446,678.91
2026-05-19 00:00:00+00:00,673.5982832772497,676.1807623371232,670.5970238292888,672.6311,5664173,674.59
2026-05-20 00:00:00+00:00,674.3560453893217,680.0195513300174,672.7807332351481,679.5908,5506830,681.57
2026-05-21 00:00:00+00:00,677.1080186690879,682.8363357558139,675.6522583650634,680.8571,7335368,682.84
2026-05-22 00:00:00+00:00,684.1076028298447,686.580401044417,682.4922075123333,683.5592,4319794,685.55
2026-05-26 00:00:00+00:00,687.647345393545,689.502442741627,686.0819044709498,688.0063,6633811,690.01
2026-05-27 00:00:00+00:00,688.3552384254159,688.7740187721026,685.9223240303785,687.9564,7386546,689.96
2026-05-28 00:00:00+00:00,687.756951512444,692.2737964880172,686.849594133245,691.8949,8477086,693.91
2026-05-29 00:00:00+00:00,692.9818228874607,694.9760151835396,691.8750461631367,693.4704,5080413,695.49
2026-06-01 00:00:00+00:00,692.523114805679,697.029989109422,691.9248571547398,695.2751,10051190,697.3
2026-06-02 00:00:00+00:00,694.0386886517915,697.119715499957,693.7595017529287,696.2323,4750749,698.26
2026-06-03 00:00:00+00:00,695.0556972135687,695.6239422383032,690.837981027172,691.3465,5970449,693.36
2026-06-04 00:00:00+00:00,689.4819708976238,695.175389535385,688.8936842082579,694.0387,6630041,696.06
2026-06-05 00:00:00+00:00,689.7013884247788,690.1700236224189,674.2862817109144,676.0312,10846490,678.0
2026-06-08 00:00:00+00:00,681.4852943458687,683.3000093087924,676.7291457891951,677.7063,8867185,679.68
2026-06-09 00:00:00+00:00,681.7245473218238,684.7656903054449,662.3909544240814,675.732,16197170,677.7
2026-06-10 00:00:00+00:00,672.3568025837644,676.9035604340005,664.943393676636,665.1129,16472689,667.05
2026-06-11 00:00:00+00:00,668.1541085619923,678.4042566533477,664.0660144788641,676.2605,19974199,678.23
2026-06-12 00:00:00+00:00,679.0972408937605,682.4511731173693,673.8475298145024,679.9697,6327977,681.95
2026-06-15 00:00:00+00:00,689.2925468198262,693.7296245477999,689.2526629750803,691.8152,14068860,693.83
2026-06-16 00:00:00+00:00,691.8151518811163,692.5530029575933,687.4379002247191,687.747,13324140,689.75
2026-06-17 00:00:00+00:00,688.7540478008835,689.5218117374268,677.6663400419718,679.4312,15029580,681.41
2026-06-18 00:00:00+00:00,687.2983443635464,687.6971828050748,683.7087983897924,686.1118,17747859,688.11
2026-06-22 00:00:00+00:00,687.168684873925,689.4919186707477,683.0107943448477,684.1076,13367190,686.1
2026-06-23 00:00:00+00:00,674.3909564420262,679.749151652719,673.0598331016944,674.376,17581730,676.34
2026-06-24 00:00:00+00:00,675.7121213455873,680.0893734597227,671.7237367313412,673.7279,9676956,675.69
2026-06-25 00:00:00+00:00,679.1620317769457,679.5608702135531,670.626889233547,673.7478,26289471,675.71
2026-06-26 00:00:00+00:00,669.96,676.96,668.1,670.26,6007600,670.26
2026-06-29 00:00:00+00:00,677.01,681.57,672.93,681.01,5703800,681.01
2026-06-30 00:00:00+00:00,681.32,687.53,680.99,686.81,9892400,686.81
2026-07-01 00:00:00+00:00,684.73,688.83,682.3,685.46,8659300,685.46
2026-07-02 00:00:00+00:00,686.98,690.5,680.22,684.84,6994700,684.84
2026-07-06 00:00:00+00:00,688.11,691.58,687.0,690.62,5610000,690.62
2026-07-07 00:00:00+00:00,689.58,690.24,684.99,687.08,4847400,687.08
2026-07-08 00:00:00+00:00,683.1,685.84,679.73,685.26,4839800,685.26
2026-07-09 00:00:00+00:00,686.95,691.19,685.29,690.69,6423900,690.69
2026-07-10 00:00:00+00:00,691.25,694.33,687.63,693.86,5326400,693.86
2026-07-13 00:00:00+00:00,691.6,692.96,687.54,688.5,6637600,688.5
2026-07-14 00:00:00+00:00,690.21,692.4,688.2,691.1,4610200,691.1
2026-07-15 00:00:00+00:00,693.27,694.5,689.58,693.8,4132800,693.8
2026-07-16 00:00:00+00:00,691.98,693.55,687.43,690.14,4764000,690.14
2026-07-17 00:00:00+00:00,682.12,686.87,680.92,683.17,5679300,683.17
2026-07-20 00:00:00+00:00,686.67,688.2,681.57,682.21,5360300,682.21
2026-07-21 00:00:00+00:00,685.95,688.49,684.03,687.87,4075500,687.87
2026-07-22 00:00:00+00:00,686.29,689.4,686.02,687.03,3418300,687.03
2026-07-23 00:00:00+00:00,679.55,682.55,675.76,678.61,4983100,678.61
2026-07-24 00:00:00+00:00,678.8,683.55,677.7,679.14,6311600,679.14
2026-07-27 00:00:00+00:00,684.69,685.24,676.4,679.31,5232200,679.31
2026-07-28 00:00:00+00:00,679.45,682.76,676.48,680.96,5090000,680.96
2026-07-29 00:00:00+00:00,680.12,682.63,670.16,670.63,7970700,670.63
2026-07-30 00:00:00+00:00,676.54,682.44,675.21,681.79,6094800,681.79
2026-07-31 00:00:00+00:00,684.5,688.35,678.06,686.65,7715400,686.65
2026-08-03 00:00:00+00:00,688.83,697.31,688.61,696.4,7283200,696.4
2026-08-04 00:00:00+00:00,699.16,710.91,699.07,708.98,6566400,708.98
2026-08-05 00:00:00+00:00,713.14,714.16,707.32,707.6,5225700,707.6
2026-08-06 00:00:00+00:00,707.93,709.46,705.43,706.4,4668700,706.4
2026-08-07 00:00:00+00:00,708.73,711.37,707.44,710.71,4653100,710.71
2026-08-10 00:00:00+00:00,710.31,712.44,709.5,710.65,6689300,710.65
2026-08-11 00:00:00+00:00,711.96,712.0,707.0,708.42,5169300,708.42
2026-08-12 00:00:00+00:00,712.12,712.26,708.93,710.17,4919100,710.17
2026-08-13 00:00:00+00:00,712.3,716.39,711.61,714.95,4590000,714.95
2026-08-14 00:00:00+00:00,715.63,715.89,712.8,713.61,4236400,713.61
2026-08-17 00:00:00+00:00,713.5,714.05,710.1,710.27,5745000,710.27
2026-08-18 00:00:00+00:00,706.61,707.35,704.96,705.4,5278600,705.4
2026-08-19 00:00:00+00:00,708.19,710.1,706.1,706.91,7021800,706.91
2026-08-20 00:00:00+00:00,704.05,706.08,700.47,701.01,8458600,701.01
2026-08-21 00:00:00+00:00,704.07,705.8,702.44,703.71,10712800,703.71
2026-08-24 00:00:00+00:00,702.97,703.3899,700.53,701.83,7737474,701.83
2026-08-25 00:00:00+00:00,704.285,704.8353,701.45,704.02,4324492,704.02
2026-08-26 00:00:00+00:00,702.9,705.32,702.23,704.2,7157800,704.2
2026-08-27 00:00:00+00:00,706.39,709.96,705.21,708.75,6745700,708.75
2026-08-28 00:00:00+00:00,709.39,712.67,706.26,707.24,8084500,707.24
2026-08-31 00:00:00+00:00,705.36,705.94,702.96,704.89,5733400,704.89
2026-09-01 00:00:00+00:00,700.45,702.91,698.14,700.28,6486900,700.28
2026-09-02 00:00:00+00:00,700.85,704.53,700.18,703.41,7742300,703.41
2026-09-03 00:00:00+00:00,705.82,711.52,705.51,710.72,8585400,710.72
2026-09-04 00:00:00+00:00,709.72,710.45,706.9,708.01,6806600,708.01
2026-09-08 00:00:00+00:00,706.98,707.51,703.37,704.07,7827600,704.07
2026-09-09 00:00:00+00:00,702.35,702.71,699.49,700.87,4293300,700.87
2026-09-10 00:00:00+00:00,696.78,698.64,695.54,696.65,18313400,696.65
2026-09-11 00:00:00+00:00,703.0,704.5,701.93,702.56,5792000,702.56
2026-09-14 00:00:00+00:00,697.78,701.85,696.72,699.3,6801300,699.3
2026-09-15 00:00:00+00:00,698.77,698.94,695.09,696.2,9657900,696.2
2026-09-16 00:00:00+00:00,698.17,700.1,689.04,693.24,14168400,693.24
2026-09-17 00:00:00+00:00,701.6,701.88,698.61,701.03,9903400,701.03
2026-09-18 00:00:00+00:00,701.58,702.19,698.5,701.78,9586400,701.78
